$MeshFormat
2.2 0 8
$EndMeshFormat
$PhysicalNames
3
1 101 "spodek"
1 102 "horejsek"
2 1 "material"
$EndPhysicalNames
$Nodes
5138
1 0 0 0
2 -0.1 0 0
3 -10.1 1.7 0
4 -10.1 -4 0
5 -2 -4 0
6 -0.68 -4 0
7 7 -4 0
8 7 0 0
9 -0.34 -2 0
10 -0.04999999999986842 0 0
11 -0.149261083743803 0.008374384236446507 0
12 -0.1985221674876073 0.01674876847289325 0
13 -0.2477832512314137 0.02512315270934033 0
14 -0.29704433497522 0.0334975369457874 0
15 -0.3463054187190231 0.04187192118223393 0
16 -0.3955665024628162 0.05024630541867875 0
17 -0.4448275862066003 0.05862068965512206 0
18 -0.4940886699503799 0.06699507389156459 0
19 -0.5433497536941594 0.07536945812800709 0
20 -0.5926108374379452 0.08374384236445069 0
21 -0.6418719211817376 0.0921182266008954 0
22 -0.6911330049255423 0.1004926108373422 0
23 -0.7403940886693484 0.1088669950737892 0
24 -0.789655172413155 0.1172413793102363 0
25 -0.8389162561569619 0.1256157635466835 0
26 -0.8881773399007687 0.1339901477831307 0
27 -0.9374384236445759 0.1423645320195779 0
28 -0.9866995073883831 0.1507389162560251 0
29 -1.03596059113219 0.1591133004924724 0
30 -1.085221674875997 0.1674876847289195 0
31 -1.134482758619803 0.1758620689653665 0
32 -1.183743842363609 0.1842364532018136 0
33 -1.233004926107416 0.1926108374382607 0
34 -1.282266009851217 0.2009852216747068 0
35 -1.331527093594997 0.2093596059111494 0
36 -1.380788177338743 0.2177339901475863 0
37 -1.430049261082468 0.2261083743840195 0
38 -1.479310344826166 0.2344827586204482 0
39 -1.528571428569865 0.242857142856877 0
40 -1.577832512313563 0.2512315270933058 0
41 -1.627093596057262 0.2596059113297345 0
42 -1.67635467980096 0.2679802955661633 0
43 -1.725615763544659 0.276354679802592 0
44 -1.774876847288358 0.2847290640390208 0
45 -1.824137931032057 0.2931034482754497 0
46 -1.873399014775755 0.3014778325118784 0
47 -1.922660098519454 0.3098522167483072 0
48 -1.971921182263153 0.3182266009847359 0
49 -2.021182266006851 0.3266009852211647 0
50 -2.07044334975055 0.3349753694575935 0
51 -2.119704433494249 0.3433497536940223 0
52 -2.168965517237947 0.351724137930451 0
53 -2.218226600981646 0.3600985221668798 0
54 -2.267487684725345 0.3684729064033086 0
55 -2.316748768469043 0.3768472906397373 0
56 -2.366009852212742 0.3852216748761662 0
57 -2.415270935956441 0.3935960591125949 0
58 -2.46453201970014 0.4019704433490237 0
59 -2.513793103443838 0.4103448275854525 0
60 -2.563054187187538 0.4187192118218814 0
61 -2.612315270931238 0.4270935960583104 0
62 -2.661576354674938 0.4354679802947394 0
63 -2.710837438418637 0.4438423645311682 0
64 -2.760098522162335 0.452216748767597 0
65 -2.809359605906034 0.4605911330040257 0
66 -2.858620689649733 0.4689655172404545 0
67 -2.907881773393431 0.4773399014768833 0
68 -2.95714285713713 0.485714285713312 0
69 -3.006403940880829 0.4940886699497409 0
70 -3.055665024624529 0.5024630541861699 0
71 -3.104926108368228 0.5108374384225987 0
72 -3.154187192111926 0.5192118226590274 0
73 -3.203448275855623 0.5275862068954558 0
74 -3.25270935959932 0.5359605911318844 0
75 -3.301970443343019 0.5443349753683131 0
76 -3.351231527086719 0.5527093596047422 0
77 -3.40049261083042 0.5610837438411714 0
78 -3.449753694574122 0.5694581280776007 0
79 -3.49901477831782 0.5778325123140293 0
80 -3.548275862061519 0.5862068965504582 0
81 -3.597536945805215 0.5945812807868865 0
82 -3.646798029548914 0.6029556650233152 0
83 -3.696059113292612 0.611330049259744 0
84 -3.745320197036313 0.6197044334961731 0
85 -3.794581280780014 0.6280788177326023 0
86 -3.843842364523715 0.6364532019690314 0
87 -3.893103448267413 0.6448275862054602 0
88 -3.942364532011111 0.6532019704418889 0
89 -3.991625615754808 0.6615763546783173 0
90 -4.040886699498507 0.6699507389147461 0
91 -4.090147783242218 0.678325123151177 0
92 -4.139408866986025 0.6866995073876242 0
93 -4.188669950729887 0.6950738916240808 0
94 -4.237931034473798 0.7034482758605457 0
95 -4.287192118217707 0.7118226600970102 0
96 -4.336453201961616 0.7201970443334748 0
97 -4.385714285705525 0.7285714285699393 0
98 -4.434975369449435 0.736945812806404 0
99 -4.484236453193347 0.7453201970428691 0
100 -4.53349753693726 0.7536945812793342 0
101 -4.582758620681172 0.7620689655157994 0
102 -4.632019704425084 0.7704433497522644 0
103 -4.681280788168992 0.7788177339887288 0
104 -4.730541871912902 0.7871921182251933 0
105 -4.779802955656811 0.7955665024616578 0
106 -4.829064039400722 0.8039408866981227 0
107 -4.878325123144633 0.8123152709345877 0
108 -4.927586206888546 0.820689655171053 0
109 -4.976847290632458 0.8290640394075179 0
110 -5.026108374376369 0.8374384236439828 0
111 -5.075369458120281 0.8458128078804477 0
112 -5.124630541864194 0.8541871921169131 0
113 -5.17389162560811 0.8625615763533787 0
114 -5.22315270935203 0.8709359605898451 0
115 -5.27241379309595 0.8793103448263115 0
116 -5.32167487683987 0.887684729062778 0
117 -5.370935960583789 0.8960591132992441 0
118 -5.420197044327708 0.9044334975357103 0
119 -5.469458128071626 0.9128078817721763 0
120 -5.518719211815544 0.9211822660086424 0
121 -5.567980295559462 0.9295566502451086 0
122 -5.617241379303382 0.937931034481575 0
123 -5.666502463047303 0.9463054187180416 0
124 -5.715763546791223 0.954679802954508 0
125 -5.765024630535143 0.9630541871909742 0
126 -5.81428571427906 0.9714285714274402 0
127 -5.863546798022978 0.9798029556639063 0
128 -5.912807881766897 0.9881773399003725 0
129 -5.962068965510815 0.9965517241368385 0
130 -6.011330049254733 1.004926108373305 0
131 -6.060591132998651 1.013300492609771 0
132 -6.109852216742569 1.021674876846237 0
133 -6.159113300486488 1.030049261082703 0
134 -6.208374384230407 1.038423645319169 0
135 -6.25763546797433 1.046798029555636 0
136 -6.306896551718252 1.055172413792103 0
137 -6.356157635462175 1.06354679802857 0
138 -6.405418719206093 1.071921182265036 0
139 -6.45467980295001 1.080295566501502 0
140 -6.503940886693928 1.088669950737968 0
141 -6.553201970437847 1.097044334974434 0
142 -6.602463054181766 1.1054187192109 0
143 -6.651724137925689 1.113793103447367 0
144 -6.700985221669612 1.122167487683834 0
145 -6.750246305413533 1.130541871920301 0
146 -6.79950738915745 1.138916256156767 0
147 -6.848768472901369 1.147290640393233 0
148 -6.898029556645287 1.155665024629699 0
149 -6.947290640389206 1.164039408866165 0
150 -6.996551724133127 1.172413793102632 0
151 -7.045812807877049 1.180788177339098 0
152 -7.095073891620972 1.189162561575565 0
153 -7.144334975364893 1.197536945812032 0
154 -7.193596059108812 1.205911330048498 0
155 -7.24285714285273 1.214285714284964 0
156 -7.292118226596648 1.22266009852143 0
157 -7.341379310340566 1.231034482757896 0
158 -7.390640394084486 1.239408866994363 0
159 -7.439901477828409 1.24778325123083 0
160 -7.489162561572332 1.256157635467297 0
161 -7.538423645316253 1.264532019703763 0
162 -7.587684729060171 1.272906403940229 0
163 -7.63694581280409 1.281280788176695 0
164 -7.686206896548008 1.289655172413161 0
165 -7.735467980291927 1.298029556649628 0
166 -7.784729064035843 1.306403940886093 0
167 -7.833990147779762 1.31477832512256 0
168 -7.88325123152368 1.323152709359026 0
169 -7.932512315267599 1.331527093595492 0
170 -7.981773399011518 1.339901477831958 0
171 -8.031034482755434 1.348275862068424 0
172 -8.080295566499354 1.35665024630489 0
173 -8.129556650243272 1.365024630541356 0
174 -8.17881773398719 1.373399014777822 0
175 -8.228078817731108 1.381773399014288 0
176 -8.277339901475026 1.390147783250754 0
177 -8.326600985218944 1.39852216748722 0
178 -8.375862068962862 1.406896551723687 0
179 -8.42512315270678 1.415270935960153 0
180 -8.4743842364507 1.423645320196619 0
181 -8.523645320194618 1.432019704433085 0
182 -8.572906403938534 1.440394088669551 0
183 -8.622167487682454 1.448768472906017 0
184 -8.671428571426372 1.457142857142483 0
185 -8.72068965517029 1.465517241378949 0
186 -8.769950738914208 1.473891625615415 0
187 -8.819211822658128 1.482266009851882 0
188 -8.868472906402044 1.490640394088347 0
189 -8.917733990145962 1.499014778324814 0
190 -8.96699507388988 1.50738916256128 0
191 -9.0162561576338 1.515763546797746 0
192 -9.065517241377718 1.524137931034212 0
193 -9.114778325121636 1.532512315270678 0
194 -9.164039408865554 1.540886699507144 0
195 -9.213300492609472 1.54926108374361 0
196 -9.26256157635339 1.557635467980076 0
197 -9.311822660097308 1.566009852216542 0
198 -9.361083743841228 1.574384236453009 0
199 -9.410344827585144 1.582758620689474 0
200 -9.459605911329062 1.591133004925941 0
201 -9.50886699507298 1.599507389162407 0
202 -9.5581280788169 1.607881773398873 0
203 -9.607389162560818 1.616256157635339 0
204 -9.656650246304736 1.624630541871805 0
205 -9.705911330048655 1.633004926108271 0
206 -9.755172413792572 1.641379310344737 0
207 -9.804433497536492 1.649753694581203 0
208 -9.853694581280408 1.65812807881767 0
209 -9.902955665024328 1.666502463054136 0
210 -9.952216748768244 1.674876847290601 0
211 -10.00147783251216 1.683251231527068 0
212 -10.05073891625608 1.691625615763534 0
213 -10.1 1.64947572481818 0
214 -10.1 1.594920877232208 0
215 -10.1 1.536013900944235 0
216 -10.1 1.472407607746932 0
217 -10.1 1.403727114909119 0
218 -10.1 1.329567634382852 0
219 -10.1 1.249492071250817 0
220 -10.1 1.16302844950181 0
221 -10.1 1.069667194004062 0
222 -10.1 0.9688580190320097 0
223 -10.1 0.8600067800864551 0
224 -10.1 0.7424719172063461 0
225 -10.1 0.6155606643319582 0
226 -10.1 0.4785250772132137 0
227 -10.1 0.3305574679309029 0
228 -10.1 0.1707856960788876 0
229 -10.1 -0.001731892743868535 0
230 -10.1 -0.1880121015568235 0
231 -10.1 -0.3891528404806326 0
232 -10.1 -0.6063396128865512 0
233 -10.1 -0.8408524972089333 0
234 -10.1 -1.094073711007846 0
235 -10.1 -1.367495669022351 0
236 -10.1 -1.662729903144515 0
237 -10.1 -1.981516486913945 0
238 -10.1 -2.32573429346261 0
239 -10.1 -2.697412153095819 0
240 -10.1 -3.098740726585721 0
241 -10.1 -3.532085305143879 0
242 -9.62352941176646 -4 0
243 -9.147058823530839 -4 0
244 -8.670588235295913 -4 0
245 -8.194117647061679 -4 0
246 -7.717647058827732 -4 0
247 -7.241176470594285 -4 0
248 -6.764705882360664 -4 0
249 -6.288235294127216 -4 0
250 -5.811764705891595 -4 0
251 -5.335294117655189 -4 0
252 -4.85882352941826 -4 0
253 -4.382352941182202 -4 0
254 -3.90588235294595 -4 0
255 -3.429411764709912 -4 0
256 -2.952941176473322 -4 0
257 -2.476470588236671 -4 0
258 -1.588872343187244 -4 0
259 -1.292989627631552 -4 0
260 -1.080047100964828 -4 0
261 -0.9267953915934157 -4 0
262 -0.8165023391732698 -4 0
263 -0.7371260071245718 -4 0
264 -0.6294368152087333 -4 0
265 -0.5758775799793482 -4 0
266 -0.5191447596086982 -4 0
267 -0.4590503093101619 -4 0
268 -0.395395038136206 -4 0
269 -0.3279679601018929 -4 0
270 -0.2565455523212785 -4 0
271 -0.1808911273072041 -4 0
272 -0.1007538891322726 -4 0
273 -0.01586822601807947 -4 0
274 0.07404723852259354 -4 0
275 0.1692905179067716 -4 0
276 0.2701773163217138 -4 0
277 0.3770420395239503 -4 0
278 0.4902389094921239 -4 0
279 0.6101431001372678 -4 0
280 0.7371520621424154 -4 0
281 0.8716867797876101 -4 0
282 1.014193190484367 -4 0
283 1.165143624963334 -4 0
284 1.325038445536419 -4 0
285 1.494407620803753 -4 0
286 1.673812541905905 -4 0
287 1.863847885618894 -4 0
288 2.065143510315209 -4 0
289 2.278366679929305 -4 0
290 2.504224103532792 -4 0
291 2.743464416408909 -4 0
292 2.996880593916082 -4 0
293 3.26531266650428 -4 0
294 3.549650346157003 -4 0
295 3.850836086737655 -4 0
296 4.16986816870488 -4 0
297 4.507804064529075 -4 0
298 4.865763967984076 -4 0
299 5.24493427365792 -4 0
300 5.646571905645697 -4 0
301 6.072008016941783 -4 0
302 6.522652861740339 -4 0
303 7 -3.499999999998004 0
304 7 -3.000000000001386 0
305 7 -2.500000000004855 0
306 7 -2.000000000008237 0
307 7 -1.500000000006242 0
308 7 -1.000000000004162 0
309 7 -0.500000000002081 0
310 6.518103408888532 0 0
311 6.066064276791201 0 0
312 5.642032601224905 0 0
313 5.244273137310392 0 0
314 4.871158108446241 0 0
315 4.521160601891477 0 0
316 4.192848279373955 0 0
317 3.884877554058057 0 0
318 3.595988133884317 0 0
319 3.324997732890982 0 0
320 3.070797425391281 0 0
321 2.832346893026894 0 0
322 2.608670295498036 0 0
323 2.398852309550398 0 0
324 2.202034215574398 0 0
325 2.017410632333816 0 0
326 1.844225997842751 0 0
327 1.681771532434924 0 0
328 1.529382455218396 0 0
329 1.386435134880079 0 0
330 1.252344510058021 0 0
331 1.126561922774948 0 0
332 1.008572593658301 0 0
333 0.8978936608387924 0 0
334 0.7940721878358605 0 0
335 0.6966832990268808 0 0
336 0.6053284396205978 0 0
337 0.519633763866044 0 0
338 0.4392485612224304 0 0
339 0.3638438948162142 0 0
340 0.2931111336212409 0 0
341 0.2267608573265836 0 0
342 0.1645215159838713 0 0
343 0.1061384108314192 0 0
344 0.05137261731191156 0 0
345 -0.6717073170731716 -3.951219512195127 0
346 -0.6634146341463427 -3.902439024390251 0
347 -0.6551219512195137 -3.853658536585375 0
348 -0.6468292682926851 -3.8048780487805 0
349 -0.6385365853658563 -3.756097560975625 0
350 -0.6302439024390274 -3.707317073170749 0
351 -0.6219512195121984 -3.658536585365873 0
352 -0.61365853658537 -3.609756097561 0
353 -0.6053658536585416 -3.560975609756126 0
354 -0.597073170731712 -3.512195121951247 0
355 -0.5887804878048836 -3.463414634146374 0
356 -0.5804878048780562 -3.414634146341506 0
357 -0.5721951219512275 -3.365853658536632 0
358 -0.5639024390243985 -3.317073170731756 0
359 -0.5556097560975696 -3.26829268292688 0
360 -0.5473170731707411 -3.219512195122006 0
361 -0.5390243902439127 -3.170731707317133 0
362 -0.5307317073170832 -3.121951219512254 0
363 -0.5224390243902548 -3.073170731707381 0
364 -0.5141463414634262 -3.024390243902507 0
365 -0.5058536585365965 -2.975609756097627 0
366 -0.4975609756097669 -2.926829268292746 0
367 -0.4892682926829373 -2.878048780487866 0
368 -0.4809756097561064 -2.829268292682979 0
369 -0.4726829268292768 -2.780487804878098 0
370 -0.4643902439024471 -2.731707317073218 0
371 -0.4560975609756175 -2.682926829268338 0
372 -0.4478048780487878 -2.634146341463458 0
373 -0.4395121951219582 -2.585365853658578 0
374 -0.4312195121951286 -2.536585365853697 0
375 -0.4229268292682989 -2.487804878048817 0
376 -0.4146341463414693 -2.439024390243937 0
377 -0.4063414634146396 -2.390243902439057 0
378 -0.3980487804878095 -2.341463414634173 0
379 -0.389756097560979 -2.292682926829288 0
380 -0.3814634146341492 -2.243902439024407 0
381 -0.3731707317073195 -2.195121951219527 0
382 -0.3648780487804898 -2.146341463414646 0
383 -0.3565853658536601 -2.097560975609765 0
384 -0.3482926829268303 -2.048780487804884 0
385 -0.3317073170731377 -1.951219512194927 0
386 -0.3234146341462754 -1.902439024389855 0
387 -0.315121951219413 -1.853658536584782 0
388 -0.3068292682925504 -1.804878048779708 0
389 -0.2985365853656918 -1.756097560974658 0
390 -0.2902439024389034 -1.70731707317002 0
391 -0.2819512195121305 -1.658536585365474 0
392 -0.273658536585358 -1.609756097560929 0
393 -0.2653658536585855 -1.560975609756385 0
394 -0.2570731707318132 -1.512195121951842 0
395 -0.2487804878050402 -1.463414634147295 0
396 -0.2404878048782676 -1.414634146342751 0
397 -0.232195121951495 -1.365853658538206 0
398 -0.2239024390247222 -1.31707317073366 0
399 -0.2156097560979496 -1.268292682929115 0
400 -0.207317073171177 -1.21951219512457 0
401 -0.1990243902444041 -1.170731707320024 0
402 -0.1907317073176313 -1.121951219515478 0
403 -0.1824390243908584 -1.073170731710932 0
404 -0.1741463414640859 -1.024390243906387 0
405 -0.1658536585372683 -0.9756097561015784 0
406 -0.1575609756104051 -0.9268292682965003 0
407 -0.1492682926835418 -0.8780487804914221 0
408 -0.1409756097566778 -0.8292682926863399 0
409 -0.1326829268298141 -0.7804878048812591 0
410 -0.1243902439029508 -0.731707317076181 0
411 -0.1160975609760875 -0.682926829271103 0
412 -0.1078048780492242 -0.6341463414660249 0
413 -0.09951219512236098 -0.585365853660947 0
414 -0.09121951219549773 -0.536585365855869 0
415 -0.08292682926863443 -0.4878048780507909 0
416 -0.07463414634177118 -0.4390243902457129 0
417 -0.06634146341490793 -0.3902439024406348 0
418 -0.05804878048804429 -0.3414634146355546 0
419 -0.04975609756118021 -0.2926829268304718 0
420 -0.04146341463431691 -0.2439024390253937 0
421 -0.03317073170745366 -0.1951219512203157 0
422 -0.02487804878059036 -0.1463414634152373 0
423 -0.01658536585372711 -0.09756097561015942 0
424 -0.008292682926863859 -0.04878048780508148 0
425 -0.4145277577474366 -2.16791493208274 0
426 -2.196417000019506 0.314011632372224 0
427 -2.592667128199194 0.3891671765474154 0
428 -2.988308985763148 0.4470395356336105 0
429 -3.38311449844837 0.5142352017829592 0
430 -3.779673685330991 0.578783952090676 0
431 -4.217126614556563 0.6553999274363013 0
432 -4.667534888583448 0.7334934577138119 0
433 -5.108219194358599 0.8092055895842853 0
434 -5.550602183177334 0.8827081081866898 0
435 -6.002945039357475 0.9546623061556672 0
436 -6.437361342627922 1.033096129972193 0
437 -6.879208648172396 1.109652661583859 0
438 -7.320222739341942 1.183160500529278 0
439 -7.7208544638351 1.254169472570523 0
440 -0.3493689679590342 -1.771957670937901 0
441 -1.810255001651022 0.2518327631005002 0
442 -1.462262510189495 0.1897512673883483 0
443 -0.2873722826419748 -1.433983776165922 0
444 -0.4714112893122467 -2.506043654024164 0
445 -8.062917454117224 1.309801704246472 0
446 -8.407745040324654 1.368422393901734 0
447 -1.115208898474705 0.1282355911297468 0
448 -0.2368442025317692 -1.087567329499869 0
449 -8.703311542788164 1.418668699320531 0
450 -0.5207530469601993 -2.797411006407065 0
451 -0.5757678641569948 -3.091926576967108 0
452 -0.8253768813334401 0.08644726351250061 0
453 -0.178955952966483 -0.7974871282127064 0
454 -8.95025678209244 1.462741478800838 0
455 -9.195843239749921 1.502878073905302 0
456 -0.6052274066948329 -3.338189438157061 0
457 -9.858325303535242 -1.23763830338652 0
458 -0.5754341512987541 0.03074635228049188 0
459 -9.939049105365138 -0.2663715011105075 0
460 -0.134530969946775 -0.5599390108479182 0
461 -2.004446407784575 0.2809233674628698 0
462 -0.3764153247279918 -1.966706313790827 0
463 -9.97269574859366 0.4017970866515707 0
464 -9.393350732204523 1.535036607530534 0
465 -7.521961969625361 1.211475705000346 0
466 -7.13094563694272 1.152216332198753 0
467 -6.686803660632595 1.079267424189776 0
468 -6.2402573555922 0.9999494874972148 0
469 -5.793737839203539 0.9211730031339803 0
470 -5.35355784820166 0.8492105712408247 0
471 -4.91020809450642 0.7738411131126405 0
472 -4.466858340811223 0.6984716549844572 0
473 -4.027120213295918 0.6225102070552373 0
474 -3.578318154249021 0.5502941976100284 0
475 -3.190325991778153 0.4802228320341833 0
476 -2.397882388976373 0.3468088970427292 0
477 -2.793356896561954 0.4139101569574046 0
478 -0.6452180194478397 -3.529105619620726 0
479 -6.997772713856979 -3.558728810717368 0
480 -0.3796919865740943 0.004193086919461441 0
481 -5.571303380096733 -3.529162035426728 0
482 -10.01760982152188 0.9142322854787206 0
483 -4.203602747132872 -3.562619260974374 0
484 -9.639974748704814 1.577842429641025 0
485 -2.748292881417286 -3.593247594893853 0
486 -0.103186833944203 -0.3571795796167419 0
487 -0.9641194075686308 0.1003917565894645 0
488 -1.264978417433097 0.1563799556664708 0
489 -1.610841420221348 0.2130288138492328 0
490 -0.2034046879868162 -0.9442116410886414 0
491 -0.248969747242658 -1.238958552727164 0
492 -0.3154046265446213 -1.572062923771089 0
493 -0.4358721237894591 -2.309279062491416 0
494 -9.781392471142359 1.601347430696326 0
495 -8.257896208678567 1.344423028720233 0
496 -8.554873159394809 1.390220720018694 0
497 -7.912122622243798 1.283449605535954 0
498 -10.02370819760956 1.207126728922487 0
499 -0.6745267745697299 -3.674117090009965 0
500 -0.555748389402119 -2.942706381198351 0
501 -0.4957588114615088 -2.651089294734511 0
502 -9.825652978781596 -2.144415432901495 0
503 -0.2333448579233639 -0.01956183053670871 0
504 -1.475616132606884 -3.785698855196992 0
505 -0.6949454228677958 -3.819726356213045 0
506 -0.07922770402727852 -0.2118826453884245 0
507 -8.398037421084139 -3.5660897389772 0
508 -10.04009570523607 1.440913424875397 0
509 -0.9761575583302996 -3.883951882150471 0
510 -9.914705770641048 -0.7255057840166274 0
511 -9.963835348314834 0.08748109052809658 0
512 -9.994151726950086 0.6790162907691523 0
513 -0.6756715928777012 0.05352721672799361 0
514 -0.4752818499161723 0.01637465080511314 0
515 -1.362543700852535 0.167534449290739 0
516 -0.26817827326215 -1.336690337203866 0
517 -0.1624890440877137 -0.7001353990934491 0
518 -0.1186406363199916 -0.4587911306080376 0
519 -0.334333421234735 -1.678473341514838 0
520 -1.710002425077321 0.2279750748039893 0
521 -0.357852915812847 -1.873546489691722 0
522 -1.896904024937314 0.267150727898399 0
523 -0.3927663517529998 -2.064789989587192 0
524 -2.100258256540803 0.2983914835158232 0
525 -9.885577552642204 1.619653920995719 0
526 -9.54296079566101 1.562592681282555 0
527 -2.300952958774094 0.3308069277278294 0
528 -2.496192021911626 0.3648078687634841 0
529 -9.294427312887738 1.51926269149605 0
530 -9.087951953188536 1.487060648386907 0
531 -8.853625308264185 1.444881231492921 0
532 -8.161361555740848 1.327009683685412 0
533 -7.61645201874556 1.231302509028597 0
534 -7.817090098359616 1.269354362758346 0
535 -7.422331068916016 1.202065865232775 0
536 -7.227472056253009 1.164306055472333 0
537 -7.027935924531429 1.134164980770481 0
538 -6.774456052303366 1.09015156195176 0
539 -6.586501844597263 1.056848388345293 0
540 -6.339808463621452 1.017720767407504 0
541 -6.141735188104358 0.9832007190242833 0
542 -5.895708350385224 0.9380011681452725 0
543 -5.704689994278207 0.9045397219771695 0
544 -5.453474195264565 0.8642940730461666 0
545 -5.253650757559679 0.8332912276536122 0
546 -4.811685927018594 0.7570923446397111 0
547 -5.008728281118501 0.7906015337958019 0
548 -4.563259854256128 0.7109277059318394 0
549 -4.369704927258733 0.6803878359293045 0
550 -4.122392575956312 0.6349397106485348 0
551 -3.920647559066785 0.6052731408037393 0
552 -3.676418808016743 0.5621496282038241 0
553 -3.481455484978015 0.5320497405955809 0
554 -3.087280260908108 0.465563808588315 0
555 -3.278408410598511 0.4976514466788896 0
556 -2.888024081694086 0.4265738855835729 0
557 -2.693459326036587 0.3969938224729581 0
558 -0.453859410651415 -2.407260973360025 0
559 -0.6286723141696758 -3.431537901713146 0
560 -0.6009754855601852 -3.238389143289467 0
561 -9.785153534810698 -2.916046273617549 0
562 -0.1318829713617161 -0.03847415782186277 0
563 -10.05170787291889 1.569884310652441 0
564 -0.713708088797961 -3.919367551953653 0
565 -0.06258283634758779 -0.1128060990871983 0
566 -9.984099720130038 1.63640268946865 0
567 -9.369141173147222 -3.523692040470724 0
568 -0.8629716490190253 -3.928627849528746 0
569 -0.906368609252223 -3.784941701157305 0
570 -1.032162394989782 -3.75756468752079 0
571 -0.9192577476927266 -3.657859548361691 0
572 -1.069647629328835 -3.622519149101894 0
573 -0.9637614830806909 -3.521382275088218 0
574 -1.114533278336201 -3.477441554659475 0
575 -0.9745241070134437 -3.356234170471016 0
576 -1.154804199793382 -3.314055233108764 0
577 -1.031512679762857 -3.198314813177149 0
578 -1.198061716583289 -3.146970255070336 0
579 -1.073819920009314 -3.036463921317615 0
580 -1.237626792036436 -2.977904458597657 0
581 -1.092997760923832 -2.865822291830987 0
582 -1.269590614624364 -2.808912405717561 0
583 -1.147442377472085 -2.702419569509808 0
584 -1.305948867271075 -2.644671390444155 0
585 -1.168099900644373 -2.539550276563957 0
586 -1.335416005956984 -2.485284301639098 0
587 -1.218856955180984 -2.38171771321836 0
588 -1.367480840586211 -2.331354308136874 0
589 -1.255711049017116 -2.231898210999028 0
590 -1.395324702414691 -2.183144037134173 0
591 -1.270077211272474 -2.076129147711231 0
592 -1.42555248193019 -2.039441884845137 0
593 -1.319571675084353 -1.942634690402603 0
594 -1.453352533108376 -1.905166097656199 0
595 -1.35240531557795 -1.81199985405459 0
596 -1.471338903822769 -1.771114691824023 0
597 -1.360318773452638 -1.676790223538757 0
598 -1.490579563678983 -1.642834168887118 0
599 -1.402205293017493 -1.556959620379778 0
600 -1.519866752172494 -1.521904041002401 0
601 -1.431041621519519 -1.440746489681059 0
602 -1.543226210449204 -1.404801558119872 0
603 -1.458242126858022 -1.32732935029449 0
604 -1.566836575104215 -1.290127329332722 0
605 -1.654766329414577 -1.367959431054571 0
606 -1.589926959395603 -1.85960379030058 0
607 -1.677613604406768 -1.25058031033503 0
608 -1.768410225214612 -1.329755002575779 0
609 -1.786815779232764 -1.215702672697598 0
610 -1.885249636810459 -1.290391888144911 0
611 -1.89204901726006 -1.155142017309824 0
612 -2.014688483194758 -1.254727256017814 0
613 -2.034528360323452 -1.120502376665599 0
614 -2.148427950014233 -1.212677073626074 0
615 -1.480699330750192 -1.217286911496721 0
616 -2.166476836476226 -1.073070245089635 0
617 -2.274322188186533 -1.164796125032498 0
618 -2.297908418490651 -1.026782261631033 0
619 -2.41122788183675 -1.120155893985886 0
620 -2.375518742970228 -1.272111601109645 0
621 -2.530937538030087 -1.219975859207086 0
622 -2.432927191332258 -0.9779337195189555 0
623 -1.377921724916397 -1.251410487533511 0
624 -1.398959249691672 -1.14831587459956 0
625 -1.301294380221974 -1.179883107751424 0
626 -1.322027567270636 -1.0827066826438 0
627 -1.94081149144887 -1.019576318363904 0
628 -1.229940298601191 -1.111988990655639 0
629 -1.249931795346702 -1.017036956509125 0
630 -1.160679634488877 -1.04620411319772 0
631 -1.179815354700877 -0.9580169320866069 0
632 -1.13719553912554 -1.149068728597559 0
633 -1.096202198530225 -0.9867176712443457 0
634 -1.115341143017801 -0.9012921537549843 0
635 -1.1959392376364 -0.8731467938198296 0
636 -1.132159110656271 -0.818293330870171 0
637 -1.212244026740336 -0.7922298763036668 0
638 -1.054177159468392 -0.8448163534027692 0
639 -1.070545396813117 -0.7651467439783024 0
640 -0.9962822185064728 -0.7898842678244 0
641 -1.012180250945649 -0.7133453696282785 0
642 -0.9403371288157177 -0.737615037504343 0
643 -0.9557618467757806 -0.6646343127587065 0
644 -0.8860897634000685 -0.6874629508871117 0
645 -0.8679893254244584 -0.7551944092562279 0
646 -2.323658099883592 -0.8885654884067962 0
647 -2.451742392155762 -0.8422386116119622 0
648 -0.9008347318184875 -0.6174961654607294 0
649 -0.9632552191285511 -0.592993987610055 0
650 -0.8341042695852613 -0.6399558324633561 0
651 -2.350285468664663 -0.7588593666938832 0
652 -2.473703591346859 -0.7117553245857167 0
653 -0.8481279739384351 -0.5711495340304334 0
654 -0.7839623922951513 -0.5932613415186735 0
655 -2.574468570373293 -0.794717683514587 0
656 -2.584405489722065 -0.6739483916818242 0
657 -2.693413399723533 -0.7479010543470723 0
658 -2.690481907568574 -0.6114351176036152 0
659 -2.810332286084435 -0.6982912693110503 0
660 -2.829715514450695 -0.5706583896021838 0
661 -2.931801073404657 -0.6520599077465836 0
662 -2.950308490711839 -0.5252349945922635 0
663 -3.050260818721063 -0.6057637800122114 0
664 -3.06852073780716 -0.4826760135536547 0
665 -3.165942417424537 -0.5643264580775271 0
666 -3.149902776779883 -0.6899002059890755 0
667 -3.272189297396863 -0.6442683166668308 0
668 -3.255683424100861 -0.7780794628645709 0
669 -3.386751639971456 -0.7242832516351783 0
670 -3.412757483727031 -0.5831940048738852 0
671 -3.526267478057502 -0.6735447278858588 0
672 -3.503706368750131 -0.8119038082700554 0
673 -3.643511928377642 -0.7546445874510623 0
674 -3.665206583748616 -0.6218895755801229 0
675 -3.780857920416411 -0.6968337061261167 0
676 -3.764450932965901 -0.853691872914548 0
677 -3.911731920868704 -0.7894408306866254 0
678 -3.916430890584966 -0.6358789499252634 0
679 -4.057396126437318 -0.7086027679601604 0
680 -4.049651694623543 -0.8693330810437166 0
681 -4.198781571820213 -0.7925636552298292 0
682 -4.205557044832399 -0.6085179712484043 0
683 -4.350459690331224 -0.7060287325240722 0
684 -4.344355445552293 -0.8799811114472242 0
685 -4.49632365091348 -0.794725543702827 0
686 -4.499114439575817 -0.6236067788492567 0
687 -4.644731743244791 -0.707367067044529 0
688 -4.636148655927157 -0.5405970842113876 0
689 -4.787508233630922 -0.6207183277198728 0
690 -4.793375660159825 -0.7900465393665355 0
691 -4.942034391264608 -0.7008190596169414 0
692 -4.933948351839588 -0.5395804259436945 0
693 -5.08768120550203 -0.6082663985653602 0
694 -5.096316448691129 -0.7804904829526071 0
695 -5.246467904734881 -0.6838676258999141 0
696 -5.259256982816126 -0.8681475283162321 0
697 -5.413880022903528 -0.7640897111293596 0
698 -5.395390625436235 -0.5830330142698017 0
699 -5.563041258924728 -0.6577180830245916 0
700 -5.583104450857489 -0.842806734629044 0
701 -5.73645147270377 -0.7336123829277508 0
702 -5.704836738045473 -0.5493275737798423 0
703 -5.880546087306354 -0.6192858998411392 0
704 -5.90624622935297 -0.8032742357649837 0
705 -6.059832966970571 -0.6911379118192227 0
706 -6.025287396479729 -0.4851568290248586 0
707 -6.204757483296268 -0.5709762578793195 0
708 -6.235404868978002 -0.7581971391496222 0
709 -6.380649327520821 -0.6375165050478252 0
710 -6.34910455890267 -0.4576288901411181 0
711 -6.520374630823337 -0.5160480301362215 0
712 -6.558302128947579 -0.7020370517456196 0
713 -6.699431340567532 -0.5747439139871576 0
714 -6.741787668748465 -0.7659023000256628 0
715 -6.884675391344887 -0.634107621690542 0
716 -6.84323074584572 -0.4237430598048875 0
717 -7.025195571678626 -0.503924178777119 0
718 -7.069165270777388 -0.6921738566922753 0
719 -7.215745549388782 -0.5541363886527412 0
720 -7.257615611612037 -0.7471393474165772 0
721 -7.399648640940258 -0.610069121618815 0
722 -7.362220495850956 -0.4192649635800414 0
723 -7.541247111654865 -0.4727005563036127 0
724 -7.587195403134254 -0.6609090920552225 0
725 -7.726958247377985 -0.5274331922728138 0
726 -7.675085705921131 -0.3415992706003182 0
727 -7.850529882229813 -0.3842435751460644 0
728 -7.800768387786129 -0.2137934954939535 0
729 -7.976909985103355 -0.2620840207094781 0
730 -7.777379962250998 -0.7209207750331738 0
731 -7.921757529697586 -0.08930304606173096 0
732 -8.084405371488689 -0.1293600933006544 0
733 -7.774452359485437 -0.04798104413048968 0
734 -8.037097232165463 0.0255027083563073 0
735 -8.188697199164128 -0.01001386018031643 0
736 -8.146556791773726 0.1349095438740494 0
737 -8.290244271797969 0.1032719423944053 0
738 -8.243290023241101 -0.1636220274190446 0
739 -1.513015715501761 -2.280479502088328 0
740 -8.256613530021479 0.2361742511813691 0
741 -8.391188582533253 0.2072596271483359 0
742 -8.125686538618213 0.2648229540301377 0
743 -2.373779669306907 -0.6344142899273444 0
744 -0.796499941048509 -0.527624840629863 0
745 -0.7347504517026571 -0.5480358981656296 0
746 -0.7211705028749118 -0.6124243011574111 0
747 -8.354122031921358 0.3289327734199234 0
748 -8.48586094258606 0.3090801768983995 0
749 -1.248526979314398 -1.742101724212623 0
750 -8.527810420398248 0.1757622404930289 0
751 -8.620372979999923 0.2795935598708668 0
752 -8.578673314071345 0.4102967277791922 0
753 -8.707921985244305 0.3822007593644712 0
754 -0.7479235096205611 -0.4848484849423044 0
755 -0.8058611694840168 -0.4621644058666545 0
756 -0.6878277938764358 -0.504548506222587 0
757 -2.735827310096747 -0.5086716047410936 0
758 -8.671483922739931 0.5046092541398676 0
759 -8.791870489774741 0.4790714186343008 0
760 -8.666960718068687 0.1448409941598952 0
761 -8.751898814905909 0.5887663215171042 0
762 -8.870842442546504 0.56456745049618 0
763 -8.639185544874406 0.6192809608275198 0
764 -0.7002863048008574 -0.4434802376449868 0
765 -0.6420897878551597 -0.4622538714546781 0
766 -2.487814506293715 -1.390140132696022 0
767 -8.912313620824879 0.4541250882202963 0
768 -8.989969134555977 0.5482386312697464 0
769 -8.935024551788551 0.664439575907864 0
770 -9.061696909196602 0.6415596399639623 0
771 -9.025965525323778 0.7451942498109534 0
772 -9.133879759175244 0.7283781020958304 0
773 -0.6547940898516085 -0.4028939164330865 0
774 -0.5976313781943555 -0.4219499187532902 0
775 -0.5847541845913067 -0.4800460458187366 0
776 -0.5413470693340598 -0.4401832767859767 0
777 -0.5286159005979056 -0.4974974123838843 0
778 -9.097081244843299 0.8284448869529872 0
779 -8.978250327905958 0.8501227130726636 0
780 -9.200485880552947 0.8116322750465585 0
781 -0.5545325593329365 -0.3821775809576896 0
782 -9.034861491695381 0.4322576721052538 0
783 -0.4984296014739653 -0.4011045838866363 0
784 -9.161807137688376 0.9064780068292025 0
785 -9.263358911658781 0.890337612337764 0
786 -9.298709730652771 0.7985084733541958 0
787 -1.141250795646332 -2.148234634162618 0
788 -2.661233824546242 -1.328673300085152 0
789 -2.623619468023386 -1.511166532825486 0
790 -2.809368089480431 -1.447871073964599 0
791 -2.766818694195879 -1.647801853656586 0
792 -2.969876575833441 -1.579151146884659 0
793 -0.5102485108720048 -0.3451480385740173 0
794 -1.998231259675403 -1.391098336266998 0
795 -0.4567593284919913 -0.3629407352761368 0
796 -9.22695473350425 0.9807693287458724 0
797 -9.322688777080511 0.965806963914061 0
798 -2.923888822662437 -1.794806528645739 0
799 -3.148623954588094 -1.719778724019124 0
800 -2.704886021690289 -1.857541655430641 0
801 -1.415571594698499 -1.055253855141349 0
802 -2.263136637907295 -0.6715560332588592 0
803 -2.284404840612754 -0.5567173023388756 0
804 -2.183232962761851 -0.5899799170764478 0
805 -2.197785215930531 -0.487973981346206 0
806 -2.100819959539627 -0.5221501531515882 0
807 -2.120143530119697 -0.4220438504431756 0
808 -2.027297771546919 -0.4549619677296942 0
809 -2.212916193691822 -0.3837910108301653 0
810 -2.046411141251638 -0.3614265818868063 0
811 -1.958265510636237 -0.3910912347866087 0
812 -1.975996027601459 -0.3027106472220294 0
813 -1.892517187781618 -0.3291876214014278 0
814 -1.873418089933962 -0.4172212299810641 0
815 -1.809536933800599 -0.3559879961148028 0
816 -1.790119095454676 -0.442483069163175 0
817 -1.727339717403156 -0.3845541445482566 0
818 -1.743335431462398 -0.3036078953509781 0
819 -1.667000033482529 -0.3280545989725545 0
820 -1.707148079962051 -0.468890483636882 0
821 -1.68085243158459 -0.2541347177981803 0
822 -1.609625053262703 -0.273902808993879 0
823 -1.626618363037452 -0.2008274519783075 0
824 -1.55583617866995 -0.2230292874370182 0
825 -1.538340126126021 -0.2951079541224157 0
826 -1.484821497790004 -0.2447413528533484 0
827 -1.705271925124718 -0.1826533430521896 0
828 -1.467977191471623 -0.3156898525418808 0
829 -1.415645297871286 -0.2660591408936897 0
830 -1.398466203710973 -0.3360587500576836 0
831 -1.347048307763917 -0.287046056686322 0
832 -1.326242741992039 -0.3559771543145452 0
833 -1.278527521743042 -0.3074524240209325 0
834 -1.381544374808002 -0.4063569974876833 0
835 -1.295536627055446 -0.2401327500693916 0
836 -1.23234439371965 -0.2576705213380289 0
837 -1.379788429913775 -3.088733322086492 0
838 -9.290213910467623 1.048298842536046 0
839 -9.37968413411032 1.036741097391378 0
840 -9.202940960758969 1.069416665740223 0
841 -0.4666867606189025 -0.3101159861865808 0
842 -0.5211335285908411 -0.2904539902406171 0
843 -0.4154834027074593 -0.3253758783360561 0
844 -0.4037116288082137 -0.378283792035812 0
845 -3.095272525067298 -1.958452012340241 0
846 -3.34006641423043 -1.877514880216961 0
847 -1.245977980369396 -0.1947121057328389 0
848 -1.183245585434115 -0.2137322190076337 0
849 -1.501446045220468 -0.1736436294967003 0
850 -1.174506885489242 -0.274877266292634 0
851 -1.122051245993927 -0.2314448159566329 0
852 -9.344106573736902 1.120664146376151 0
853 -9.435468393955595 1.105493203053456 0
854 -9.46707526457884 1.023529092077985 0
855 -9.520215810525039 1.093043811313864 0
856 -1.307803961534261 -0.4263655902477833 0
857 -1.36452740027955 -0.4779588371714631 0
858 -1.084150380099949 -2.404569636081196 0
859 -9.490709441251113 1.171534093057971 0
860 -9.571642561337367 1.160289665726647 0
861 -0.425198145255102 -0.2740793976232297 0
862 -0.3753784656520692 -0.2886573121646479 0
863 -1.771573343025629 -0.5281686827626038 0
864 -1.686269610805107 -0.5546244812673434 0
865 -9.554575616434999 1.011068018748631 0
866 -3.281633922702643 -2.137389329415669 0
867 -3.532233277480102 -2.042976412011484 0
868 -1.136424076503766 -0.1701778877284988 0
869 -1.074990996581488 -0.1876761021029618 0
870 -1.059828697130067 -0.2484559980534946 0
871 -1.01489309803422 -0.2048718887327093 0
872 -2.973158193877594 -0.4057548036451559 0
873 -3.083210293445909 -0.3656991929590276 0
874 -2.996073800636179 -0.2950892224648315 0
875 -3.094844221139628 -0.2550575944933979 0
876 -3.015153542134488 -0.1900116808998282 0
877 -3.106748852424252 -0.1523138655244685 0
878 -3.032090398057303 -0.07978495912629263 0
879 -2.941490420234005 -0.1239688786861847 0
880 -3.125895646936938 -0.0628149336646153 0
881 -3.196415652036857 -0.1153256613510255 0
882 -3.210444220168431 -0.02639836392868056 0
883 -3.282865681464955 -0.07745978173341947 0
884 -3.293669347141267 0.01457229599819221 0
885 -3.368007415816724 -0.03978792321311209 0
886 -3.378626330414612 0.05137274724786643 0
887 -3.452222835444119 -0.002119081278314558 0
888 -3.463091033825965 0.08719656875995703 0
889 -3.535746883010167 0.03467053773174802 0
890 -3.546716702789946 0.1223837390009469 0
891 -3.619089229405501 0.0691555124599951 0
892 -2.95072268433125 -0.02896782637294201 0
893 -2.870877529015826 -0.06378306617075934 0
894 -3.630451147369466 0.1575543165828565 0
895 -3.70384592851909 0.1055582329738502 0
896 -3.692240883031979 0.01282570311278662 0
897 -3.777648413756204 0.0510993539461528 0
898 -3.788001401165571 0.143218619787229 0
899 -3.862024941307201 0.09013524561960747 0
900 -3.870851140246302 0.1812904667529038 0
901 -3.947390773372926 0.1302417176757399 0
902 -3.938498592035668 0.03494742973637471 0
903 -4.024425085840418 0.0771190964965119 0
904 -4.031978519331155 0.1713707215971792 0
905 -4.109019453489233 0.1198543414875897 0
906 -4.102620947246315 0.2127710735739614 0
907 -4.187314075340898 0.1774753365202335 0
908 -4.18739720400848 0.06885733154200199 0
909 -4.272758895268884 0.1150694718901507 0
910 -4.276586734996815 0.2089126515218845 0
911 -4.357451626659131 0.1591898659640066 0
912 -4.360806605981802 0.2531257430897966 0
913 -4.442616150407913 0.2061979695625125 0
914 -4.440147398664951 0.1100647798524494 0
915 -4.52457990497802 0.1567492639143718 0
916 -4.526297567130819 0.254249091998593 0
917 -4.609748366310075 0.2075693286019184 0
918 -4.609566843035015 0.1089961287620695 0
919 -4.694520359006618 0.1609619042368501 0
920 -4.692643104942968 0.258500065324567 0
921 -4.777177700795018 0.2140525474845519 0
922 -4.773791209664999 0.3099148574930629 0
923 -4.859661880710816 0.2680211293946818 0
924 -4.862932035169157 0.1701011117416002 0
925 -4.945064663016542 0.224165580650793 0
926 -4.941948420361872 0.3223540596404308 0
927 -5.027492971014418 0.2809227993861955 0
928 -5.034515899602473 0.1823771582873813 0
929 -5.115349195317306 0.2401238258268109 0
930 -5.106550925594716 0.3371570763267719 0
931 -5.195671653751445 0.2992021693454998 0
932 -5.20697772258127 0.199091078273622 0
933 -5.289148396199647 0.2614658245644258 0
934 -5.302890247328345 0.1576403822445938 0
935 -5.384917807571147 0.2230076351412024 0
936 -5.365474143045786 0.3236740760629917 0
937 -5.461541161678172 0.2880917969845098 0
938 -5.494124644807401 0.1912714811975864 0
939 -5.564970263200926 0.2543524564057781 0
940 -5.535070253361599 0.3652271354061531 0
941 -5.6411140610824 0.323085523762883 0
942 -5.662766513170211 0.2194310877477321 0
943 -5.740802626865781 0.2894224113277624 0
944 -5.72448389315849 0.3873327934019713 0
945 -5.819582914626938 0.3597933706047743 0
946 -5.841407532532017 0.2586551800741381 0
947 -5.916459420273201 0.3310828188558333 0
948 -5.893588206665484 0.4295565709238161 0
949 -5.991514935831256 0.4040004153386903 0
950 -6.015989864533442 0.3037307349742234 0
951 -6.091823088095547 0.3789502772280966 0
952 -6.117808001260889 0.2767576457389608 0
953 -6.191265233464478 0.3532978506189643 0
954 -6.16472392957988 0.4526532377681748 0
955 -6.265214339431035 0.4300631861693278 0
956 -6.293699895639359 0.3296027696906925 0
957 -6.367852257291312 0.4082248881281526 0
958 -6.398692912503043 0.3054474864913163 0
959 -6.469947424311189 0.3859136846030959 0
960 -6.439054135119415 0.4851208439564523 0
961 -6.535692295284535 0.4633394448388715 0
962 -6.573115259846143 0.3665357971916685 0
963 -6.633640994071674 0.4429976305163345 0
964 -6.678034916764211 0.3464340679768856 0
965 -6.742623164624186 0.4258396722428655 0
966 -6.785694410935513 0.3254907250926494 0
967 -6.855314653544038 0.409605823121245 0
968 -6.809904563363028 0.5134462881139453 0
969 -6.924030589986864 0.4933870417619097 0
970 -6.959874749749667 0.3967396840582187 0
971 -7.028502246917515 0.4791655519554007 0
972 -6.994332709974328 0.5713365190699031 0
973 -7.092020330004734 0.561481063716773 0
974 -7.131713244721306 0.4685486455988723 0
975 -7.193591401109465 0.5514151863444725 0
976 -7.153870288072604 0.6413090316764218 0
977 -7.252974053506546 0.6321545040363611 0
978 -7.29477754020218 0.5416779371633378 0
979 -7.352871234745429 0.6240954915475305 0
980 -6.502044371895402 0.5584937380912463 0
981 -7.395183381523197 0.5337489778637797 0
982 -7.45168796029318 0.6174739918003809 0
983 -7.413958111048973 0.7109727414256021 0
984 -7.508486277413745 0.6955666974491336 0
985 -7.550164827222541 0.6130059601185321 0
986 -7.598548980471218 0.6961751714780032 0
987 -7.559680385805809 0.782651238162258 0
988 -7.653717379665904 0.7770415433476285 0
989 -7.686641148447062 0.6959862707370018 0
990 -7.740992515719569 0.7759827191494955 0
991 -3.220180348028101 0.07132751570929499 0
992 -2.883507497181331 0.02268902069333669 0
993 -2.80586285589664 -0.006895530442136732 0
994 -6.717881282029627 0.2391911260221895 0
995 -7.701996084570607 0.8532238917016697 0
996 -7.785962401352069 0.8508146866923896 0
997 -7.83159838102153 0.7763806805080939 0
998 -7.873932602394651 0.8515697792957054 0
999 -7.920941688665886 0.7766655387736379 0
1000 -7.965066729355578 0.8545295087930553 0
1001 -8.011074533664237 0.7772240540368307 0
1002 -8.054821191356357 0.8566640754773702 0
1003 -8.118235656580646 0.7699941532622483 0
1004 -8.146064198940673 0.8585518553210331 0
1005 -4.692965470583976 0.3511211859572156 0
1006 -8.097709727568997 0.9308078128343547 0
1007 -8.185787699479569 0.9331898601801902 0
1008 -4.76351868454069 0.3987654635928994 0
1009 -3.391950902497508 0.1359720202549792 0
1010 -4.281625998664516 0.3001511004921722 0
1011 -4.358405752147415 0.3410572557215218 0
1012 -8.237241276770165 0.8692203122027955 0
1013 -8.271475915893962 0.9415720529915605 0
1014 -7.914479741959124 0.9354545322126175 0
1015 -2.820528219369797 0.07385231454626037 0
1016 -2.743912362617055 0.04608205289763714 0
1017 -2.728771968535577 -0.03367219807617575 0
1018 -2.666153547244295 0.01871083261198908 0
1019 -2.651530769849979 -0.05975910877084938 0
1020 -2.588666870461891 -0.007761115005524425 0
1021 -2.574113306377205 -0.08616579459712539 0
1022 -2.513832152596351 -0.03210655293413765 0
1023 -2.894498712196019 0.1031190117314772 0
1024 -4.027572603463842 0.259337577081009 0
1025 -6.412526019366885 0.578984745546844 0
1026 -6.470389662028183 0.6455110978007437 0
1027 -6.388289801749028 0.6651729228078596 0
1028 -7.002375969095149 -0.3156818729251309 0
1029 -3.799576017448193 0.2310184279010388 0
1030 -3.437831626079585 -0.09295883658836993 0
1031 -0.3862497140823593 -0.2366590769715582 0
1032 -0.3361382208974102 -0.2526168176536501 0
1033 -1.276915400296706 -1.279240313690768 0
1034 -9.540054539862831 1.234271323941289 0
1035 -9.619177531522308 1.224124649437154 0
1036 -9.464224134971357 1.246224185772391 0
1037 -2.52630270818547 0.0438556534316233 0
1038 -2.455027635855715 0.02079069583851161 0
1039 -2.438047778136137 -0.0550416258219566 0
1040 -2.38188015764874 -0.002853306489543067 0
1041 -1.089452682157294 -0.1281975795353533 0
1042 -1.64389858137136 -0.1305809691791769 0
1043 -1.709353399518128 -0.1069313573976097 0
1044 -2.060114624032195 -0.2727750071460856 0
1045 -1.993441399572943 -0.2185419141826003 0
1046 -2.071055563132202 -0.189837526387894 0
1047 -2.010806028765888 -0.1385178989511145 0
1048 -0.9810167982200044 -0.864969063662958 0
1049 -1.657848642727467 -0.06230971721977688 0
1050 -1.720679365890903 -0.04065990591729753 0
1051 -1.090655760738116 -0.679256435067385 0
1052 -3.559709630525551 0.2033525465975786 0
1053 -7.743392893625837 0.9254801836639248 0
1054 -7.661733800936082 0.9269570717951953 0
1055 -8.231308728260963 1.006957714975425 0
1056 -8.307287779737441 1.014286530730195 0
1057 -8.353553551492377 0.947564379641667 0
1058 -8.389696558084044 1.020227743785485 0
1059 -8.435595656669024 0.9527740679980317 0
1060 -8.471821473238876 1.02656090889785 0
1061 -8.517861502178935 0.9588247665935228 0
1062 -8.552807034347232 1.03291166185828 0
1063 -8.60027102016457 0.9650310183557821 0
1064 -8.635355233282036 1.03953792684912 0
1065 -4.698393212868568 0.0580791980062763 0
1066 -3.588280192871198 -1.787806372575855 0
1067 -3.774871961950686 -1.945806676684042 0
1068 -4.498867889205139 -0.9767854926426623 0
1069 -1.148663213389366 -0.1102666646346191 0
1070 -2.083022811530617 -0.1114099914060101 0
1071 -2.026382014587301 -0.06294032739973415 0
1072 -2.094387597739924 -0.03728879135966675 0
1073 -1.752067796590227 -0.614832021133468 0
1074 -1.664214673875311 -0.643033122460844 0
1075 -4.270825654785597 0.01246877779294152 0
1076 -5.060886308213834 -0.439966393810626 0
1077 -0.7119309292115701 -0.3834523319465498 0
1078 -0.3246660009598631 -0.3038065936934925 0
1079 -0.441120845635254 -0.2229927751348409 0
1080 -9.651359564171418 1.150009235769083 0
1081 -3.767823001679294 -0.04482855534108476 0
1082 -1.000199497411943 -0.2636847133574724 0
1083 -0.9562009742958475 -0.2204596747198105 0
1084 -0.9709264311368011 -0.1627847827701564 0
1085 -0.9138543990809982 -0.1779483945939132 0
1086 -7.213206362357504 0.7180623484274006 0
1087 -7.119246464639599 0.7275862189731459 0
1088 -7.173958277420493 0.7982047666117876 0
1089 -7.089103917446822 0.8074055015125668 0
1090 -2.445082470702367 -1.565880775034677 0
1091 -9.173582895665035 0.6241499022810131 0
1092 -2.039804966853561 0.008347524639530131 0
1093 -2.105274767436193 0.03431078988671359 0
1094 -1.049015437413773 -0.3094085605582592 0
1095 -8.059212303821889 -0.4468516547136231 0
1096 -2.363440208622142 -0.07897751293897329 0
1097 -6.44410745997675 0.7290153402434787 0
1098 -6.526246335904847 0.706991617396696 0
1099 -6.830245422359097 0.2147727106203207 0
1100 -2.68068537924849 0.1020574963499695 0
1101 -5.969198260287696 0.4993826475801041 0
1102 -5.872688256875318 0.5229892645182634 0
1103 -5.937854814220129 0.5861059575480603 0
1104 -5.854949872378464 0.6076076675833747 0
1105 -9.698158026368326 1.215304894741235 0
1106 -9.667394188416207 1.287480472552432 0
1107 -9.743051245667004 1.278625632644311 0
1108 -4.692145898025985 0.4367249809765779 0
1109 -2.853382533158817 -0.153269396792609 0
1110 -0.3469140508118 -0.2012306055545096 0
1111 -0.2973500943333718 -0.2171992298909457 0
1112 -8.506542873474 1.098629225270583 0
1113 -6.363196052660304 0.743993919013942 0
1114 -2.421164312125217 -0.1338118800888536 0
1115 -5.185160041450192 0.3931713783759188 0
1116 -5.10092036912201 0.4289033917901788 0
1117 -5.1719412840599 0.4800600923473902 0
1118 -2.397328246522825 0.07016108679385819 0
1119 -4.017705188350465 -0.02122521734240095 0
1120 -7.963526235954248 0.6985670242617937 0
1121 -7.11429546122447 -0.8887328699480339 0
1122 -8.393731668668998 0.8661693999458053 0
1123 -7.307523602315428 -0.9510309075400549 0
1124 -7.165067275837213 -1.101534107257986 0
1125 -7.369779434958529 -1.176701376093427 0
1126 -7.207596656923075 -1.335061865977405 0
1127 -7.437560851904275 -1.410091856539839 0
1128 -7.252115123296652 -1.5839268469558 0
1129 -7.505786212344757 -1.661847139015917 0
1130 -7.032599570884232 -1.496645404906153 0
1131 -7.054730033495465 -1.764942980667816 0
1132 -6.79584052669027 -1.632941074800975 0
1133 -7.6963953488392 -1.482920673949376 0
1134 -7.768791763644606 -1.741463824048103 0
1135 -7.969523236342376 -1.544798626315116 0
1136 -8.040863001464363 -1.816648038968028 0
1137 -8.24677982818603 -1.615215375593225 0
1138 -8.319433295402776 -1.89527794386042 0
1139 -7.834254465211583 -2.019433043083426 0
1140 -8.522116859077546 -1.686855167130484 0
1141 -8.44791964957054 -1.409370210803583 0
1142 -6.850534017796563 -1.955622281442084 0
1143 -6.57177507455236 -1.870476227236168 0
1144 -6.631419180932062 -2.162349535047447 0
1145 -6.3318880859609 -2.069315621363057 0
1146 -8.60335817481258 -1.973336592313661 0
1147 -6.912563983270222 -2.260807042153995 0
1148 -8.717623787288176 -1.481774552664146 0
1149 -8.652005063235416 -1.221621510346695 0
1150 -5.093906505874119 0.5138301712809278 0
1151 -0.9282525719342025 -0.1218253697818466 0
1152 -0.8724156104488623 -0.1367331529674941 0
1153 -6.325500430097916 0.2233740218247798 0
1154 -7.337024671120953 0.4475547116087903 0
1155 -7.444319815413362 0.4378765311999389 0
1156 -7.378294674063093 0.3432267456521546 0
1157 -3.480145195037579 -2.325775418187972 0
1158 -6.591104539366567 -0.8995925318431253 0
1159 -1.502010935990381 -2.608449612559836 0
1160 -6.043974231153929 0.2000961119739046 0
1161 -4.753628746797305 0.4792388918048199 0
1162 -4.607490684691972 0.001155660459564954 0
1163 -5.216039083869666 0.09200693464721374 0
1164 -5.321681709266285 0.04870632157988948 0
1165 -4.333132855041574 -1.066564985897699 0
1166 -4.499308031856817 -1.172526972941915 0
1167 -6.40177821295184 -2.379796482480103 0
1168 -6.097958858655361 -2.28075359923485 0
1169 -6.0329206191523 -1.971068765102373 0
1170 -5.802196649233396 -2.173650151945907 0
1171 -5.760509479976628 -1.888372330621813 0
1172 -5.521492806287847 -2.069298634859465 0
1173 -6.75426348142787 0.1211973795799823 0
1174 -0.9858988006009545 -2.729139508515551 0
1175 -0.8572460366820069 -0.1927260150602437 0
1176 -0.8167140186847037 -0.1516751151866093 0
1177 -5.914794882881607 0.6663899149832766 0
1178 -5.997930256833301 0.6472840366158765 0
1179 -2.083346694102225 -0.6307980667228841 0
1180 -5.157390830684707 0.5619099758857605 0
1181 -5.234385280506876 0.5316178377439069 0
1182 -2.909364372431652 -0.7617954878031465 0
1183 -3.271576632119778 -0.169936816991133 0
1184 -4.289235066758854 0.3845669505919025 0
1185 -4.354953933613428 0.4208037966827947 0
1186 -8.34478780030182 1.083161815951155 0
1187 -6.309256710174556 0.685947037708544 0
1188 -7.138248129297224 0.8751662088401436 0
1189 -7.217582388911182 0.8671654964075208 0
1190 -7.058837500807931 0.8819562343268844 0
1191 -7.011212999760124 0.8213683501559973 0
1192 -4.707709844611852 -0.05296079129592415 0
1193 -3.047597971102755 -2.238040560756758 0
1194 -2.834874466366748 0.1507996660946113 0
1195 -2.906269049485481 0.1795429285587269 0
1196 -9.732053874830223 1.141100630343626 0
1197 -8.386799953811876 -2.194171653031063 0
1198 -6.287095653099076 0.763216382695896 0
1199 -5.463200700579247 -1.77324093534488 0
1200 -5.241977723203821 -1.96706383563962 0
1201 -5.2902642904029 -2.256714436439259 0
1202 -5.003095785907091 -2.158515079043723 0
1203 -5.054507596976801 -2.463720830332497 0
1204 -9.712063243377193 1.344914583174926 0
1205 -9.781576871773867 1.340228007279053 0
1206 -9.510975082962524 1.30488529535833 0
1207 -9.439726011635955 1.315810534578838 0
1208 -6.49736779372331 0.7860268049961984 0
1209 -6.576893035627261 0.7682032546403158 0
1210 -5.836990166168464 0.6860726111833955 0
1211 -5.779949172738487 0.6345445290634982 0
1212 -3.17577495858654 -1.499911892262966 0
1213 -1.973642855167037 -0.014976901312309 0
1214 -2.637126608469973 -0.1428812832769976 0
1215 -7.700660363510332 0.993287959230005 0
1216 -7.627739851286748 0.9956732081935471 0
1217 -1.600055211381947 -1.612592943437029 0
1218 -6.984469058163368 0.8923474703282943 0
1219 -6.937376381375419 0.8343298951889013 0
1220 -4.497063712664954 -0.4610757038977806 0
1221 -5.09824239337723 -0.9736122620884697 0
1222 -4.750217188065952 -2.355748827130548 0
1223 -8.901395866293509 -1.289354411050532 0
1224 -8.826959466176167 -1.041794564195056 0
1225 -1.292108736105873 -0.4993056988894764 0
1226 -1.347918173444691 -0.5515291872305108 0
1227 -1.731750284216026 -0.7063641529668995 0
1228 -1.641889079986988 -0.7346661252205386 0
1229 -1.671964236533857 0.001887407290917172 0
1230 -1.610889030321851 -0.0168239928387389 0
1231 -1.726403560925404 0.02408900431136807 0
1232 -8.683249270493956 0.9715495741246962 0
1233 -8.717011029077328 1.046939641268011 0
1234 -8.671148931311526 1.1119387828152 0
1235 -8.748891681563384 1.119411764580798 0
1236 -1.10428874142576 -0.06992540946907352 0
1237 -1.160657729450364 -0.05292171453544673 0
1238 -1.987004751397685 0.05228223923079613 0
1239 -4.311694188599998 -1.271069378734343 0
1240 -2.39186393058183 -0.5163577962225663 0
1241 -0.9388438292897795 -0.2869205061462216 0
1242 -7.500409559201037 0.334935606527988 0
1243 -7.430003353991467 0.2333963430016507 0
1244 -7.303977633801802 0.2448598632146891 0
1245 -7.357666553295942 0.1275254583364842 0
1246 -4.500966063474235 -1.388092830188697 0
1247 -8.698391002129455 -2.281675141810647 0
1248 -5.972173498992828 -1.715466375158841 0
1249 -8.704758045886813 1.180168427839164 0
1250 -8.778868072011999 1.187085516202582 0
1251 -8.823857197843681 1.127831126568819 0
1252 -8.854003862110005 1.196380657719593 0
1253 -8.897654751521387 1.138331461583957 0
1254 -8.928273451838029 1.204353019964269 0
1255 -6.910915120577698 0.9027297592552422 0
1256 -6.864779707899487 0.8456788086458993 0
1257 -8.59578232929621 -0.9770725966558086 0
1258 -8.761251417120073 -0.8064902596376082 0
1259 -8.986076822257484 -0.8687624601921945 0
1260 -8.92688997441374 -0.6496563749470237 0
1261 -9.136864941210877 -0.7031435807400742 0
1262 -9.072539289934696 -0.4971535041140575 0
1263 -8.887016599694856 -0.4437919082058043 0
1264 -9.021308140900839 -0.303256150765208 0
1265 -9.204633908833046 -0.3514440759723756 0
1266 -9.155718780363692 -0.1686778295874221 0
1267 -1.308090636808052 -0.1750511423696504 0
1268 -5.971188000136925 0.7198704471400519 0
1269 -8.980617271629974 -1.544551196382458 0
1270 -0.800897733948968 -0.2050185166825766 0
1271 -0.7613225379009751 -0.1651093859741392 0
1272 -0.7762454155843047 -0.1117199492601541 0
1273 -0.7220134082302512 -0.1262840306942234 0
1274 -0.7069506694497246 -0.1789171875292146 0
1275 -0.6682674739687622 -0.1403139875229585 0
1276 -7.22707389758887 0.1420579239494301 0
1277 -7.183573673390609 0.9351008392787892 0
1278 -7.257946286333372 0.9291450573653026 0
1279 -5.218748661756416 0.6066342980123711 0
1280 -5.289578443683848 0.5798403435359547 0
1281 -9.327789922283198 -0.209713878281074 0
1282 -9.277305520596936 -0.04077841473652719 0
1283 -1.770700679578783 -0.08232539131319877 0
1284 -4.689219467600169 0.5167008131137969 0
1285 -4.625392161841718 0.4760033331546747 0
1286 -6.482844966907463 -0.3417482273571045 0
1287 -6.32417392789176 -0.2866955438997008 0
1288 -2.96499817399371 0.1327918946581146 0
1289 -2.975783804334072 0.2066074540135491 0
1290 -1.432339417961686 -0.4557830404863795 0
1291 -6.046013846953313 0.7028734595678319 0
1292 -0.5713319275449823 -0.5374850667712106 0
1293 -0.5155776083846491 -0.5550746347139075 0
1294 -0.5584786522296149 -0.594718653051685 0
1295 -0.5026086962267133 -0.6123242052314213 0
1296 -0.5450915974448898 -0.6518233251843205 0
1297 -0.49029407982272 -0.6694708980424335 0
1298 -0.5321464472940414 -0.7089859141963838 0
1299 -0.4775037924126231 -0.7266471655363269 0
1300 -0.5194981460114855 -0.7662392787170013 0
1301 -0.4389319467991867 -0.6320721281682835 0
1302 -0.4640991378154715 -0.7833045853807393 0
1303 -0.5065310470492383 -0.8229496388644734 0
1304 -0.4513155473480855 -0.8399154634950592 0
1305 -0.4913985750740261 -0.8822256729011212 0
1306 -0.5494224464336012 -0.8629601160718228 0
1307 -0.5338012467989 -0.9234171420997874 0
1308 -0.593484481193758 -0.9035726905878568 0
1309 -0.5795208420703879 -0.9625329285787461 0
1310 -0.5173430897455266 -0.9869806447802252 0
1311 -0.5634026647610657 -1.025941316593755 0
1312 -0.6245112629083232 -1.004810003997999 0
1313 -0.6094575384739727 -1.066695018471085 0
1314 -0.6709508957247424 -1.047710609440144 0
1315 -0.6553801711206662 -1.109749057601544 0
1316 -0.5939979623291939 -1.127923758183556 0
1317 -0.63958583580013 -1.17176224436962 0
1318 -0.5781416841610643 -1.188717999853177 0
1319 -0.6234625357573069 -1.234463325955029 0
1320 -0.6868337028795756 -1.217086361080282 0
1321 -0.6695749552956654 -1.281676175274801 0
1322 -0.7353638651624742 -1.263941162946775 0
1323 -0.7177107554937427 -1.330436326835659 0
1324 -0.6515007581442955 -1.348799682694721 0
1325 -0.6986643962119903 -1.399131901101884 0
1326 -0.7687487025963653 -1.380276381089594 0
1327 -0.7480475796024979 -1.450188335065836 0
1328 -0.6779182228263765 -1.468759579119535 0
1329 -0.7265420148178668 -1.520775755191214 0
1330 -0.8179568399796914 -1.435692753318235 0
1331 -0.6566494238054118 -1.538851631930403 0
1332 -0.7073169128459648 -1.592455781969434 0
1333 -0.6362813912739077 -1.609052575643916 0
1334 -0.687353207916338 -1.664517431848033 0
1335 -0.7617781759607067 -1.642363064205029 0
1336 -0.7399842777363886 -1.722113655892761 0
1337 -0.652044558637316 -1.738842432003188 0
1338 -0.7125924470609034 -1.800645965088997 0
1339 -0.7961396654503053 -1.781373607951719 0
1340 -0.7697877794522099 -1.860405404356665 0
1341 -0.6882528583551077 -1.875992103431243 0
1342 -0.7432638735434597 -1.93864188477426 0
1343 -0.6086658812683048 -1.486101778637203 0
1344 -0.4217742144730274 -0.7471866789809058 0
1345 -0.5328769103707282 -1.14419535790957 0
1346 -0.5181588976891219 -1.204057739946064 0
1347 -0.4745538714566033 -1.162061245734457 0
1348 -0.8544196541903372 -1.843066438094298 0
1349 -0.6638243925159183 -1.953342269390397 0
1350 -0.7167410921138468 -2.017664385366095 0
1351 -0.6859000429446491 -0.9850046445596308 0
1352 -0.7334859679744871 -1.029418473234452 0
1353 -0.4383348960510424 -0.8964891398168598 0
1354 -0.5760189296798999 -0.748988901060622 0
1355 -0.3970210373415833 -0.8574111458113183 0
1356 -0.842858395357496 -1.359178106050332 0
1357 -0.8956276849102843 -1.418226176110175 0
1358 -0.8822044728785845 -1.759081888312229 0
1359 -0.4601775932378885 -1.218883870800211 0
1360 -0.7985009280645656 -2.004194476952116 0
1361 -0.7713001985603385 -2.084622838334197 0
1362 -0.6748765541221116 -2.093679363726439 0
1363 -0.7384017518633161 -2.164613346249812 0
1364 -0.383745532452015 -0.9094122135088202 0
1365 -0.6115063914915596 -1.895733293615962 0
1366 -0.9455491928501806 -1.828324243359001 0
1367 -0.4190272292839584 -1.177424094144146 0
1368 -0.4323893150304521 -1.122217097739362 0
1369 -0.7499608641768294 -0.9650208981727724 0
1370 -0.7995469918918212 -1.012603535052442 0
1371 -0.6549090155880684 -2.178780216779836 0
1372 -0.708730471279993 -2.244218511496304 0
1373 -0.9209762083248645 -1.335442991480309 0
1374 -0.9797016644799121 -1.393897138244892 0
1375 -0.9540131945634279 -1.480271616640698 0
1376 -1.043125680812675 -1.454807699780634 0
1377 -0.5885506656728907 -1.965399372385253 0
1378 -1.018838943200383 -1.541305612492342 0
1379 -0.3437071343100945 -0.8746967411391942 0
1380 -0.4729624799953454 -0.5151667457986873 0
1381 -0.5020280198464973 -1.261726393455332 0
1382 -0.444936480965244 -1.275784787634886 0
1383 -0.4856215458132058 -1.317965900785829 0
1384 -5.765348989601062 0.7082276691739764 0
1385 -5.70968927026931 0.6593502967377547 0
1386 -5.224662374609489 -0.02354480402195216 0
1387 -5.341983671234655 -0.07018053660066478 0
1388 -1.692030002096036 -1.142439267935929 0
1389 -6.549327964119795 0.8426686969907355 0
1390 -6.620578195191503 0.8307978047641927 0
1391 -6.650788037648326 0.7641172528048308 0
1392 -1.27590698048795 -0.8458138111129685 0
1393 -6.874633521598581 0.09737019885573878 0
1394 -1.231021110906146 -0.4484299846733006 0
1395 -5.085307819297329 0.5907582564740992 0
1396 -5.025262464621176 0.5476717016539885 0
1397 -4.750853161393216 0.554757951412816 0
1398 -5.275840181473789 -1.067110487617666 0
1399 -5.098549386922295 -1.179499613027341 0
1400 -0.3081283080954753 -0.1663432445374048 0
1401 -0.2591049992333597 -0.1824561939651444 0
1402 -0.2481380243719882 -0.2327863046029368 0
1403 -0.3573450061360406 -0.1501300874689627 0
1404 -2.328864587968849 0.04809079187343111 0
1405 -2.346612764696873 0.1185739836604014 0
1406 -2.411034211154254 0.1400148273220178 0
1407 -9.75634143159624 1.403535068273787 0
1408 -9.825359910536729 1.397843181674538 0
1409 -0.8354030651962041 -2.147944565402741 0
1410 -0.8873166160076933 -0.08153953160070361 0
1411 -0.941476973679115 -0.06662204587281144 0
1412 -9.483287211110799 1.369831471621023 0
1413 -0.429319573850038 -1.332299628019838 0
1414 -1.712827582023844 -0.800947644588041 0
1415 -1.806269268494185 -0.7613312906687553 0
1416 -6.840000982826412 0.9137492998278511 0
1417 -2.144866556864168 -0.1606024807926401 0
1418 -0.4697269389719126 -1.374065473495915 0
1419 -5.693427151477382 0.7323150142341703 0
1420 -5.638317025295462 0.6848737714214171 0
1421 -9.20858365276637 -0.9200085328984353 0
1422 -0.6670575117154336 -0.3440441975293235 0
1423 -4.291488371931969 0.4598199627188453 0
1424 -4.226526847779704 0.4272020903872953 0
1425 -9.444344347626648 -0.07797068740026389 0
1426 -9.395248610402945 0.07611266455604629 0
1427 -8.80554573280893 1.261895731016335 0
1428 -9.122176659799559 0.01079510110834227 0
1429 -9.686473741330275 1.409136654428053 0
1430 -8.970952699985322 1.148179354023025 0
1431 -8.999594180671512 1.213232482769345 0
1432 -6.335429979119619 0.8148636093379259 0
1433 -2.849514052676073 0.2235374786209428 0
1434 -6.158459283308506 -2.609166308084938 0
1435 -9.387257498565301 -0.3853926354712591 0
1436 -5.654691201532883 0.6109335331194812 0
1437 -5.586529025314413 0.6313953442947815 0
1438 -4.80714209356327 -2.661798543243028 0
1439 -4.494990893351033 -2.55573376943975 0
1440 -2.816650645091764 -1.261258561048904 0
1441 -4.356344920780475 0.4945962984379997 0
1442 -8.874778326438541 1.070534336364411 0
1443 -1.924366340486944 0.03125879377722104 0
1444 -1.624869799994644 0.04323976679782532 0
1445 -1.567048971736875 0.02546832442436419 0
1446 -6.025145963349654 0.7732717339702935 0
1447 -8.957446091909917 1.270781339810249 0
1448 -9.025513670376231 1.279213613332427 0
1449 -1.619430355253335 -0.8288033920513811 0
1450 -1.550981802959405 -0.76750443254891 0
1451 -5.27822467458434 0.6511535552691003 0
1452 -5.345258529049006 0.6249291117714479 0
1453 -5.357898593698959 0.5525318322208821 0
1454 -0.6528130281004331 -0.1931892355748561 0
1455 -0.6152174809291342 -0.1536586856645474 0
1456 -0.914377146007377 -3.085621693488424 0
1457 -0.7504654280993468 -1.199278348499281 0
1458 -0.5417512025377311 -1.909840998601386 0
1459 -6.439316338012192 -0.1749470453852174 0
1460 -5.562111124655748 0.7072355587914603 0
1461 -1.273773984228329 -0.5734653860102075 0
1462 -1.330261213544903 -0.6257222086047919 0
1463 -1.936351113541715 0.09396891089849853 0
1464 -1.989247576097527 0.1178781008774509 0
1465 -2.280514955451337 0.09859848014464569 0
1466 -8.543195621943552 -0.7500902419935631 0
1467 -8.376376686286969 -0.9078574079967613 0
1468 -0.3783897472601284 -1.137801954909206 0
1469 -0.3925526727149727 -1.083516359212123 0
1470 -9.826460508092794 1.281906329504562 0
1471 -7.666034156525342 1.056140678073299 0
1472 -7.735075501896564 1.056351567854773 0
1473 -7.595600346438944 1.057763358748843 0
1474 -7.556670777425388 0.999730068920731 0
1475 -9.500594153171621 0.9386285407722232 0
1476 -9.591940796664135 0.9232949083878796 0
1477 -9.532995592456048 0.8467308614455958 0
1478 -9.633317380616768 0.8303914757959713 0
1479 -9.567233319349421 0.7479414106856102 0
1480 -9.699414247994589 0.9210905661196257 0
1481 -9.675996817452763 0.7308456741794354 0
1482 -9.604736836646845 0.6423582602933116 0
1483 -9.415328412746501 1.380863732812968 0
1484 -9.37197193292741 1.323534706197657 0
1485 -0.6266054187960657 -2.259132092545394 0
1486 -0.6770057206292543 -2.325771661863835 0
1487 -0.7664752131763777 -2.313737740604954 0
1488 -0.7308219401709058 -2.391978948912718 0
1489 -6.89022596112868 0.775785681196812 0
1490 -6.264916900145844 0.8342081204900218 0
1491 -7.525776771198392 1.060642407557172 0
1492 -7.489998411135102 1.001569571175759 0
1493 -6.789751770134233 -0.003980992771730002 0
1494 -8.567901199971715 0.03503513916494819 0
1495 -7.281522698597662 0.01790446042573187 0
1496 -6.436630825518233 0.1967401825614177 0
1497 -7.03194130985339 0.9619358629926628 0
1498 -2.345287016505686 -0.1563153503094959 0
1499 -2.404815292077941 -0.2153277774428438 0
1500 -4.30342759335792 -1.497204894419266 0
1501 -4.095255921146794 -1.354983042359127 0
1502 -8.460410329531005 -2.516810698388812 0
1503 -8.790793864323636 -2.60925955382807 0
1504 -0.6298953429218165 -0.1014424994778099 0
1505 -0.5782888300627343 -0.1145598807630942 0
1506 -8.563769127174375 0.8892783525783332 0
1507 -6.292762747503901 -0.1250660287816711 0
1508 -2.29663228736665 0.1638540626251276 0
1509 -2.233849072221011 0.1449391303741993 0
1510 -9.718783929472291 0.6260627798251666 0
1511 -9.644039226987099 0.5305858913745656 0
1512 -9.524483919671839 0.5503026171454617 0
1513 -9.070526614532552 1.223341763741003 0
1514 -9.095781380099414 1.287528849187567 0
1515 -4.828554113754888 0.5187299906496103 0
1516 -5.351438508754363 -2.573077012827756 0
1517 -5.018975158767472 0.620449197907437 0
1518 -8.955184730439365 0.3338001513005152 0
1519 -4.426104945627451 0.4618790675348595 0
1520 -4.416735677268344 0.5336643685847133 0
1521 -4.493603995285895 -1.637573538970252 0
1522 -9.565920767851257 0.4319861006238966 0
1523 -9.438838902304916 0.4531073128844375 0
1524 -4.605966407082633 -0.113409792112237 0
1525 -4.710262859499022 -0.1737912473479071 0
1526 -4.817062348026104 -0.1079071380297776 0
1527 -0.331922503563331 -0.9274254105836457 0
1528 -3.676167633263732 -0.08526893697467081 0
1529 -3.757260634316176 -0.149273627918053 0
1530 -3.658474018611096 -0.1908595725093089 0
1531 -3.747314668048105 -0.2594316399144383 0
1532 -3.844029570991824 -0.2136275590027938 0
1533 -0.644057860584397 -2.403876681668482 0
1534 -0.6944445582908265 -2.474644758868205 0
1535 -0.7857559513705072 -2.462542404601039 0
1536 -0.7462429570428878 -2.545616397675512 0
1537 -4.622872528845273 0.5496430418124191 0
1538 -5.816418441576941 0.7529337406787449 0
1539 -1.40651781626884 -0.6043151066028898 0
1540 -7.22777340540422 0.9940089942014316 0
1541 -7.297121478338451 0.9879535882059389 0
1542 -7.324802182482838 0.9294180763026842 0
1543 -7.156641711529194 1.000027469884611 0
1544 -1.11096868745435 -1.519206291502362 0
1545 -3.033391080512017 0.162672557288482 0
1546 -3.04119418145222 0.2348924076909678 0
1547 -2.985135416254102 0.2775548752866326 0
1548 -3.047396302766795 0.3038147650821934 0
1549 -3.10354939364007 0.2634850504209063 0
1550 -9.139600438398054 1.232745596964987 0
1551 -9.165112589525211 1.297050792677505 0
1552 -6.095106095428529 0.7550287716520865 0
1553 -6.114321216925376 0.6838032499749591 0
1554 -6.075852043040549 0.8219324856299537 0
1555 -8.732118679403854 0.7099386530214651 0
1556 -0.7368136466441042 -0.07330218726062143 0
1557 -1.118731312662097 -0.01353763361633531 0
1558 -1.172713696978064 0.002574890976374473 0
1559 -1.214914444893932 -0.03563230163887411 0
1560 -1.227295283611347 0.01964855554305678 0
1561 -1.268846608834551 -0.01860915048094432 0
1562 -4.811232553358835 0.5960648414027609 0
1563 -2.158108790661321 -0.01073672794834148 0
1564 -0.2100563433470422 -0.1984264326758949 0
1565 -0.199388410776529 -0.2484093299932856 0
1566 -0.3189678241359005 -0.1157331767415438 0
1567 -5.210936524879548 0.6774340087364661 0
1568 -5.954002453584639 0.7899791745834039 0
1569 -2.676936507696082 -0.87664462429325 0
1570 -1.877189018127619 0.0743158474907625 0
1571 -6.487688011962764 -2.711793966858514 0
1572 -1.281485771756738 0.03628427433093018 0
1573 -1.321419805549904 -0.001478191546946349 0
1574 -0.2209860375849444 -0.1483964992178446 0
1575 -3.640870629338165 -0.3040462975533579 0
1576 -7.457042318712054 1.063424790060495 0
1577 -0.9001041694052768 -0.02764151046812804 0
1578 -0.5789893379643185 -2.196399020286042 0
1579 -9.053859278607943 1.341241581695121 0
1580 -0.4140507875581692 -1.388490291610447 0
1581 -0.4539537989871762 -1.429948413030018 0
1582 -9.728247037201644 1.46242060070585 0
1583 -4.231510827632332 0.49807585889542 0
1584 -4.16805888646455 0.4669400230239159 0
1585 -1.579464465145111 0.0826392777829735 0
1586 -1.523505555269028 0.06506630649367087 0
1587 -1.510523525642619 0.008401163151971803 0
1588 -1.467685153505692 0.04808424740086752 0
1589 -1.455709316985021 -0.007240762437633073 0
1590 -6.597228461398783 0.8973106668950451 0
1591 -1.000715012333212 -1.311000177175751 0
1592 -0.9421406834698868 -1.25224448505897 0
1593 -0.389690777456297 -1.289173764408042 0
1594 -0.5193177040471106 -1.974880619236083 0
1595 -8.713194116110945 0.003516960133570964 0
1596 -8.60903714871329 -0.1101533676358101 0
1597 -3.110172277246547 0.3295627188503745 0
1598 -3.16447639174481 0.2909706672588245 0
1599 -0.5653090669397186 -1.841743271187334 0
1600 -0.8140552603636175 -0.9461243062447667 0
1601 -0.766353489306655 -0.8985082270489385 0
1602 -0.8660234081701265 -0.9946350776122017 0
1603 -0.8500565051985601 -1.063565468730437 0
1604 -9.208811103301553 1.242441020225122 0
1605 -0.5629803512869861 -0.1665180576281589 0
1606 -0.5256866489853358 -0.1280450382891016 0
1607 -1.6341451896037 0.1013522791383915 0
1608 -6.666195130956372 0.8860747075710084 0
1609 -6.475695613686492 0.8569168438289597 0
1610 -5.335018669204286 0.6938949367916385 0
1611 -5.399580759540967 0.6688583273558386 0
1612 -8.634164283246864 1.176840490796736 0
1613 -8.663566928509592 1.23851216705177 0
1614 -8.600261364647295 1.236769899892096 0
1615 -0.9238487720994039 -1.042058306887299 0
1616 -1.934328149992679 -0.163318011556336 0
1617 -7.867140815088871 -1.282168939800427 0
1618 -7.554934052687457 0.2234206860617104 0
1619 -7.625265027984883 0.3290273314775271 0
1620 -0.6578336937070228 -2.555260736513686 0
1621 -0.7061764822137632 -2.625999973558268 0
1622 -0.562425167922037 -2.026003978903652 0
1623 -5.598351508103621 0.5605953967319266 0
1624 -9.561219642466247 0.04334438639775549 0
1625 -0.3990301710377452 -1.444139881826207 0
1626 -0.4386886885232715 -1.485213450097908 0
1627 -1.060593617401215 -0.03087801643153352 0
1628 -0.9508081937322124 -0.01219478709974228 0
1629 -6.508554680622202 -1.562538150625823 0
1630 -6.230308494590901 -2.952090580058345 0
1631 -0.7231336512966353 -0.3248889453884353 0
1632 -9.351036705207306 1.380559561360018 0
1633 -5.069658930413349 0.655988627439285 0
1634 -1.834481666629395 -0.5857261613478122 0
1635 -1.8898003467685 0.1338535641049154 0
1636 -1.83287373564218 0.1148058309174564 0
1637 -7.419520548716243 -0.001323245349970805 0
1638 -2.782034476867127 0.200091599744146 0
1639 -2.796726638536268 0.2677527032513254 0
1640 -2.733012008916266 0.2447496890370892 0
1641 -2.865286408819077 0.2925207067437497 0
1642 -9.081540602681926 0.3093543320108381 0
1643 -1.399394417920494 -0.6774937882382672 0
1644 -6.179172631289079 -0.2230599129724412 0
1645 -1.332356494254312 0.05359240211478773 0
1646 -4.709316603324708 -1.496245184106958 0
1647 -4.161769423915374 0.3958602321460023 0
1648 -4.104083898205916 0.4330005398018743 0
1649 -3.875010876965096 0.2680104023499742 0
1650 -3.809739020509862 0.3130754779892783 0
1651 -3.877960839742564 0.3465437181574099 0
1652 -3.816524614688302 0.3883280138303862 0
1653 -3.750510254127067 0.3586907171910032 0
1654 -3.882436703830046 0.4188748227207223 0
1655 -3.759681137927295 0.4294214636743804 0
1656 -3.69577473455692 0.4027172263476532 0
1657 -3.940574735879874 0.3785894949493335 0
1658 -3.94143299635126 0.449717921139776 0
1659 -3.687309851790944 0.335805948595476 0
1660 -3.633024808657714 0.3791340765709685 0
1661 -0.4962599707984025 -1.858468592983526 0
1662 -0.5158614182648428 -1.796391865892866 0
1663 -9.029732675832763 -2.374227752555254 0
1664 -5.242308285603188 -0.1484688532348462 0
1665 -5.361951987844795 -0.1952542135236675 0
1666 -5.4662396589932 -0.1160070896655523 0
1667 -5.483399804267482 -0.2387225987411604 0
1668 -5.591272363058089 -0.1595486865933184 0
1669 -5.121173639180107 -0.1089100146752329 0
1670 -0.8430440700054769 -2.535639983568482 0
1671 -0.3649200338786968 -1.191530781903843 0
1672 -4.453404166650264 -2.245493417325977 0
1673 -4.191613702390526 -2.433508650121138 0
1674 -1.604945826168049 -0.581135895019086 0
1675 -0.5404917186989641 -0.07697858939932917 0
1676 -0.4920464182306508 -0.09314650898565191 0
1677 -2.876141602700859 -0.3153457315279968 0
1678 -0.1726138556365913 -0.1643678425520221 0
1679 -1.526171483304849 -0.8556715773597457 0
1680 -6.883309374678023 0.9672423307322089 0
1681 -1.076991385178489 0.02399356867408568 0
1682 -4.109376428800594 0.5063148277580104 0
1683 -5.527707805262587 0.5810577637081669 0
1684 -1.906457108752477 -0.03637586102360925 0
1685 -4.282141658906313 -1.740554409457691 0
1686 -0.326075358881241 -1.153213766792689 0
1687 -0.8454225389232524 -0.04273279519922706 0
1688 -4.749026518922879 0.6243029723023081 0
1689 -9.45721952886236 1.430828610524063 0
1690 -9.519181355231572 1.423684854979438 0
1691 -7.702175650946771 1.114619651557063 0
1692 -7.769108303497397 1.11525911535552 0
1693 -7.803102890269611 1.057792149674702 0
1694 -7.836010544603109 1.116867851697165 0
1695 -9.715816000276869 0.4127349899382055 0
1696 -0.3557906301910677 -0.8206099126998749 0
1697 -0.3042598318607647 -0.8375626525294759 0
1698 -0.3154878096189214 -0.7853823847135494 0
1699 -3.886346417711992 0.4872841392719615 0
1700 -6.15940070787334 -0.07236238688229892 0
1701 -6.045072058563233 -0.1631206904509255 0
1702 -1.685648565082442 -0.8934631540333633 0
1703 -0.9731835725815281 -1.733164164016522 0
1704 -1.042134828326413 -1.806463553700947 0
1705 -1.010996767074675 -1.905737430873421 0
1706 -6.311982036346286 0.8811471165486672 0
1707 -0.3677208835113477 -0.09961491755148801 0
1708 -4.233660523014542 -2.768584530103201 0
1709 -0.37658659930893 -0.9658563831784793 0
1710 -0.3199183374569796 -0.9780436269142814 0
1711 -4.819829512516791 -0.2336449138318304 0
1712 -3.841212443345767 -0.3307680304997654 0
1713 -3.945734966746328 -0.2750068413844381 0
1714 -0.9293461167035412 -1.565097671250353 0
1715 -9.152355863073588 -1.350753825561552 0
1716 -9.245623667913925 -1.607483566550787 0
1717 -9.357659056753311 -0.7470707846640311 0
1718 -6.643751936093957 0.9491448460412917 0
1719 -3.16870731149062 0.3565714425549262 0
1720 -3.224023567881982 0.3191854788917416 0
1721 -3.218726932555964 0.2508968681650176 0
1722 -3.281017857263952 0.2799414069370262 0
1723 -3.285327135858227 0.3478217379378888 0
1724 -3.341246360311967 0.31113610585406 0
1725 -3.346395305892256 0.3761819911197671 0
1726 -3.401075327711659 0.3406694026879449 0
1727 -7.142551814281532 0.03567801669686989 0
1728 -7.210770348136596 -0.09929313468731268 0
1729 -7.682520708979472 0.2148581682302164 0
1730 -7.749767659124652 0.3233047854394245 0
1731 -7.694661984701293 0.4323083930449561 0
1732 -7.813509086879376 0.4280544705540189 0
1733 -6.814193211372189 0.7876531596624952 0
1734 -6.84202093906222 0.7155273909807685 0
1735 -8.627175867014978 1.293577293020648 0
1736 -8.689810619426007 1.298236601855987 0
1737 -5.292476212598698 -1.279594517238352 0
1738 -4.962975189372316 0.5807180947848326 0
1739 -4.96384551973721 0.5094136530404256 0
1740 -4.958654414686907 0.6506107754653154 0
1741 -9.233588162293938 1.307138297218624 0
1742 -9.191498847874044 1.359294580817423 0
1743 -9.278126874969495 1.252817374336159 0
1744 -9.426912784283333 -0.9611183773170137 0
1745 -7.268682972184719 1.048618025230212 0
1746 -7.519362367972765 0.9395924671811438 0
1747 -0.847024919031851 -3.440853784076673 0
1748 -8.561717488044236 1.289836072825868 0
1749 -8.536759897225828 1.226892250266291 0
1750 -8.498656267858825 1.286919580202468 0
1751 -8.45934600025114 1.224095490245463 0
1752 -0.2371916772852518 -0.2828546949802995 0
1753 -0.768312264511145 -0.3635314113545874 0
1754 -5.390669984247626 0.7347989621690864 0
1755 -6.816532785403358 0.9762672200765335 0
1756 -0.9120042469905105 0.02504949441626077 0
1757 -7.870564730359566 1.059985203589541 0
1758 -7.902401372982643 1.118786913418433 0
1759 -7.938305118328607 1.061812309325886 0
1760 -7.970396769154203 1.120919577148414 0
1761 -8.007236374822618 1.062635553025882 0
1762 -8.038223761262275 1.123452007901839 0
1763 -8.002942273987887 1.178991950233305 0
1764 -8.069512562603981 1.182025641181575 0
1765 -8.104611643441235 1.126741929817107 0
1766 -8.135035727504917 1.185654847299641 0
1767 -4.565455502771395 0.5132926740816453 0
1768 -4.552656143671293 0.4364688264398759 0
1769 -4.56579941945806 0.5834510009725049 0
1770 -6.595607233653895 -0.2268862765270622 0
1771 -0.1884516248086979 -0.2981812843503918 0
1772 -0.2260195735044306 -0.3325168414826999 0
1773 -0.8413633409765562 -0.2451367728422749 0
1774 -3.406470470287298 0.4037273466922365 0
1775 -3.460101804341004 0.368076006054757 0
1776 -9.152605157392127 0.4131452203099785 0
1777 -0.445563005971017 -1.813977880638546 0
1778 -0.4712776619182104 -1.750972982771166 0
1779 -0.5332414630318667 -1.736732607211252 0
1780 -0.4893393151043824 -1.692271767421293 0
1781 -9.6111469896614 -0.1148794234051645 0
1782 -1.066268778066511 -1.70890590203437 0
1783 -7.805867411026115 0.2101277924850015 0
1784 -2.287931327781704 -0.1029177992629308 0
1785 -4.616971273684316 0.6154940017307333 0
1786 -8.766730993845627 0.9784441779002957 0
1787 -6.656233292818511 0.02309376903060879 0
1788 -1.130680576089709 -1.431258961866173 0
1789 -4.35958028098993 0.564874575860149 0
1790 -2.247756681359104 0.205271828094708 0
1791 -2.188072650338807 0.1871962475546373 0
1792 -2.305862894819283 0.2301973901072282 0
1793 -9.664179157353068 1.469069911677587 0
1794 -5.573698718208793 -0.03137601536993693 0
1795 -5.697416074167966 -0.08848615632616852 0
1796 -5.706321424392243 -0.2227678682310917 0
1797 -8.730590821757071 0.8991086659950338 0
1798 -0.445618270483869 -1.067283252906914 0
1799 -8.170623869264166 1.131138814853883 0
1800 -8.200294392475127 1.189954117674431 0
1801 -0.6016083783554236 -0.6370824369416459 0
1802 -3.177043849854577 -0.3163246369148264 0
1803 -6.231560708540796 0.5166209625855459 0
1804 -0.3844185574494519 -1.499061856743504 0
1805 -0.4233624579150957 -1.53983519062579 0
1806 -0.4789236972461928 -1.525986877654738 0
1807 -2.308652451168852 -0.2385475662167973 0
1808 -2.387127473868689 -0.3011063267422334 0
1809 -2.469950750595316 -0.2753551612661595 0
1810 -3.642286465606487 0.4438092360516984 0
1811 -3.580763413150541 0.4198235068539425 0
1812 -0.5270938663776691 -1.362214121149987 0
1813 -3.025007329628957 0.08808184723520621 0
1814 -1.186120691999473 0.05579164310199081 0
1815 -6.960266499838561 0.2050270314399897 0
1816 -0.4148640782779119 -0.1339454066384921 0
1817 -1.29800456199064 -3.43866841656041 0
1818 -0.5507948564601891 -2.269910647070479 0
1819 -1.53705692275928 0.1202764559294093 0
1820 -8.329019152591535 -0.6897626755065331 0
1821 -8.486924751754017 -0.5426686204083001 0
1822 -8.168158423405409 -0.8374412412278571 0
1823 -1.311907246777934 -0.05651904228992732 0
1824 -1.496251595479765 -0.04946691977485292 0
1825 -1.436832103022458 -0.06373930589023317 0
1826 -0.6096428356258289 -0.8422609727118268 0
1827 -8.816044773209242 0.9065749763399322 0
1828 -0.4309483206033485 -1.706106374189106 0
1829 -0.439537710328681 -1.643199480013068 0
1830 -0.5043553021625844 -1.632025630644494 0
1831 -7.334044764505744 1.043319455518865 0
1832 -1.519358835241762 -0.3679884470091857 0
1833 -5.113694977402528 -1.412216293333134 0
1834 -3.450705815771001 0.2998054439575016 0
1835 -0.3278809770207113 -0.06365839008902334 0
1836 -4.489572913841275 -0.05904255411462136 0
1837 -4.497780153038306 -0.1808401576233296 0
1838 -1.254969051451752 -0.6465076981575817 0
1839 -1.199399603671031 -0.5945280986585825 0
1840 -1.20549804312894 -1.493401748960353 0
1841 -3.574380147285134 0.3544166193721917 0
1842 -4.416114662004777 0.5955851974412278 0
1843 -4.657180601049444 -1.071730979509242 0
1844 -7.563098756568825 1.124831918933324 0
1845 -6.14276825599143 0.8054678349218229 0
1846 -6.130462117784269 0.8800457210519937 0
1847 -9.397722940575955 0.5758730580429769 0
1848 -3.273610141397182 0.2127961337227396 0
1849 -8.813064029467023 0.117418115693951 0
1850 -5.46352515278191 -1.159226541839347 0
1851 -6.782621616807619 -0.9675523909609993 0
1852 -6.627061420222413 -1.116330674909391 0
1853 -7.166450799712949 0.27523423843926 0
1854 -6.43131470931407 -1.035431327207686 0
1855 -7.639547680207439 -0.8610452424745493 0
1856 -6.13813998433113 0.1718163558689394 0
1857 -0.1838981301051252 -0.1150239103569781 0
1858 -9.130597158920764 -2.70071170324451 0
1859 -8.888793125660657 -2.961645305983515 0
1860 -6.917525849686087 -0.03305909327869038 0
1861 -7.869379092827716 1.172666535603355 0
1862 -0.4892052135593727 -2.03870171387694 0
1863 -9.799725119461534 0.7181200475834714 0
1864 -6.252376121769411 0.8989657740351892 0
1865 -0.5090470650404237 -2.211778375018067 0
1866 -0.5304384295122602 -2.143198067724089 0
1867 -6.578808753569009 0.9594145471151903 0
1868 -6.025676443819749 -0.006151865892140516 0
1869 -9.219811990404031 0.2848902358538949 0
1870 -0.8300854056701421 -0.8849094254033079 0
1871 -0.7816584283803661 -0.8342358122286473 0
1872 -3.056515391540087 0.3647033821639994 0
1873 -0.1521894879307266 -0.2642514372798958 0
1874 -0.6105518218285125 -2.633881465433995 0
1875 -0.6661746990362214 -2.69729472637992 0
1876 -0.7529230482386112 -2.697972691828662 0
1877 -0.6998052855984871 -2.77635114034802 0
1878 -4.18213345296917 -0.03547261767587349 0
1879 -4.268077663250279 -0.09503041424577253 0
1880 -4.1718830977153 -0.1509586449234672 0
1881 -4.270372368530793 -0.2143919686902966 0
1882 -4.162298610256748 -0.273541521096032 0
1883 -4.263781514822911 -0.3390405089186719 0
1884 -4.710321197673323 -1.770547746241764 0
1885 -8.13462462315006 -2.426030898519436 0
1886 -8.211495718091124 -2.763858131969696 0
1887 -7.860190780765242 -2.666293677611213 0
1888 -7.951417508233036 -3.009320567457157 0
1889 -7.589759634326324 -2.906742583580054 0
1890 -7.520231476641926 -2.553468635830975 0
1891 -7.200184822650758 -2.789280431298951 0
1892 -5.451639212435599 0.7108893779933287 0
1893 -4.157037813872741 -0.3883356086398144 0
1894 -0.8026177319903074 -1.245820521108734 0
1895 -2.175776560436332 0.1262956485414075 0
1896 -2.129583852611408 0.1701835032155607 0
1897 -3.925651626749894 -2.649401454240001 0
1898 -0.9037904114451996 -1.115971098050468 0
1899 -0.9858897846748574 -1.0937180338627 0
1900 -6.357163161709019 0.1079923562751791 0
1901 -1.116067925146439 -1.881735085061861 0
1902 -9.113198916442901 1.165506889748671 0
1903 -3.829507049119373 -1.692311827295032 0
1904 -3.63466200256653 -1.533659149448141 0
1905 -1.743721918684524 -1.450933805457785 0
1906 -6.7087844887612 0.9371543468352499 0
1907 -0.5697158637939292 -2.553898005936229 0
1908 -7.824321758733618 -0.9158801372172608 0
1909 -0.8231764169613901 -3.725270082500421 0
1910 -9.428594351231576 -1.377223388931848 0
1911 -9.522119118384161 -1.688897139818331 0
1912 -9.335745904813104 -1.848250389455842 0
1913 -9.4829231748616 0.3286294628718285 0
1914 -0.8051840507919688 -2.774432489073462 0
1915 -0.7594999329567853 -2.859033231680546 0
1916 -0.6675245987495414 -2.863824234189995 0
1917 -0.7116267471692936 -2.935512069683443 0
1918 -0.8679490512611202 -2.878999866137589 0
1919 -5.663188021307223 0.5443254215331017 0
1920 -1.020174917249717 -1.228401564932083 0
1921 -1.092069264839152 -1.289056258476917 0
1922 -2.74377541983775 0.3157523454831553 0
1923 -2.684193453602422 0.286763928067669 0
1924 -2.671678446029776 0.2245300362533031 0
1925 -2.623557765454962 0.2660036777223261 0
1926 -2.611256747081332 0.2041611764571542 0
1927 -2.56287095100121 0.2456908826252751 0
1928 -2.550527432365821 0.1831917600466799 0
1929 -2.501876269064842 0.2251970904548301 0
1930 -5.538778889351136 0.5088108846058882 0
1931 -3.466227213713517 0.4294851464671548 0
1932 -9.683810500605805 1.074443885844306 0
1933 -9.770022781249104 1.053919847103169 0
1934 -9.819064924399106 1.133418321691186 0
1935 -9.856153693748622 1.053834392517901 0
1936 -3.960461253553756 -2.978099489650904 0
1937 -3.636789857225659 -2.858540781666203 0
1938 -3.671213456440274 -3.208984850271256 0
1939 -3.330562899149698 -3.069602376165669 0
1940 -8.605730677496005 0.7285573371086917 0
1941 -8.531824580125839 0.6482575211246469 0
1942 -2.455357459306357 -0.3657119186531244 0
1943 -2.540334433721336 -0.3384307263917629 0
1944 -2.528188368590922 -0.4291771805594141 0
1945 -3.123790332751862 -0.8335631793193083 0
1946 -3.237662622642843 -0.92592636276162 0
1947 -3.090395918350699 -0.9868130473607218 0
1948 -3.216497483533365 -1.095471014393724 0
1949 -3.36412136391175 -1.02622890177528 0
1950 -3.353936025406077 -1.21243729881533 0
1951 -3.520266353072092 -1.12748737843006 0
1952 -5.839037810093431 -2.85558264686584 0
1953 -8.208690704595496 -1.055551734388001 0
1954 -0.655259943283377 -0.8815928252132756 0
1955 -0.6712069317313727 -0.8157748807697784 0
1956 -9.62570517484658 1.419895382272912 0
1957 -9.604178272087484 1.471798908809354 0
1958 -5.331265411154516 0.755176444055712 0
1959 -3.9458585886245 0.5140275309729602 0
1960 -3.996840241906404 0.4823131248184183 0
1961 -6.141321834597575 0.5370285307286291 0
1962 -6.065639632035678 0.887578654661517 0
1963 -0.2661196655866728 -0.8018771609522819 0
1964 -0.2763089240746074 -0.7500363100135059 0
1965 -0.326241164073228 -0.7335632543075477 0
1966 -0.2869166803408016 -0.6980730071030528 0
1967 -0.3372787167570434 -0.6815145448298425 0
1968 -0.2976639991286245 -0.6458795824783443 0
1969 -0.2550479112737017 -0.8535588458067327 0
1970 -0.3459755487233466 -0.6313360007477364 0
1971 -0.3075340587659468 -0.5941032452200005 0
1972 -0.2580754325542667 -0.6104793130342709 0
1973 -0.2685536833869492 -0.5587667428333694 0
1974 -0.3182520978340451 -0.5417945951771563 0
1975 -0.2788848945836054 -0.5068123574443831 0
1976 -0.328548686387356 -0.4903328386761397 0
1977 -0.2885213155726809 -0.4558455650794937 0
1978 -0.2394694651433785 -0.4721313269440033 0
1979 -0.3689884467551379 -0.5273302065689911 0
1980 -0.3798282411145492 -0.4748290022371426 0
1981 -0.2494893229388093 -0.4209114149742108 0
1982 -0.2995801033243308 -0.4063441128896442 0
1983 -0.6790694973152234 -0.286881297768706 0
1984 -0.6236620638462536 -0.3050215559282299 0
1985 -3.538329162380506 -0.2246494492108982 0
1986 -3.529941918533526 -0.3472508990128534 0
1987 -3.432618395383359 -0.2813207800701092 0
1988 -9.907776629701003 1.12182667858328 0
1989 -0.8785390210566356 -2.441030107576051 0
1990 -6.837708266284563 -0.1390878488561647 0
1991 -9.260058750007296 1.190051252871413 0
1992 -0.5752089435882486 -2.708076644209119 0
1993 -7.759624548030438 0.5264804380005491 0
1994 -7.873079363063669 0.5243963024693329 0
1995 -7.930368815456942 0.4246555021789492 0
1996 -7.987919278291884 0.5315772993478539 0
1997 -8.237055177795064 1.135666056777817 0
1998 -8.265265011898705 1.19465167968363 0
1999 -8.226387033904723 1.243757481112344 0
2000 -8.2881787822352 1.258473358927174 0
2001 -8.327992006533181 1.201343354383892 0
2002 -8.351187083215157 1.256205811786998 0
2003 -0.2196144281029928 -0.5745014050699973 0
2004 -0.2095684414252454 -0.6256622071071773 0
2005 -9.69971096852359 1.523178550291368 0
2006 -9.763297342493447 1.509881151319463 0
2007 -4.725563871027596 -0.3037249097072531 0
2008 -4.804898435823961 0.6586190534534033 0
2009 -4.746261002056475 0.6910193561944393 0
2010 -7.720378772965111 -3.265212620030978 0
2011 -8.857596140365622 -0.03686964038960379 0
2012 -5.496599259784952 -1.375685019268629 0
2013 -5.651355873375943 -1.229030027780867 0
2014 -0.1962906833699012 -0.4391254712414085 0
2015 -0.2002931872777112 -0.4892566539959744 0
2016 -0.2309365364795799 -0.09903656289255031 0
2017 -8.507332311219464 0.7552438578212097 0
2018 -8.428268926237422 0.676618464920194 0
2019 -8.447844765593985 0.5672242145918975 0
2020 -8.347696698320968 0.6016143931173239 0
2021 -8.325866446301401 0.7037476750504712 0
2022 -8.246189004719476 0.6311649120769287 0
2023 -8.269532788777155 0.5283338308910893 0
2024 -9.49351205991028 1.477867985927985 0
2025 -3.090546728716659 0.1186342960794955 0
2026 -9.836237251042947 0.5918488260229395 0
2027 -7.448671340590257 0.9437720536794164 0
2028 -7.479295264291507 0.8787333024527877 0
2029 -6.728346464744281 0.8726622661554529 0
2030 -6.58825381355662 -3.053283048639908 0
2031 -7.616156192277209 0.1065000926588838 0
2032 -0.8540226108825524 -2.69326326650748 0
2033 -0.9475471581944934 -2.522041189692974 0
2034 -5.26207656002753 -0.2839773840285397 0
2035 -5.918802989085123 -0.0953256311164192 0
2036 -5.894889851206384 0.03032723978593165 0
2037 -5.934974398715267 -0.2318771129222415 0
2038 -0.5133887341495538 -0.1802126580985171 0
2039 -1.819390711055236 0.05668101618744792 0
2040 -1.775379586769616 0.09686796365383146 0
2041 -1.788160639796458 0.1520498569085232 0
2042 -1.736000904506107 0.1372821248610885 0
2043 -6.924443610229641 0.7047567212019836 0
2044 -2.261267916348431 0.02823603662521395 0
2045 -1.252985273355463 -0.1320489595240908 0
2046 -4.928538976114396 -0.1727260755373267 0
2047 -4.922311522343489 -0.03619691653344684 0
2048 -8.653611364091626 1.351740191755055 0
2049 -0.7334657684736456 -0.2700537153085703 0
2050 -8.166649326981569 0.5626925188498196 0
2051 -5.442837133440174 0.7719230317687577 0
2052 -0.4183620991021297 -0.07249043311042663 0
2053 -8.139429334882486 1.079304543410865 0
2054 -1.482481030054857 -0.6445232557398008 0
2055 -9.460886264669414 0.7673001375508639 0
2056 -0.17793150820612 -0.3483120901571505 0
2057 -3.421378463730025 -0.3909694108307163 0
2058 -0.3617655171607291 -1.400618400348209 0
2059 -6.764917121976755 0.7224067848023804 0
2060 -0.8820944280587824 -3.226578510362544 0
2061 -0.7912465424939708 -3.144155637867474 0
2062 -0.7646607147581675 -3.246461075541318 0
2063 -6.302212394258954 -3.332132835930541 0
2064 -9.943473848494349 1.043695794326538 0
2065 -9.890135382878526 0.9701657044256409 0
2066 -6.233919176827053 0.7108140361923755 0
2067 -3.937862429905856 -0.3880083948909792 0
2068 -3.818942164091934 -0.4416675900622922 0
2069 -9.367702016085737 -2.462641193532427 0
2070 -7.838232663577573 0.9991871577724933 0
2071 -0.2828261709752408 -0.9429322559901376 0
2072 -0.2689059861720148 -0.9952674891541194 0
2073 -0.307868689150443 -1.02380838944719 0
2074 -9.253889581014025 1.370198517970663 0
2075 -1.458427965384986 -0.8004757650860495 0
2076 -1.433210667211899 -0.8811483290362456 0
2077 -7.820930701463273 0.6117299355908551 0
2078 -6.789896219779569 0.6525430703894703 0
2079 -6.708944098779768 0.6577626464054713 0
2080 -9.214332595881924 1.415270177164699 0
2081 -9.149280800234308 1.403024754341361 0
2082 -0.7027158213446114 -3.176723900006806 0
2083 -0.7079972764407941 -3.077627604028946 0
2084 -0.8055544334186362 -3.04301202192658 0
2085 -0.2392504136318914 -0.7114824258377418 0
2086 -4.094449209108025 0.3647964118947069 0
2087 -4.155937461683088 0.3223932101445663 0
2088 -0.8367655375073966 -3.551081623088863 0
2089 -1.296970722310956 -0.7702700102371667 0
2090 -1.49922657973434 -0.9308129293778832 0
2091 -0.1387392937086065 -0.126377985852489 0
2092 -8.177287403103128 0.4542954018092366 0
2093 -6.863153528011766 1.02265919828541 0
2094 -6.922260913988635 1.019197710750976 0
2095 -8.436207787448879 1.284165668879971 0
2096 -3.292270436081906 0.4095561544901274 0
2097 -8.995770791463112 0.2296371384571182 0
2098 -6.292341718340104 0.9347293513363264 0
2099 -6.35617730217797 0.9235346988865153 0
2100 -3.929433302819789 -0.06316540943477771 0
2101 -4.005972974420295 -0.1075696269049523 0
2102 -7.31004185190262 1.105553091438301 0
2103 -7.374029400652895 1.097748318206996 0
2104 -0.5492551037878062 -0.217800228447994 0
2105 -2.149530877362491 0.2239499151330179 0
2106 -2.088319505028214 0.2148790346970229 0
2107 -0.9261872779301921 -0.9658078469195892 0
2108 -0.4583006359097293 -1.980033228436694 0
2109 -9.571477127361426 -0.7920395122021657 0
2110 -0.745906539995066 -3.48941501428064 0
2111 -9.715280469794576 0.02425788547309087 0
2112 -9.662832779053518 0.1729076519851125 0
2113 -9.266616752896415 1.424345155921033 0
2114 -3.209443061651432 0.1822351744051688 0
2115 -0.8064032490217257 -3.823367062069834 0
2116 -6.474584681933525 0.08205087053598731 0
2117 -2.073342137265552 0.1538163240067298 0
2118 -2.033526068093385 0.1965335767582592 0
2119 -2.258345349676901 0.2638654938155901 0
2120 -6.831039401148059 -1.183366692838544 0
2121 -7.735441201779932 1.171339053420626 0
2122 -7.68167800591358 1.161120949273833 0
2123 -2.557260359391107 -0.1685906355474314 0
2124 -2.621289194625018 -0.2292826653269031 0
2125 -2.703794127880733 -0.2004146302329712 0
2126 -2.689117651881235 -0.3106233823588866 0
2127 -1.025610291982925 0.01048748731378898 0
2128 -1.045882948714819 0.06914602270851714 0
2129 -3.059538528352489 -1.158708861232626 0
2130 -2.941246970731247 -1.045785132907882 0
2131 -1.417108302111465 0.03375723815087281 0
2132 -1.429127332767361 0.08758485687772563 0
2133 -0.4380663449986998 -1.876594100886589 0
2134 -4.861121883487987 0.6380829092756171 0
2135 -4.847971515581175 0.7059756055395138 0
2136 -4.699059897477263 0.6551192622367705 0
2137 -8.036239420744273 1.230965342000749 0
2138 -2.599265580270276 0.1396601900971265 0
2139 -1.478487509750343 -0.5678634797541151 0
2140 -5.686367082563084 0.02493694966754471 0
2141 -8.27421653777367 -0.4680214360909268 0
2142 -8.426303266534468 -0.3508799236350223 0
2143 -4.469557758601855 0.5737281358391498 0
2144 -8.846955263120138 -0.2373544050247958 0
2145 -8.592434228052731 -0.3876022665257784 0
2146 -7.977755086957043 1.235793308299176 0
2147 -4.002299866848423 0.5429032575848655 0
2148 -0.05614857659043008 -0.06308193586940644 0
2149 -8.461491757597447 -0.07362895059576274 0
2150 -8.779107412568965 0.8174589709849998 0
2151 -2.517028949780908 0.282519511464944 0
2152 -2.459787524953378 0.265387115196291 0
2153 -3.632027125386005 0.239017647475482 0
2154 -4.168932315116544 -2.122568928900206 0
2155 -6.455607951419379 -1.254846899050624 0
2156 -6.248085481509485 -1.175968666486058 0
2157 -0.9988893268378011 -0.04061092891662562 0
2158 -1.183774624461353 -1.589462039733583 0
2159 -0.8310323536562354 -1.129787447019858 0
2160 -3.497013158995545 -0.466489784662187 0
2161 -1.290297077813514 0.08604775449543457 0
2162 -6.276638102177299 -1.409482773523915 0
2163 -6.065756080693568 -1.320077527370626 0
2164 -6.014122518843268 -1.089755675522673 0
2165 -6.688110191974467 0.9942193570663008 0
2166 -5.45954902769862 0.5353605326785416 0
2167 -5.481620662878532 0.452410944716828 0
2168 -10.04576210336436 1.635556196407125 0
2169 -9.227118404579294 -3.064384155658114 0
2170 -8.388860975101519 1.206806299849324 0
2171 -4.961716784970126 -0.3078305741794362 0
2172 -7.68646363707521 -1.069034879394925 0
2173 -6.542646901105648 0.1777786575743391 0
2174 -0.7309256768021866 -3.578126503139651 0
2175 -8.222713272156536 0.728457473652819 0
2176 -1.33774531205669 0.1142599757126748 0
2177 -1.080003031181058 -1.979611868271367 0
2178 -0.960590331040986 -2.009597510274094 0
2179 -0.3150316424343352 -1.204427357330992 0
2180 -0.2795077862601561 -1.168055245592436 0
2181 -0.2848697332306819 -1.119903900180223 0
2182 -3.324291777188549 -2.668725134864935 0
2183 -2.995589355885889 -2.910590544095745 0
2184 -2.614450577820377 -0.3847222049751192 0
2185 -2.615853226654931 -0.4965794962322279 0
2186 -0.9590960533299666 0.04297944595200037 0
2187 -4.377209605616135 -0.2768648818227916 0
2188 -4.238803354247484 -3.137316628078202 0
2189 -2.37406568443794 -0.3990972494115987 0
2190 -1.176528628203072 -0.6663443754678354 0
2191 -0.4996212520422655 -0.03693551193625941 0
2192 -0.5552391783341106 -0.02588147209589088 0
2193 -0.4007708740462236 -1.02222386060298 0
2194 -5.501842670166479 0.7473599810958005 0
2195 -8.327488158042851 1.308364536325978 0
2196 -4.045628600371351 0.4022016879870119 0
2197 -0.3885463990235981 -0.66510146314787 0
2198 -1.371691767072404 -0.04674280267762521 0
2199 -1.353947369396024 -0.09824338004503159 0
2200 -3.377765682832575 -3.472266737634622 0
2201 -1.757517962280772 -3.735754026737901 0
2202 -2.081861824750794 -3.658262252719656 0
2203 -1.797895470091623 -3.42043002072838 0
2204 -2.107892034581435 -3.30138341741324 0
2205 -1.87453034277343 -3.103394882291474 0
2206 -2.144168089898149 -3.000326038480214 0
2207 -1.921310670559369 -2.825415166280984 0
2208 -2.174546420518008 -2.729403348071575 0
2209 -1.97289647085726 -2.570293755342405 0
2210 -2.205254424270005 -2.477149379989539 0
2211 -2.019205224867877 -2.329061421528506 0
2212 -2.237767640300115 -2.237537855297281 0
2213 -2.061538880599405 -2.104187417643341 0
2214 -2.428676808899422 -2.378891985267333 0
2215 -2.258573089859167 -2.015690122705354 0
2216 -2.094095668331665 -1.893701378224232 0
2217 -1.903810358673685 -1.973158405214918 0
2218 -1.944672026853059 -1.780340275688466 0
2219 -2.114792778339785 -1.709245959629738 0
2220 -2.404159451629666 -2.897615930780789 0
2221 -1.808532027740087 -2.435257079908705 0
2222 -1.663643389742509 -2.918585523696438 0
2223 -1.965106180679697 -1.617965175292323 0
2224 -2.106211897555859 -1.524684870874103 0
2225 -1.817268727608003 -1.676090327913606 0
2226 -1.720535856454296 -2.668084233661677 0
2227 -2.485078680302072 0.16176478742024 0
2228 -0.6109367324107927 -2.482085966912317 0
2229 -0.5711799292458334 -2.419600525131076 0
2230 -0.5892467101779794 -2.341088954556263 0
2231 -0.5219630807126414 -2.327286756248289 0
2232 -3.338471837543674 -0.3261826234330805 0
2233 -3.310454380120549 -0.4344296092596336 0
2234 -8.998903820939429 -3.308426334237228 0
2235 -5.706174004058683 -1.42717796835306 0
2236 -1.832688659751987 -2.20230652901507 0
2237 -1.718276353898768 -2.028755662327884 0
2238 -1.11541744639863 -2.276689882753726 0
2239 -1.024151931799066 -2.188093361017873 0
2240 -0.994174915657148 -2.298472295864238 0
2241 -2.776587867345429 -0.2627783013174418 0
2242 -2.779210872627873 -0.3485054057394997 0
2243 -2.836004878163044 -0.4416860366435771 0
2244 -8.871949539138305 0.8322852181043406 0
2245 -8.842688657689427 0.7392846642894826 0
2246 -6.197915945916588 0.8550602699835889 0
2247 -6.192462921443509 0.9189467364138785 0
2248 -8.117734625842559 -0.6351427485525527 0
2249 -8.048483978930168 0.4299347184452795 0
2250 -0.4585895540770645 -1.010126028074072 0
2251 -0.5023987566654439 -1.048251028900134 0
2252 -6.254407446832088 0.6334447050559181 0
2253 -9.657502176811464 -1.024072094912821 0
2254 -1.226280698028307 -1.384337601699483 0
2255 -4.469095453542822 0.6372743178020993 0
2256 -4.898609892481436 -1.300623379305944 0
2257 -6.331933271507235 0.5136434762656776 0
2258 -0.3700083870893821 -1.553651704438271 0
2259 -0.333908960749568 -1.515629104264511 0
2260 -0.3594930454952978 -1.602477406547801 0
2261 -1.140958061244092 -3.854692693846025 0
2262 -9.31884283565998 0.4814344896195811 0
2263 -0.3879239751376734 -1.66984437736249 0
2264 -0.3751644282178945 -1.719180080784415 0
2265 -8.464775193832487 1.338399406737518 0
2266 -6.069772057300378 0.4775820932443277 0
2267 -6.214806502735788 0.784864831398038 0
2268 -7.971631441263861 1.000312583383662 0
2269 -7.936433533763934 1.185970716654746 0
2270 -2.636745319402733 0.3259219728032312 0
2271 -0.2039955395411991 -0.06660282593895961 0
2272 -5.27257133976474 0.7166893844288003 0
2273 -5.213891303813921 0.7492159792450415 0
2274 -5.154800890607879 0.7069933003193736 0
2275 -0.7735030316344806 -3.941807895293306 0
2276 -8.71402349300665 1.350819027957326 0
2277 -8.749745993369407 1.307236872609848 0
2278 -8.765422524754033 1.354813046863179 0
2279 -9.82585724610653 -1.77632424717186 0
2280 -7.546006620456069 0.8699124175995132 0
2281 -6.010448410908683 0.8480199353610764 0
2282 -5.941834188395202 0.8541553095622022 0
2283 -5.893849883744458 0.8118858746142248 0
2284 -5.881223502120045 0.8793888946812595 0
2285 -5.839483308051063 0.8360143606036434 0
2286 -5.48715859471351 0.815894771756056 0
2287 -5.554218877600893 0.7914327916697457 0
2288 -5.623769463344281 0.757623251759974 0
2289 -5.678824302875311 0.8002987761302289 0
2290 -5.618940164596564 0.8212883104473216 0
2291 -5.746471001301019 0.7731247721797825 0
2292 -5.732630456459118 0.8401622216991821 0
2293 -3.477030936555166 0.1690396497431713 0
2294 -3.411439947890326 0.2204197839465885 0
2295 -5.143996547993035 0.6418421656861829 0
2296 -5.09945355593578 0.7330056880688449 0
2297 -8.589271862138217 1.11563818667121 0
2298 -4.366461319866589 -0.04376066688202677 0
2299 -1.766311060884771 -1.847482660998899 0
2300 -6.257324528900541 -1.731470548076095 0
2301 -1.042831528752888 -0.08578073435380529 0
2302 -3.313182664380705 0.09968319340371054 0
2303 -3.496080052146091 -1.315074186327159 0
2304 -3.681885266984489 -1.273800672941221 0
2305 -3.864549948456192 -1.435680744068363 0
2306 -3.914187306345854 -1.180744392992309 0
2307 -3.699786229357584 -1.042144324179746 0
2308 -4.148399846361461 -1.141800523956731 0
2309 -6.528884660418125 0.9095675204644196 0
2310 -6.519789838235689 0.9694574577964074 0
2311 -6.462198770938723 0.9322041931024226 0
2312 -6.413044201636369 0.8756493397545786 0
2313 -4.565144481874697 0.6486133307273091 0
2314 -0.6287559531056122 -2.937718747599896 0
2315 -0.5856672224457405 -2.871475122428324 0
2316 -0.597490305697336 -2.996142289368658 0
2317 -0.6190727202115419 -2.805714116185416 0
2318 -5.011118160143498 0.6903011989161911 0
2319 -4.948870115318853 0.7201305221676317 0
2320 -8.682806934380061 0.8108577294942736 0
2321 -4.683413994520955 0.5941194032473097 0
2322 -4.293985382626451 0.530770675649711 0
2323 -4.300071139295024 0.5929150771703968 0
2324 -4.239340490497975 0.5622974924801779 0
2325 -3.822807976712309 0.4570657262313433 0
2326 -3.764257625845048 0.4905678733621816 0
2327 -3.817154055496152 0.527977042742946 0
2328 -3.884692979400611 0.5534393071265939 0
2329 -9.120166503365526 1.349638031964326 0
2330 -9.082585224113602 1.394940852627712 0
2331 -9.018598520515058 1.388015618448478 0
2332 -9.04545726592475 1.442854939090474 0
2333 -7.20276371705894 1.054916511626747 0
2334 -7.136674175480074 1.059656547655207 0
2335 -7.095537223939965 1.011724265608906 0
2336 -7.075103278856074 1.063875919219657 0
2337 -2.918974907441893 0.2496390820606062 0
2338 -2.927339111792086 0.3173479510571856 0
2339 -2.869458198503852 0.3620260761909622 0
2340 -2.80834887672703 0.3299400593422604 0
2341 -2.933578307376325 0.3805716208034229 0
2342 -2.990102706701016 0.349978228480298 0
2343 -8.707102506803398 -0.564741737690816 0
2344 -4.176117418333488 0.5342727286275566 0
2345 -4.18280987604142 0.600688945122977 0
2346 -4.126890200448612 0.5722275669035489 0
2347 -0.6724892627248161 -3.261000152571686 0
2348 -0.7245873574624333 -3.329828105495008 0
2349 -8.177495188975156 -1.341654216920558 0
2350 -3.703382277895593 0.4660274733287851 0
2351 -9.431028903663298 1.493670124393532 0
2352 -5.803249005490766 0.4553333966440148 0
2353 -6.742294687072167 0.5861497861601735 0
2354 -6.647853019689408 0.6002683898234571 0
2355 -1.094769021283134 0.07797981105118307 0
2356 -8.421810965062953 1.099721607209988 0
2357 -8.380496163392245 1.311117524345128 0
2358 -8.883923725913272 1.262278516295902 0
2359 -8.910959685153376 1.32417891990347 0
2360 -8.84771912087616 1.316836520305203 0
2361 -8.873260930585079 1.369579693617915 0
2362 -8.929951844857854 1.377088709455258 0
2363 -8.981819600790617 1.337558718154781 0
2364 -5.174868128356644 -1.687907893262101 0
2365 -0.5954614537602128 -2.126735573726692 0
2366 -5.023829092438238 0.378468433007033 0
2367 -4.941985429289439 0.4263425193626987 0
2368 -4.84973220359581 0.3744590927422366 0
2369 -0.4113322624391273 -1.761046184273283 0
2370 -0.3900645253438518 -1.804311243879292 0
2371 -7.407041382045507 0.8799876811206412 0
2372 -7.42838112684079 0.8020731628181826 0
2373 -7.354830433081423 0.8207935565500422 0
2374 -9.057527051237246 0.9232873918483286 0
2375 -8.975188144326658 0.9457916581763208 0
2376 -9.026664808521234 1.013576140478486 0
2377 -9.129630731299644 1.011725869132729 0
2378 -3.948879085328969 0.2196202113104349 0
2379 -0.9065330076783173 -1.666355107034418 0
2380 -4.612449721626741 0.3053951938594567 0
2381 -4.53998920021349 0.350762529924213 0
2382 -4.444992313965792 0.3136779541756354 0
2383 -7.629776981849624 0.5379036967766383 0
2384 -4.363177614178018 -0.5452561521642081 0
2385 -5.05279381370384 -0.2265850116729086 0
2386 -0.3507213310507066 -1.245611165061752 0
2387 -3.355174253667559 0.4315237504982593 0
2388 -3.594353036029437 0.4759586363951481 0
2389 -3.527309096121067 0.4585626072469385 0
2390 -3.652416112385807 0.50692231907634 0
2391 -9.587609027001875 1.293698024732107 0
2392 -7.493274071457702 1.124685959111478 0
2393 -2.573823438649667 0.3066929050121218 0
2394 -3.710684394038142 0.2051258460603486 0
2395 -3.401531722562319 -1.616482111791372 0
2396 -7.061805937226419 0.6483397782316687 0
2397 -8.529967520948835 1.339524222272282 0
2398 -1.125609516794907 -0.6152215783129079 0
2399 -1.144685778820239 -0.5417522594344456 0
2400 -1.075300701178288 -0.5603896096115695 0
2401 -1.09141675259418 -0.4917022609625098 0
2402 -1.025812639733451 -0.5086544307940315 0
2403 -1.040265721620634 -0.4432864994928962 0
2404 -0.9763386709588182 -0.4605058276273195 0
2405 -1.106164915435492 -0.423535904785509 0
2406 -0.988357270596278 -0.394563755093881 0
2407 -0.9270197605084197 -0.4147280290419478 0
2408 -0.9167528121065019 -0.4801457561503378 0
2409 -0.9432117505762512 -0.3516004817445122 0
2410 -0.8795347496013323 -0.3787041784038375 0
2411 -9.411030413493355 1.184860678452844 0
2412 -6.957927297794534 0.9608220978475612 0
2413 -6.985446497450177 1.019372725117276 0
2414 -6.952410684815947 1.072579147062779 0
2415 -6.106441895736429 0.9305771300261922 0
2416 -2.757194194042729 0.1233126892925842 0
2417 -1.314884633962711 -1.468510440794021 0
2418 -0.7906717384233467 -0.05843094544462342 0
2419 -0.7513186774282401 -0.0210090504974997 0
2420 -0.6985814982428958 -0.03496402296853743 0
2421 -0.8024675617977796 -0.007213653899904993 0
2422 -0.7638569772464779 0.02911063064538741 0
2423 -0.855535263453638 0.009886690947249074 0
2424 -0.8659150441583603 0.05581321225958565 0
2425 -3.897187834318539 -0.9998369778597116 0
2426 -3.082664040278708 0.04659126342120308 0
2427 -2.967243833896446 -2.560759393751632 0
2428 -7.245547415088644 1.107730379194135 0
2429 -7.179436296504038 1.115985761942191 0
2430 -2.204574911532411 0.2443720715964986 0
2431 -5.461292088132156 0.649711286912285 0
2432 -6.625425227851168 1.010024710581937 0
2433 -0.501591792508322 -0.2329200712921106 0
2434 -0.4687691240163299 -0.9442533862002613 0
2435 -9.477097596747191 -0.5834810913217532 0
2436 -7.565362679527117 0.4333586411515524 0
2437 -0.4757047547663014 -1.920412736156354 0
2438 -3.115999394836701 0.387092951268921 0
2439 -7.804261310859813 1.178540298262843 0
2440 -8.314890185066981 -3.124229915648959 0
2441 -3.170668977424199 0.4239210053497061 0
2442 -3.227497971390059 0.3858322956244305 0
2443 -3.242955662436142 0.4497639897752855 0
2444 -9.740819991279897 1.564833701678068 0
2445 -5.891589928357762 0.7451966644139336 0
2446 -9.084576838071056 1.081155221662029 0
2447 -7.640477292067341 -0.1494287759089279 0
2448 -7.504136984001299 -0.2931958201838887 0
2449 -7.320815780785949 -0.2354947708683184 0
2450 -7.173593987167902 -0.3750313969503064 0
2451 -7.882902557917479 0.08624048930331532 0
2452 -8.014802512370242 0.1773509708563178 0
2453 -1.36640366332955 -0.8258889489300364 0
2454 -1.342943793186496 -0.9037856320384814 0
2455 -2.468776069497875 0.09286418967451554 0
2456 -2.436749355274512 0.2055297288817425 0
2457 -2.402093880432593 0.2528850609281106 0
2458 -2.364008061284185 0.1936178012093596 0
2459 -0.5877933113920769 -1.554828971446738 0
2460 -0.3752565557776706 -1.346686300058107 0
2461 -0.3388221097265585 -1.302374375534783 0
2462 -0.3192932130551812 -1.35408284998155 0
2463 -7.311762184111853 0.7099951896633326 0
2464 -9.472770739805004 1.534324711514116 0
2465 -0.3399270102031121 -1.454097337514916 0
2466 -8.016492953111134 1.289414443453815 0
2467 -1.942955170643215 0.1541935276438011 0
2468 -1.901789395985151 0.1875808063537249 0
2469 -1.954100036402174 0.2106897211601499 0
2470 -1.843959368486115 0.1693961123773307 0
2471 -1.57415052305553 -0.1515065380207637 0
2472 -7.275002958998537 0.7901283875811288 0
2473 -0.1200631818875645 -0.178011596207746 0
2474 -8.589367847301657 1.343650708459086 0
2475 -9.383176118126256 1.440650734925521 0
2476 -8.166713455382848 1.238220016223501 0
2477 -8.103077460230127 1.238138753849609 0
2478 -7.634790440879812 1.125605703772058 0
2479 -7.599165075639096 1.170665916969344 0
2480 -6.049272258748592 0.5713051851043921 0
2481 -9.790124958262858 -0.1432936864326564 0
2482 -9.662490143835342 -0.2789890464917755 0
2483 -2.194982551064012 -0.9364795703226021 0
2484 -2.217483817741085 -0.7885336072504977 0
2485 -2.097202634640501 -0.8491106452465386 0
2486 -2.068816385850065 -0.9812619329190043 0
2487 -1.979365410147548 -0.8943331292862716 0
2488 -1.864573706130907 -0.9319613441133822 0
2489 -2.00382261780739 -0.7681977770063926 0
2490 -1.825111964558608 -1.035533042758654 0
2491 -0.4182032943719198 -1.934528997303248 0
2492 -10.02749316331158 1.287229742969228 0
2493 -9.955528771826337 1.24423858634585 0
2494 -9.956741368330245 1.326940645045409 0
2495 -10.03335861905412 1.367356682474431 0
2496 -9.97716390008981 1.412662810658999 0
2497 -9.989826615845715 1.481555734246374 0
2498 -9.929163820238546 1.460425690646504 0
2499 -9.941917360044908 1.52204417621605 0
2500 -9.885354289226044 1.504338937501206 0
2501 -9.896627889585041 1.38797118582515 0
2502 -9.883355414489955 1.32635386693892 0
2503 -2.266386682968011 -1.817313150853299 0
2504 -2.472877501337423 -1.902416984228614 0
2505 -1.588670232972462 0.1356734851343239 0
2506 -1.54939934891356 0.1672924480152386 0
2507 -1.637334685097451 0.1637106579772187 0
2508 -2.04760259060897 0.0899700947510233 0
2509 -0.6378895795140447 -1.819465050935086 0
2510 -4.612858874863647 0.6717692107505693 0
2511 -7.431711273229764 1.118450620676028 0
2512 -0.1043200412621498 -0.08284466838815339 0
2513 -4.90080829634336 0.5437418703664615 0
2514 -9.244931507881155 0.1223154697139526 0
2515 -1.913947642887123 -0.2430453589278031 0
2516 -1.858742392053916 -0.1849567653150004 0
2517 -1.819942110242126 -0.2659260766597732 0
2518 -1.883438857772948 -0.1095731137807558 0
2519 -1.782022591257034 -0.1948097239433609 0
2520 -7.016992951402496 1.078033909185835 0
2521 -0.2975524606634379 -1.255339956549914 0
2522 -6.413242197940821 0.8098679211312092 0
2523 -9.303626692493658 1.327512285981412 0
2524 -1.238596824837669 0.07060313829430637 0
2525 -1.200152009249774 0.1063114457978453 0
2526 -1.678031998111784 0.06355884907288445 0
2527 -2.113536013763991 -0.7356017960343439 0
2528 -0.4617767550515406 -1.588436299583097 0
2529 -1.048691629224145 -0.3744795177115195 0
2530 -1.112971827143575 -0.3570859210937923 0
2531 -1.171315501807014 -0.4017375878822691 0
2532 -8.003891708528991 0.3178659777447773 0
2533 -2.133625962625858 -0.3290380478588522 0
2534 -2.224450691770544 -0.2919023073033791 0
2535 -2.48154078185272 -0.6050599504231677 0
2536 -1.483134474431875 0.1028836194938322 0
2537 -6.623106929646962 0.6925724787929246 0
2538 -9.795740484647752 1.451735275553641 0
2539 -1.432343796482683 -0.1971934169931971 0
2540 -4.498002649779923 0.4789918768130512 0
2541 -4.961491114251861 -1.87444339384341 0
2542 -0.6313628272924849 -1.417445683051256 0
2543 -0.5612284976355837 -1.434843849765105 0
2544 -0.5416470427330244 -1.507802427429942 0
2545 -10.00355542084781 1.116329466184863 0
2546 -1.075044938117266 -1.073692569974916 0
2547 -1.002014216332779 -1.002310662884648 0
2548 -6.653414564018254 -0.3964281299205794 0
2549 -9.89843036779134 -0.9595865632795149 0
2550 -9.873486166121916 1.204486008593481 0
2551 -6.175367402929943 -0.398800370134535 0
2552 -1.593541732668781 -0.08388313031808145 0
2553 -9.556027103750694 1.361503530034366 0
2554 -0.5234389466288449 -1.570826484646184 0
2555 -4.078167189932274 0.600115028695961 0
2556 -1.195123394966928 -0.1520577811791019 0
2557 -0.8314643230120273 -0.09713858160980195 0
2558 -6.749969801407354 0.986417900521444 0
2559 -5.275509691604085 0.3581177408043513 0
2560 -5.339316639084378 0.4188943238992272 0
2561 -1.363491534747231 -0.2201620999729435 0
2562 -9.902231244152732 -0.474388024608378 0
2563 -1.604428508821895 -3.166674298475638 0
2564 -9.965883378241877 0.2537967660764859 0
2565 -9.840697908223913 0.3398283197725644 0
2566 -9.966744165903064 0.5587636201863142 0
2567 -10.00343061921589 0.8036011177352577 0
2568 -1.647234296580147 -0.4094911600875176 0
2569 -1.859748937854035 0.2243002687354233 0
2570 -1.216610520345165 -0.5211595370011345 0
2571 -9.696659304709689 -1.474275931582606 0
2572 -9.957882630228873 -0.08495188632105367 0
2573 -8.050579157398934 0.9985519631732944 0
2574 -1.029008616352059 -0.1459239540699075 0
2575 -1.572419737456019 -0.6698885431465221 0
2576 -8.470565596516142 1.157174347174557 0
2577 -1.746546088299378 0.1884459816610009 0
2578 -5.444246573925446 0.007014824028392261 0
2579 -0.4799254657420127 -2.276327792141144 0
2580 -0.4508186250337672 -2.215898247633303 0
2581 -8.009047998150473 0.929386745979059 0
2582 -0.6822893623621259 -0.0878664684874175 0
2583 -0.6472579806217557 -0.04708857298126357 0
2584 -2.16832784097106 0.05892873774994588 0
2585 -9.898033092384599 1.561786875904189 0
2586 -9.841814276629776 1.545045230892287 0
2587 -9.962067784445704 1.581902595811609 0
2588 -1.03723943217917 -0.9206448407144741 0
2589 -0.4597756509126446 -0.5735789314905213 0
2590 -0.4056755061347577 -0.5817795813347436 0
2591 -0.8179646697958135 -0.7067113980638747 0
2592 -5.226655171433431 -0.5194134835781283 0
2593 -5.369392011045191 -0.4119149150224847 0
2594 -5.532503543533037 -0.4915022414125193 0
2595 -5.668970445313471 -0.3785797617620166 0
2596 -5.841679878343045 -0.4521663497111255 0
2597 -10.04648631928012 1.507362380142799 0
2598 -6.893514666772329 0.583866192123304 0
2599 -4.628613603792324 -3.605108721415656 0
2600 -4.779721409566819 -3.205189901593354 0
2601 -5.068618518237868 -3.587971280923114 0
2602 -5.201773051409194 -3.157987137482346 0
2603 -5.605994425900769 -3.136090008936274 0
2604 -4.862715320474744 0.4522270879428347 0
2605 -5.251362045577637 0.4486996102584493 0
2606 -9.742195913920582 -2.50724292101616 0
2607 -6.678141284812151 -1.384519540951149 0
2608 -1.352152155652913 -1.358416440251968 0
2609 -7.107721125770219 0.943468009855004 0
2610 -1.212895022743156 -1.212265101031468 0
2611 -1.181697142944168 -1.306136410159047 0
2612 -9.632025715496695 1.349922877069071 0
2613 -9.777603505759682 -3.306435491503754 0
2614 -0.7686241277630766 -0.6608487385790924 0
2615 -0.7039667704424567 -0.6758909776659711 0
2616 -0.75110542198343 -0.7233836668700345 0
2617 -0.6783335780473344 -0.7426883023803784 0
2618 -0.6413867305871848 -0.6841828157716567 0
2619 -7.897939368212589 1.227037193233417 0
2620 -0.9079964964031443 -0.5478655393299268 0
2621 -0.2808201834746842 -0.0836534610477388 0
2622 -0.2868528316472947 -0.03504808935582101 0
2623 -4.479037820029754 0.4039820306100396 0
2624 -0.6341730333603954 -2.019898922443495 0
2625 -8.403302500137404 0.7708537415603474 0
2626 -5.97551747604223 0.9032575659579255 0
2627 -0.7120707401334854 0.0156139168867832 0
2628 -1.132610425515147 0.03912238652198713 0
2629 -0.4093027569163968 -0.8028749368040878 0
2630 -5.385249674174801 0.7980149333927121 0
2631 -5.793002383906531 0.5465856654982819 0
2632 -0.6747462927004977 -0.5650938319411003 0
2633 -0.4859267967823307 -0.4572614210251587 0
2634 -8.444768785019438 0.4393271075052305 0
2635 -1.58670325019196 -1.179261684944473 0
2636 -1.60803264464584 -1.071287828159308 0
2637 -0.5364226409711854 -2.484810093902903 0
2638 -0.8736609445557407 -1.197413463439459 0
2639 -3.096046077366066 0.193291089203808 0
2640 -2.007799099975311 -0.5505979831333436 0
2641 -1.978132082422371 -0.6533928519377971 0
2642 -4.719905178282936 -2.06076411630444 0
2643 -7.761802044717122 1.219143746281759 0
2644 -0.5945677570430135 -0.06162792373414511 0
2645 -0.6100251414701278 -0.01001512086712433 0
2646 -5.628977035041852 0.4142643772289554 0
2647 -4.80004516772753 0.009841110731706806 0
2648 -0.2932807104580584 -0.8900352120208475 0
2649 -0.2398018343006544 -0.9081316117270318 0
2650 -0.2046121358759136 -0.8687124137584847 0
2651 -1.228065632620739 -1.854339631088919 0
2652 -0.9222771024960859 -0.80821191074284 0
2653 -0.9070002112724034 -0.8852109229366625 0
2654 -0.5264296026805191 0.01854815935442739 0
2655 -0.4497575075259944 -0.02797459318716218 0
2656 -0.3382061837540716 -1.102316131700071 0
2657 -0.2550840054847851 -1.035926007669241 0
2658 -7.021366505381948 0.7323812377768741 0
2659 -0.6111750936537541 -0.36298944075273 0
2660 -0.6613513680208946 0.003724878619142163 0
2661 -1.69536030090611 0.1768674721178652 0
2662 -2.683351109073788 -1.157802305025534 0
2663 -0.2487934360588451 -0.6607770201626308 0
2664 -1.160202429984706 -0.4713862557898614 0
2665 -1.244114481992806 -0.3709282944049069 0
2666 -0.6380378020886275 -0.2482243768410725 0
2667 -0.5810715327510741 -0.2664227980400687 0
2668 -0.5681472391822127 -0.3236451003403378 0
2669 -0.9144862479134296 0.07279250900160333 0
2670 -1.018786681153945 -0.6386365831094365 0
2671 -2.444967517373152 -2.131327732079622 0
2672 -2.648317672990393 -2.270215663052505 0
2673 -2.665359536536136 -2.503375955334675 0
2674 -0.2315534343716135 -0.5228948137117246 0
2675 -0.9963940488787266 -1.637206506645236 0
2676 -0.8416939321061694 -1.610481289374295 0
2677 -0.8581547617628218 -1.511998515177406 0
2678 -1.774900265279498 -0.01506451851558173 0
2679 -9.333492450359124 1.200543588690711 0
2680 -0.4448239368699626 -0.4168113476458551 0
2681 -8.752893119482225 0.2544463112990958 0
2682 -6.054060748363988 0.9410189890577783 0
2683 -0.4734308299775668 -0.1434732858832464 0
2684 -5.144881231828044 0.7702048132094226 0
2685 -5.193731729937454 0.7987548733584913 0
2686 -7.397290512977973 1.041148045569 0
2687 -6.804876326077075 1.04205549085285 0
2688 -6.731096034565853 1.045731197682064 0
2689 -1.625803929113697 -0.4936246765245312 0
2690 -0.1371213096809046 -0.3184320727438213 0
2691 -0.1051399530029385 -0.2793618192557888 0
2692 -0.3638098906690612 -0.3419734846444428 0
2693 -0.1624216605916708 -0.2141187332692828 0
2694 -2.115501749306586 0.1070469104750504 0
2695 -0.3514306515790426 -0.3931150471143881 0
2696 -9.392476914755747 1.257065906718184 0
2697 -4.783236551352132 -0.4544456853149248 0
2698 -0.6065161922519378 -1.297588054551805 0
2699 -10.0013726880973 1.543750570454414 0
2700 -1.498867497582325 -1.11531508576665 0
2701 -0.2213958056172786 -0.7640179531932645 0
2702 -0.4049122409787985 -1.23306807732548 0
2703 -7.279612839608261 1.151586227672472 0
2704 -3.946939494961506 0.3010363478328154 0
2705 -1.571092203084422 -0.426901443205584 0
2706 -1.542365238235034 -0.5144089813960737 0
2707 -2.992042063627115 -1.344470177099802 0
2708 -4.053537877507064 -0.559789622053144 0
2709 -0.8662510991133194 -0.4403610394372287 0
2710 -3.577678962732301 -0.1211031661317269 0
2711 -1.293256338474673 -1.580313352512943 0
2712 -7.264721894567288 0.3584552213046921 0
2713 -0.2116124742108081 -0.3845912417953808 0
2714 -0.1665134630436778 -0.3965899228998659 0
2715 -7.091114304312202 0.1645308914845192 0
2716 -1.446559259848849 0.1410404241288378 0
2717 -4.358172682002342 0.6241096283580556 0
2718 -4.30953584041445 0.6588834805139163 0
2719 -0.7390074899710268 -3.769919797284587 0
2720 -8.301880760563565 0.8027739570988893 0
2721 -0.2698239815006573 -0.1326031897337044 0
2722 -0.3749911110192335 -0.04623494159521568 0
2723 -0.1733548210861251 -0.5903688573819892 0
2724 -0.157758806852291 -0.644424622213745 0
2725 -0.4715876280654863 -2.157026154028069 0
2726 -0.4407120411025603 -2.116942091976724 0
2727 -0.6116541607308161 -1.670017923221121 0
2728 -3.19034446766229 -0.4374247203444661 0
2729 -9.916401460402996 0.8762316520348772 0
2730 -9.809490221179757 0.9087152139422955 0
2731 -3.931511762147328 -2.340691073056918 0
2732 -0.6676800031825324 -3.001160490482119 0
2733 -1.148653489549973 -0.7389085713756913 0
2734 -0.561647011720981 -1.248379998054252 0
2735 -0.5495112188728833 -1.675686767493563 0
2736 -0.739297662073792 -3.695499529443656 0
2737 -6.773644982813239 0.9243013363416269 0
2738 -0.6256866694949671 0.04315564851507774 0
2739 -8.608035688270483 1.397682319821359 0
2740 -3.410229760674594 0.4661984567241128 0
2741 -3.519531453688516 0.3962822797497477 0
2742 -1.016170944710736 0.1118178837085714 0
2743 -1.314146496512901 0.1625119855335327 0
2744 -0.2939418874336609 -1.483796431004685 0
2745 -0.217512431102231 -0.9972739374867288 0
2746 -7.918776046328489 -3.626170371645468 0
2747 -0.1695418199699422 -0.7488569966843205 0
2748 -7.068977327648634 0.3680869369760738 0
2749 -1.659497851193408 0.2181947042740339 0
2750 -9.714957705725141 -0.6114091861337237 0
2751 -0.127305573622564 -0.5091235712509816 0
2752 -5.554744442805977 0.08876601542563221 0
2753 -0.9852309081154776 -0.1039246359608588 0
2754 -0.06941327008293549 -0.1630532961683077 0
2755 -1.955842502506388 -0.08761701900397645 0
2756 -1.839513767291337 -0.05081675526880009 0
2757 -0.286444546075664 -0.2678300715084795 0
2758 -1.450625241099028 -0.1298707980952328 0
2759 -8.536138165747618 1.162860668500514 0
2760 -0.3979137651681193 -0.1863537768830813 0
2761 -0.7785408955799811 -0.3053153286279555 0
2762 -0.8360554407716452 -0.337619682719329 0
2763 -6.834462582738938 -2.79486865106292 0
2764 -2.770294863841415 0.3687786114573109 0
2765 -1.204813179485027 -0.09269130917595467 0
2766 -5.668540697317188 0.8591957884497123 0
2767 -8.730688040713751 1.243990254596533 0
2768 -8.145985793754926 0.6653825674555934 0
2769 -1.939759454076105 -0.4793874111899274 0
2770 -8.907549957876732 -2.057861706554815 0
2771 -0.6291472174577035 -0.5211080878648963 0
2772 -3.036377907862064 -3.303978808201345 0
2773 -2.658053332859184 -3.17213884418063 0
2774 -2.152035220906368 -0.08352425796780688 0
2775 -2.227536418725801 -0.04414544639878859 0
2776 -9.864373664708914 1.446150360710508 0
2777 -2.139377380761483 -0.2416028809066662 0
2778 -2.214449422801851 -0.2102667207496596 0
2779 -2.309938931548894 -0.02625520522694991 0
2780 -4.419888288830566 0.6551497931163693 0
2781 -1.193979172274104 -1.962510049596622 0
2782 -1.951343736330987 0.2642791616662225 0
2783 -5.850016182216042 -2.497948973079803 0
2784 -9.818889350255402 0.1734775444363015 0
2785 -1.521725942796821 -0.1107266510665781 0
2786 -7.821901084001754 0.9235652732181557 0
2787 -1.86409029929851 0.01421778711083548 0
2788 -0.7580306474247723 -0.4231398737195042 0
2789 -4.516688975993365 0.6722525769237808 0
2790 -2.921041676824386 -0.2255469206399179 0
2791 -9.354744178034601 0.8795934308461895 0
2792 -0.7816565477664984 -1.077433540654422 0
2793 -0.3843129992211595 -2.016973069496518 0
2794 -2.052544819883372 0.2903004527422667 0
2795 -2.145649445169164 0.3057984006809933 0
2796 -0.1185921398102405 -0.405976227415905 0
2797 -5.766063062196581 0.1888557389771657 0
2798 -5.867675083215865 0.1484689093950891 0
2799 -6.939101659859174 -3.114139574037543 0
2800 -5.751958705238106 0.8892445433074729 0
2801 -0.2742449627578089 -0.3186291571735008 0
2802 -0.5998958831573434 -0.2076355636994496 0
2803 -6.391130041650492 -0.01942194181882825 0
2804 -6.538649654246504 -0.05130306111168569 0
2805 -6.734125332124236 0.7937973587587327 0
2806 -4.930070784223963 -1.076475400868526 0
2807 -9.351818498094172 0.3521150232074062 0
2808 -6.065005618202773 -0.8746331250497678 0
2809 -0.5487941344514994 -1.086282732905163 0
2810 -1.116510971416138 -0.2934111688564464 0
2811 -2.250933035121195 0.3155183047507575 0
2812 -1.512613757252374 -3.408821524614258 0
2813 -3.738886123698631 0.281694059996047 0
2814 -5.750203057842583 -0.9111408939261008 0
2815 -0.8983539235007514 -0.2355009945171341 0
2816 -5.121093905790165 0.0262036285730183 0
2817 -4.038386761025131 -1.870213178030179 0
2818 -2.790888156985986 -0.08960477097269123 0
2819 -9.060821717034468 -1.10350031316989 0
2820 -9.934838636386127 1.62802830523214 0
2821 -9.271666745653633 -0.5455615574092159 0
2822 -0.2620623971075587 -0.3694899987585832 0
2823 -2.34894597004561 0.3382106934576234 0
2824 -2.331643263718398 0.2892326127023293 0
2825 -2.719724595914026 0.1804207899973654 0
2826 -8.180411514256686 -0.3338615118549638 0
2827 -0.6303160368151673 -3.133348437220237 0
2828 -4.953636909222242 0.1283044439618953 0
2829 -9.782045790913227 1.209140302919733 0
2830 -9.834664061720499 1.615188082194812 0
2831 -1.066174251630984 0.1195646608092446 0
2832 -0.5804905171474315 -1.774884143074943 0
2833 -0.911991813124943 -1.917133873896956 0
2834 -8.939295433446382 1.016651676200206 0
2835 -1.045763060309405 -1.153395707168102 0
2836 -5.610627210779927 0.8823066924147616 0
2837 -7.911892475707866 -0.5809415914866138 0
2838 -9.741909365370166 0.8165370340680423 0
2839 -9.692586511250438 1.582905043681464 0
2840 -9.593537990632317 1.567896792735688 0
2841 -0.4344437975108437 -0.4761389278177739 0
2842 -2.273248662229729 -1.63485979642305 0
2843 -2.299626832693445 -1.435632741403537 0
2844 -2.151215415936228 -1.366226620953885 0
2845 -9.343843378731032 1.526956325063948 0
2846 -9.330019374799452 1.479303904693813 0
2847 -9.245117239439566 1.51117648199037 0
2848 -9.903458668186168 0.7600112348642688 0
2849 -9.142320410969171 1.492784666994222 0
2850 -8.904073185530514 1.454905177257679 0
2851 -8.801818876046946 1.438167187525991 0
2852 -8.752329924082598 1.428632459040721 0
2853 -0.564674997128541 -0.8034977217240544 0
2854 -8.35645386186988 1.358940541228545 0
2855 -8.210700705349035 1.334924856955832 0
2856 -8.113563396812502 1.320417536061668 0
2857 -7.864925423735518 1.273526348478404 0
2858 -7.570306616678065 1.226057861881815 0
2859 -7.66602772642818 1.243243255396425 0
2860 -7.469944971280136 1.209515639362007 0
2861 -7.372486726449247 1.193247136772416 0
2862 -8.302568344448769 1.140744514269104 0
2863 -9.859908625640806 0.4745251308646782 0
2864 -1.592108424629597 -0.3502410687318561 0
2865 -2.546554793482883 -1.067346952044083 0
2866 -2.844898485185964 0.4006116344865021 0
2867 -1.66520638514152 -1.741121382270153 0
2868 -7.077918400195533 1.144718268365498 0
2869 -0.3122882234023406 -0.3550990157667386 0
2870 -6.978473997862261 1.123315905971511 0
2871 -4.932545934699892 -1.59642540006201 0
2872 -0.3658159743291455 -0.7688218344566303 0
2873 -2.552130542516022 0.3657434574047867 0
2874 -2.447043743848153 0.3557699217022036 0
2875 -6.828060095427522 1.100034825170888 0
2876 -6.5357049959504 1.051997137359465 0
2877 -6.486161825785434 1.044363622020962 0
2878 -6.634346025543537 1.066944561388991 0
2879 -9.104425901647794 0.5304753422921153 0
2880 -6.290394768245741 1.011423282461701 0
2881 -6.388040606823964 1.025072640206637 0
2882 -6.420453794133353 0.9834795650460455 0
2883 -1.44993509385855 -0.3855002666232358 0
2884 -0.6146896445005962 -0.5780860911403656 0
2885 -6.189281460171354 0.9798004856412859 0
2886 -5.946036322928144 0.9473905125236551 0
2887 -4.019199177199265 0.34532348664042 0
2888 -7.36314784553623 0.9896405111155763 0
2889 -5.846273513544231 0.9289752695941518 0
2890 -7.296455048085711 0.8681768556577879 0
2891 -5.501341099433428 0.8743337239502129 0
2892 -5.4028189319456 0.857584955477336 0
2893 -4.619266432660534 0.3927460083853356 0
2894 -5.301739481121826 0.8390135610038497 0
2895 -5.05783716150117 0.8011301972120687 0
2896 -4.96056687331609 0.7798651889423789 0
2897 -9.239740696727896 0.7106343286481527 0
2898 -9.36673014989622 0.7027575972699606 0
2899 -4.861174679798741 0.7649325992854006 0
2900 -2.59899225304634 0.06663785719991329 0
2901 -4.762617341806351 0.7469677343330111 0
2902 -5.273715170514836 0.7777795505246939 0
2903 -4.715183074376807 0.7393473401398449 0
2904 -8.798270778230613 -1.757376483583059 0
2905 -4.19035371747221 -0.9629459424006008 0
2906 -3.97379069582445 0.6164232280634782 0
2907 -3.829572700256482 0.5885007272453315 0
2908 -3.727942084654256 0.5728558914379664 0
2909 -3.629419917166872 0.5561071229651217 0
2910 -3.528854295851368 0.5417349278436075 0
2911 -3.432375582192067 0.5226095860193912 0
2912 -6.260874048895452 0.01693720732170213 0
2913 -3.330935506495351 0.5074095030890264 0
2914 -0.9619033002841345 -1.173524058751963 0
2915 -1.759274556426083 0.2383925839624291 0
2916 -2.640774131581006 0.3794157652188724 0
2917 -7.497742708012506 0.5281002878822663 0
2918 -3.036412531297652 0.4537829530997173 0
2919 -3.137530168549302 0.472484967052953 0
2920 -9.639911983835621 1.521602972809635 0
2921 -2.939764744755091 0.4388657436551157 0
2922 -1.643821977130722 -2.175102745312924 0
2923 -0.4894385430764326 -1.1050484526826 0
2924 -1.394701208070638 0.1271098903028735 0
2925 -0.7013471009629342 -1.154517055240012 0
2926 -0.9107907913911035 -2.215284585935369 0
2927 -0.8753884192166733 -2.321232076693553 0
2928 -1.582614725082822 -0.921496581134805 0
2929 -6.752607280977309 -0.2565724970091078 0
2930 -1.854648552042097 -0.5023053875119774 0
2931 -1.412606568021094 0.1795911082782765 0
2932 -5.029450797536938 0.468105882005196 0
2933 -2.215490901494122 -0.1309175591156786 0
2934 -0.9587285466538095 -2.954976254905049 0
2935 -0.6925347294456184 -0.2322115605718173 0
2936 -0.6609249174992329 -0.6265936386579685 0
2937 -7.056039340264885 -0.06420673593302646 0
2938 -4.210290058024446 0.2583327245377205 0
2939 -0.2380903076873569 -1.14291408220149 0
2940 -3.569222932742212 0.2813655356480076 0
2941 -1.379480209028941 -0.153536437603045 0
2942 -0.6400514200675471 -0.9436260869328827 0
2943 -0.4208874558237176 -0.5275595113393183 0
2944 -0.4074786832733694 -1.589475775628362 0
2945 -8.847163485271537 0.9921762154933833 0
2946 -3.621067034114245 -0.8826643775717719 0
2947 -6.896699269080566 0.3068253925554624 0
2948 -6.162223084434749 0.7404223441045236 0
2949 -1.259647512006907 -0.07382957527331287 0
2950 -0.73217911369999 -0.7884284928578627 0
2951 -0.6335458582290913 -0.7718047193739852 0
2952 -1.148001217650788 0.0901263817435114 0
2953 -0.3770851443200182 -0.7161981783528371 0
2954 -0.8213889219684118 -1.696961435461741 0
2955 -0.3280781524814363 -0.007487190697392958 0
2956 -2.4978609653117 -0.1106226885079281 0
2957 -0.8740220071079976 -0.2882979737619331 0
2958 -1.888136861825195 -0.8217980109756848 0
2959 -4.068878155335287 -1.598491349271609 0
2960 -6.504626845656417 0.2837383217412507 0
2961 -1.418346025926414 -0.5275730149046906 0
2962 -8.561195634502393 0.5381250215173582 0
2963 -1.552737675739658 -0.03135091358345432 0
2964 -0.7169439130526556 -1.092353181301275 0
2965 -1.08579710140256 -1.610012046450756 0
2966 -8.425317363345014 -1.140245685698603 0
2967 -0.7257596917615247 0.0638294397808046 0
2968 -0.2774439824068317 -1.384500213786399 0
2969 -0.5379939280767183 -2.083557719598446 0
2970 -0.5901992076683596 -1.367037306989089 0
2971 -2.428506221993995 -2.63455790703145 0
2972 -5.411749312705296 0.6021061987515601 0
2973 -5.394513965359685 0.4760532431912071 0
2974 -1.684730190800126 0.1218161300283854 0
2975 -6.331012781812514 0.6046386891667636 0
2976 -5.724209759612823 0.5875475181802526 0
2977 -1.498110616549437 0.1537991291298867 0
2978 -1.263382201648623 -0.9316059169554022 0
2979 -9.042312116542877 1.153569325944901 0
2980 -0.8595703630891306 -2.068590962688465 0
2981 -7.527449325170707 1.163954964673539 0
2982 -0.4351879170764343 -0.6902778334110713 0
2983 -0.4264110819010816 0.01352556016105607 0
2984 -0.4289311917540979 -2.027166263146271 0
2985 -8.275409079478816 1.080046972759878 0
2986 -1.567793216162318 -2.011326885641257 0
2987 -3.189298612556817 -1.286609954928749 0
2988 -4.782470780648166 0.116977093881883 0
2989 -1.334910120116938 -0.9923023057731896 0
2990 -0.1772375658110318 -0.5316864226313198 0
2991 -3.762326821189352 -3.591093237492718 0
2992 -2.690563656043528 0.3417328414987766 0
2993 -3.33890738708715 0.2465687172908614 0
2994 -5.573767867275189 -2.376658395021337 0
2995 -2.955858289782756 0.05582522726211806 0
2996 -4.646674151665149 -0.8774476694590626 0
2997 -0.7925307222827611 -2.953920494212719 0
2998 -8.074019266731032 1.065991099192607 0
2999 -0.8190075618177051 -0.4009200985835235 0
3000 -4.356209584550777 0.06394175155614902 0
3001 -3.156943192652353 0.2225731382180453 0
3002 -5.50438607723447 0.6903707821900269 0
3003 -7.8056547308619 -2.330642002728652 0
3004 -7.466438251740321 -2.187120792786633 0
3005 -7.210103120419004 -2.41230486146813 0
3006 -4.102436038905728 0.02169383505457244 0
3007 -0.7026466187081482 -3.870531286888538 0
3008 -3.85263732510467 -0.005943383575094612 0
3009 -7.448852875067598 -0.8051624100420441 0
3010 -0.4430119827798653 -2.358804915224037 0
3011 -0.3672181408859952 -1.919871635674947 0
3012 -6.927636868624931 -0.8289383829119334 0
3013 -2.538157120611308 0.1146624063116831 0
3014 -3.184244463542733 -0.2116025757424287 0
3015 -0.7894385709798024 -1.309833874413703 0
3016 -5.785379673791768 0.08246696521472574 0
3017 -3.356739055182768 -0.1308287834455652 0
3018 -3.606339665224423 -0.02154210417645031 0
3019 -9.18977176730804 1.16041339791312 0
3020 -5.409059364326466 0.1185781167856899 0
3021 -9.486965571801615 0.6644221801646975 0
3022 -9.285602407563022 0.6029292385581774 0
3023 -4.517864222243224 0.0558507351563698 0
3024 -6.220232573612076 0.2501331834018406 0
3025 -0.3556572938579508 -0.5836716874406367 0
3026 -2.33441561941939 -3.173941384721509 0
3027 -2.401164380210793 -3.483162248988148 0
3028 -6.411920593674992 -0.8276602878868847 0
3029 -1.786701825784906 -0.8606421819539627 0
3030 -1.895656123156512 -0.7159607514672798 0
3031 -4.606644629710829 -0.2407031097457886 0
3032 -2.689696097605369 -2.799956209981711 0
3033 -7.470239422364884 -0.1365153190925603 0
3034 -6.018533113886186 -3.617026564451533 0
3035 -2.714871199483973 -0.1153268875336207 0
3036 -3.032092160969056 -0.7301765830511316 0
3037 -5.123353619125082 0.1381527385188499 0
3038 -2.288179305207862 -0.448043702390871 0
3039 -1.062871962810553 -1.372452675336505 0
3040 -9.001244447878054 1.473456530273526 0
3041 -8.796405452340014 1.055889543695953 0
3042 -0.7032757307245726 -0.9208613757686992 0
3043 -3.611983739634787 -0.422737267729201 0
3044 -9.524392340040956 0.1889963588382957 0
3045 -7.589706764261035 0.9324836531769147 0
3046 -8.64379889991179 0.891456941896938 0
3047 -2.656522149708781 0.1701659378309838 0
3048 -4.170946644096711 0.6500517863298138 0
3049 -6.697128985890174 -0.108342572578938 0
3050 -0.5688390551768522 -1.618739725516003 0
3051 -2.795546002291652 -0.8249592894169846 0
3052 -2.811204341810949 -0.9584733539059207 0
3053 -8.481862445186946 0.885362966047829 0
3054 -7.877429180152887 0.6985050320441191 0
3055 -4.947088471588834 -0.8783909335811837 0
3056 -5.432002291340794 -0.9539900808376154 0
3057 -6.798235373736833 0.8595569846332307 0
3058 -4.494067108859181 -0.3157948010363366 0
3059 -2.558127812085818 -0.9267083603305746 0
3060 -7.133933646131643 -2.070078247168349 0
3061 -9.603771161510794 1.080941920507542 0
3062 -1.50299272150468 -2.426430157073443 0
3063 -4.382623276868526 -0.1543384006421037 0
3064 -0.3475706745798748 -1.051535526851536 0
3065 -8.50062509045233 1.384317703903375 0
3066 -8.206672846195454 1.076561322380285 0
3067 -9.411962263637585 0.9522698522363282 0
3068 -7.576900632601911 -1.889907264685103 0
3069 -8.049692903279421 0.6895374313267348 0
3070 -8.071575080253192 0.5974343166509305 0
3071 -9.498092948480325 -0.2471168110975629 0
3072 -0.8569149153489877 -0.5048851859074074 0
3073 -0.5415747406199583 -1.303726474564108 0
3074 -7.869855010207978 0.3244692294589684 0
3075 -8.832694363648075 0.3571051186143195 0
3076 -7.906642739097745 1.01135035725684 0
3077 -8.140786680073917 1.01305204516386 0
3078 -4.673918000819799 -1.27567479221122 0
3079 -8.427492461527295 0.06950532155829821 0
3080 -7.466239708139176 -3.605487081130139 0
3081 -8.995364289358484 -0.1117672611020404 0
3082 -7.739888975500571 0.1004906094313378 0
3083 -3.01861349607117 0.4069532993271159 0
3084 -8.364900990685042 1.149597206058252 0
3085 -7.773727566146945 0.9926107152356757 0
3086 -5.940885501399498 0.2293563573729523 0
3087 -7.231032704980375 0.4578515284963589 0
3088 -7.309232470068288 -1.83967152449144 0
3089 -8.19273495443846 1.286753865882624 0
3090 -1.089106031358634 -1.213439062901807 0
3091 -1.180691735326242 -0.3391944511838654 0
3092 -8.552566208387546 -2.865850203609155 0
3093 -7.482422717537441 0.1218824208401156 0
3094 -0.4675796587400352 -2.458066361099931 0
3095 -0.4774246296175738 -2.553990619299247 0
3096 -0.4876954759700559 -2.602297318108311 0
3097 -0.5382966062774466 -2.613413770448791 0
3098 -0.8256829189831638 -1.926122248844538 0
3099 -4.440901617149122 -1.959836234241219 0
3100 -9.612182814175492 0.3089170701049707 0
3101 -9.359460070466033 0.2229893331718295 0
3102 -1.63147237908682 -1.487334018926162 0
3103 -3.729164977578731 -0.3728510253351434 0
3104 -1.718129956112118 -1.052834857917035 0
3105 -4.220897476137663 0.3480843847166099 0
3106 -9.641022915990145 0.9967969056427215 0
3107 -0.4946036914368331 -1.469258900498541 0
3108 -0.8655650265545793 -1.281377019781461 0
3109 -8.086938344983759 -2.113700596698504 0
3110 -5.828857890384683 0.8830180588651704 0
3111 -0.6791908304095651 -3.775029481249355 0
3112 -0.201740167787666 -0.6744992479256833 0
3113 -0.5072598003623165 -2.698525788204233 0
3114 -0.5177850783968739 -2.746793637787537 0
3115 -0.8208364805194177 -3.328126586342463 0
3116 -0.8058649520206111 -2.234505137730455 0
3117 -9.058358618698675 -1.799879686452788 0
3118 -1.140541107382772 -1.783146448154947 0
3119 -0.6673782174587861 -3.623673714841762 0
3120 -0.6766353855504614 -3.724525642993017 0
3121 -1.418847491314421 -2.75174102870005 0
3122 -1.439976137147036 -2.907172046453528 0
3123 -7.920202485262418 0.6125851874336509 0
3124 -8.655287867213831 1.411319737119751 0
3125 -6.128175354674611 0.0481405235496475 0
3126 -6.927947452970475 1.11687724666384 0
3127 -0.258604121170724 -1.286078762817791 0
3128 -0.6375383263359365 -3.480220923547313 0
3129 -0.6553831207435191 -3.576399485120375 0
3130 -6.557209453795375 0.6242872719813763 0
3131 -1.165102065133521 0.1388318366819316 0
3132 -0.6218096958049651 -3.381378172585563 0
3133 -0.6766123369201291 -3.39203059522788 0
3134 -0.5297698940324924 -2.847704079640574 0
3135 -9.576039853371046 1.518894830271622 0
3136 -9.548732610395938 1.472488878896321 0
3137 -0.7550832300180943 -3.886855363092049 0
3138 -0.6044155346013124 -3.287644194561198 0
3139 -0.5316029548346112 -2.893352726409572 0
3140 -3.219325709505075 -2.396802905804452 0
3141 -0.5889356007652015 -3.184181934503508 0
3142 -0.5741459971650503 -3.140065636312761 0
3143 -0.6239570393472844 -3.056422819691916 0
3144 -7.31890621863292 -3.206598516799172 0
3145 -2.741768394762475 0.4072506872073948 0
3146 -0.5854691885244804 -0.6936261524971348 0
3147 -0.562583645128475 -3.039960226133285 0
3148 -9.76307523891845 0.9732018035429535 0
3149 -6.696644096704501 -2.459123354645126 0
3150 -2.579036121701036 -1.7047215116388 0
3151 -1.038150427387923 -2.623423323792219 0
3152 -6.06383304363074 -0.3065283612621338 0
3153 -7.11682758267277 -0.2161218688520067 0
3154 -7.007021888330307 0.06755671821090012 0
3155 -7.053506763170076 0.2649227133122149 0
3156 -3.712470463618592 0.5232583161732831 0
3157 -6.512235103268788 -3.642031935154382 0
3158 -2.845153896100781 -2.077587341107204 0
3159 -4.564710540933206 -2.939761751729431 0
3160 -7.845159074293671 1.223385894861122 0
3161 -1.860540838459324 -1.411793976892476 0
3162 -9.289558631639704 -1.15032808512157 0
3163 -0.2193121274524616 -0.8197876316870283 0
3164 -9.376088805008797 1.493369755430445 0
3165 -3.373634188416168 -0.8695598470583585 0
3166 -0.5676888689038366 -2.765800868647719 0
3167 -0.7987782014299709 -0.7690464350586538 0
3168 -0.501321358681835 -1.414066151587914 0
3169 -4.375023177563642 -0.4005379062175989 0
3170 -0.7183222728543888 -0.8565669356478669 0
3171 -3.496250989249523 0.2441608709779807 0
3172 -5.788389276037964 0.8583899931602713 0
3173 -0.319995104562557 -1.627961056323817 0
3174 -0.3386143788162238 -0.4410712578272621 0
3175 -6.085578010047838 0.9784159305442898 0
3176 -0.1571399313616487 -0.07545247236865835 0
3177 -7.550218079430191 -0.007084913974592194 0
3178 -5.974192738173468 0.1095734558943229 0
3179 -0.7464373085135241 -0.2176711021000938 0
3180 -8.304269862971127 1.351613149579125 0
3181 -3.875396497148706 0.5999133896569154 0
3182 -6.956925091575162 0.7737243771041137 0
3183 -1.81561215929646 -0.1327819491089755 0
3184 -5.121066896314311 -2.781372826832059 0
3185 -4.600908889512839 -0.3770042753042903 0
3186 -5.041610527474631 0.7504214671136 0
3187 -2.482885844533037 -0.1917280441631337 0
3188 -6.183382283937378 0.6557646426325288 0
3189 -7.356040138176628 1.144794319016396 0
3190 -7.04100425230042 1.026988536424867 0
3191 -0.5099427533398441 -2.420288672655317 0
3192 -4.049580033797048 0.5162111618675774 0
3193 -2.301317856603827 -0.3375444705351693 0
3194 -0.9381928188881106 -2.118150984417839 0
3195 -0.4233786757611022 -0.9757802408092213 0
3196 -0.8073961089982199 -2.386104255677663 0
3197 -10.02884436391281 1.019262606518036 0
3198 -10.00900203379126 1.593499272558848 0
3199 -3.017346183791187 0.01425890034698112 0
3200 -5.426839532037229 0.3867855372518622 0
3201 -0.7744123169767558 0.07418043740546718 0
3202 -9.173655820085422 1.45302170942891 0
3203 -9.463570520724573 -2.783589776183576 0
3204 -2.379022476149228 0.2990203734718371 0
3205 -9.573183166772083 -1.975702787263828 0
3206 -5.439026454852279 -2.883498326135074 0
3207 -8.242622957857913 1.29626890534337 0
3208 -1.839316333046753 -1.535819543700824 0
3209 -3.956557973087195 0.5677668380839216 0
3210 -1.234209908515865 -0.7176518264962422 0
3211 -1.792822450097737 0.201015914096849 0
3212 -9.622395650329446 -1.250529486130158 0
3213 -6.612190134171536 0.2617359060381833 0
3214 -1.379575872522709 0.07231237878643584 0
3215 -2.428067533666798 0.3071045501817211 0
3216 -6.233861795024021 0.9479629486560672 0
3217 -4.794248534662552 0.710592508310283 0
3218 -0.1187983542655932 -0.2318798352329019 0
3219 -4.618333539335498 0.723722411895787 0
3220 -3.471652884105676 0.4847451762308548 0
3221 -4.254839509240653 -0.465195389465805 0
3222 -1.509101618627937 -2.137899011004364 0
3223 -7.175157004834695 1.167191285094761 0
3224 -3.511698857179564 0.3240177926266977 0
3225 -6.565078229817123 1.01116492635549 0
3226 -1.51432544147674 0.1998443231530094 0
3227 -0.8512981124455711 -0.8228014859377231 0
3228 -3.072102259226486 0.4188748816186594 0
3229 -2.042246017672764 0.2459466890869433 0
3230 -9.011298293370608 1.088358708884769 0
3231 -1.049046411149186 -2.080716372197923 0
3232 -4.252025831614183 0.6191928783225509 0
3233 -7.626727167489165 0.8630366853713578 0
3234 -1.636966399693885 -2.497540196993557 0
3235 -8.93146641773971 0.7580213608538984 0
3236 -0.3896724681524311 -0.4251386258336128 0
3237 -5.333668172602954 -1.511892477940709 0
3238 -0.7985636143392382 -2.618536200993192 0
3239 -5.707547071351591 0.4894926021600196 0
3240 -1.357950195725893 -3.260653841652649 0
3241 -1.215529242557217 0.1490985912184246 0
3242 -6.472365095225084 0.9963220118429675 0
3243 -0.1795040270102081 -0.02633519901981733 0
3244 -3.341171037993456 -1.406675137684958 0
3245 -7.10958959789045 1.105993143176308 0
3246 -0.3299481460308 -1.7262849703662 0
3247 -3.347851880785937 -0.2252441058189668 0
3248 -5.927898269804495 -3.237014111944876 0
3249 -9.11299040234368 1.439703748323947 0
3250 -7.340028092058979 -0.1040266581255918 0
3251 -8.986272419735041 1.427557741022886 0
3252 -4.992260938036193 0.745374369193321 0
3253 -1.415603768550671 -0.96342479135098 0
3254 -6.592944242939032 0.5346198455803117 0
3255 -0.7797881714130535 -1.566074715450615 0
3256 -0.9928885943031502 -0.326931635581566 0
3257 -9.215662489337785 0.5122272688475435 0
3258 -7.7772749617492 0.6939360076019609 0
3259 -2.22128636462799 0.0790159035900643 0
3260 -6.373450975043384 0.9765571500619391 0
3261 -4.90415544725029 0.6765115789354981 0
3262 -5.158076036268167 0.8224538742092525 0
3263 -5.311175827985229 0.5012728651416045 0
3264 -9.101467672802235 0.172808544152777 0
3265 -5.927170224506228 0.9036929708458545 0
3266 -3.332054376491895 0.176625382832323 0
3267 -0.440808405864313 -0.1740758886429298 0
3268 -9.754957006684002 0.5271515236051111 0
3269 -2.478704973760743 0.3186001253454647 0
3270 -3.23356954005355 0.4982370133031398 0
3271 -9.261533129785628 -2.108290593969033 0
3272 -3.520669124223467 -0.05496870368807602 0
3273 -7.452298289933901 1.164838896834013 0
3274 -6.973990638213195 -1.036060446220189 0
3275 -2.957662871333874 -0.877366581966442 0
3276 -7.510062433508659 -1.022507976618868 0
3277 -8.454530542753389 1.386011152139879 0
3278 -8.012101940403479 -0.9741053089815647 0
3279 -8.515320025601719 -0.2240557830762673 0
3280 -2.274362223950443 -0.1677929991309124 0
3281 -1.318259495109554 -0.6987959372877366 0
3282 -2.628960890066814 -2.051100907449697 0
3283 -8.311576634677813 0.8854600203761436 0
3284 -0.7850345384834497 -0.2552948949919104 0
3285 -5.604097895514031 -1.024325303817019 0
3286 -5.031174596588895 -0.02850921235301904 0
3287 -6.254184587795027 0.1435897480861895 0
3288 -6.234308965087097 -0.9602743702171154 0
3289 -1.498934943021476 -0.4426161961033455 0
3290 -4.093935848776598 -0.07896992418039445 0
3291 -8.965917402768424 0.08871556868396893 0
3292 -9.739070056153766 -0.4311062866998991 0
3293 -0.2132609640990802 -1.042835880009485 0
3294 -3.844374414809083 -0.1050414828611679 0
3295 -5.805041928473485 -0.03705213146346979 0
3296 -7.771059199742358 1.262845692075815 0
3297 -9.228303531850129 1.464518811332002 0
3298 -9.440967372714724 0.8638116437915248 0
3299 -4.059266722761099 -0.323563458815937 0
3300 -4.435180175560525 0.02018028550799953 0
3301 -1.162602386382049 -1.682961280297358 0
3302 -8.330798118296928 -0.04280287771143391 0
3303 -5.0407587788327 0.08696606472744016 0
3304 -9.564384061993566 -0.4183647608906104 0
3305 -8.597027280235171 0.8142641690649991 0
3306 -8.362006709434395 0.5136858010613855 0
3307 -8.875982236122947 0.2389869828672383 0
3308 -8.834428444113053 1.40088312261309 0
3309 -9.822351132764489 1.502183010750442 0
3310 -0.9679224662483266 -0.526210451679423 0
3311 -1.229186271283592 -3.591097256801659 0
3312 -1.421468107580967 -3.587189497664944 0
3313 -1.918539663132818 -0.560845770627282 0
3314 -1.819977238832244 -0.6696684332015758 0
3315 -0.2950739147886042 -1.070176214224688 0
3316 -7.959146191469426 1.28794757789392 0
3317 -4.412481666920584 0.3821119287726032 0
3318 -4.793652688080249 -0.9715532943579495 0
3319 -0.3495422950525974 -1.82498642661218 0
3320 -0.8145940074944085 0.04137076347838081 0
3321 -0.3967499547044123 -2.115828117456359 0
3322 -0.4227638687561924 -2.260889299035403 0
3323 -3.629661313423676 0.3112599075613437 0
3324 -9.281621277487037 1.47169926635563 0
3325 -9.256848612931133 1.115334031216463 0
3326 -6.067626927748537 0.6438027415221754 0
3327 -3.147459869778786 0.08688094394840021 0
3328 -0.2375640265394987 -1.189275091100907 0
3329 -7.706057843690882 0.6050314075822015 0
3330 -5.571192206483266 0.841584536493967 0
3331 -8.649014027651871 -3.219297615835879 0
3332 -7.603236422254296 -1.26059268929622 0
3333 -3.428005840077228 -0.1835835930771763 0
3334 -0.9734755000195494 -2.409725627060109 0
3335 -2.410952191851442 -1.728837735643941 0
3336 -9.791301306839303 1.551740788077935 0
3337 -6.728717454916993 1.093571908685547 0
3338 -0.7650139557017137 -1.140376327055832 0
3339 -3.149417298955778 0.1545599798545466 0
3340 -9.573122093020141 1.426114755923158 0
3341 -1.993237779644752 0.2328603666864564 0
3342 -1.987612033552183 0.176846414084059 0
3343 -3.653213061358269 -2.538462139240889 0
3344 -1.728168745327976 0.08507548098474844 0
3345 -6.680006632132944 0.8294898780108435 0
3346 -1.371583526923745 0.01596170028391405 0
3347 -4.519374026852415 0.6125303012129613 0
3348 -0.7860978735151862 -1.496946014840661 0
3349 -4.05195768464132 -0.1951262656746872 0
3350 -1.727197852418173 -1.565812334485313 0
3351 -1.756481024464552 -0.1412681492194035 0
3352 -8.737378859506554 -0.1272419313291102 0
3353 -8.664123009216471 -0.2521910154452076 0
3354 -6.902395042495824 1.065718498847559 0
3355 -0.483957028232463 -2.095244466228361 0
3356 -0.9996975795218802 0.05697206673258038 0
3357 -0.7934788002584608 -3.641859853321661 0
3358 -1.753195880690525 -0.9604590499116483 0
3359 -8.233503498247925 0.3498025253504475 0
3360 -2.810308813263622 -1.098592116326815 0
3361 -6.694876778626583 0.5172202687395147 0
3362 -0.2422165005714772 -0.9600677907081001 0
3363 -3.074479293486696 -3.656764579934598 0
3364 -4.091648986755944 0.2944766424048014 0
3365 -9.522591584345159 1.521191953056106 0
3366 -5.434307705907731 0.8215423530882057 0
3367 -4.894475970491095 0.7282782838081369 0
3368 -6.408510930118734 0.934372207692079 0
3369 -9.334416545147286 1.271421746616665 0
3370 -1.653605249351685 -2.342697316713723 0
3371 -7.700264089466673 1.207185654965311 0
3372 -1.523703261079846 -1.013801550249466 0
3373 -2.780045096010191 -0.1720508694478466 0
3374 -9.730083770397037 0.2815731152474309 0
3375 -0.1508094937626504 -0.4352406796651742 0
3376 -3.262728918230575 -0.2692104332773501 0
3377 -5.557150312726938 0.4429146662782091 0
3378 -0.6786965878844049 -3.49882345405613 0
3379 -0.7452621596362001 -3.405326927749545 0
3380 -2.081262417252491 0.2624330548015513 0
3381 -4.081024483353707 0.553093271646482 0
3382 -2.351787901147317 0.2474477957364007 0
3383 -9.144023842776122 1.097643608839354 0
3384 -0.4904212805157246 -2.371499155799891 0
3385 -5.615665472980393 0.4934005580896833 0
3386 -9.95780628710822 1.176426580678148 0
3387 -9.896466178094839 1.267806610716548 0
3388 -5.850821926729925 -1.272978033501801 0
3389 -4.260762287855341 0.6697494444460649 0
3390 -0.09266833076322215 -0.3192709840296354 0
3391 -8.143238343226527 1.284544083581088 0
3392 -2.68108056290219 -1.01426128532103 0
3393 -8.892389853654739 0.9227393686560548 0
3394 -2.548063257611043 -0.2513954905954499 0
3395 -7.401482816226407 1.153524192789771 0
3396 -5.610657364638261 -2.637353070785962 0
3397 -3.388674967754421 0.2837198907473913 0
3398 -4.415428242411096 0.6999053050812949 0
3399 -4.88169870216092 0.07111050000231006 0
3400 -3.513763589603661 -0.9599981062142119 0
3401 -3.801806906698619 -0.5641875570253396 0
3402 -1.393751656913351 -0.7551300919923705 0
3403 -7.968598197723987 -0.7774053004165037 0
3404 -1.249391026641497 0.1162613934739957 0
3405 -0.2471899898132243 -0.06078055395435568 0
3406 -5.335424440518966 0.8068049427148791 0
3407 -1.303769741739387 -0.1125562175362953 0
3408 -0.9673106233903978 -2.845473909604327 0
3409 -0.5191317928895192 -2.569760564957372 0
3410 -0.4098427572245067 -0.0257962641624574 0
3411 -8.890099237335919 -3.655250500023264 0
3412 -3.284983381287523 -0.5269326155963421 0
3413 -4.049376951552524 0.4586956551388846 0
3414 -0.2936372121124716 -1.531074356868178 0
3415 -1.563739999047049 0.2093504120483417 0
3416 -6.972897734608727 0.6503621399312938 0
3417 -4.908642696370878 0.6119055487035983 0
3418 -0.6390864414419963 -3.198728713518341 0
3419 -7.170232989707525 0.3838702155330337 0
3420 -8.090383013511987 0.515186851020624 0
3421 -0.8244992340314586 -0.2903962683498178 0
3422 -0.54341012822781 -2.664642142535235 0
3423 -1.409660408025492 -0.0141922255455408 0
3424 -2.524637718785984 0.3286060512119645 0
3425 -7.020546495175108 -1.248138146472603 0
3426 -9.794054818134672 -3.672442567423671 0
3427 -8.300190509460432 0.4319294592013864 0
3428 -6.970791721156684 -2.543276868125824 0
3429 -5.945662895830173 -0.3662171448372894 0
3430 -5.814837797899125 -0.3036608410625326 0
3431 -4.65942414461935 0.6875859605171915 0
3432 -2.249822225960133 -1.290288832425128 0
3433 -8.826606137453833 0.6506803785768902 0
3434 -0.5471644680455906 -2.995761779340086 0
3435 -6.969484998734382 -0.1689862116213204 0
3436 -3.967281526512748 -3.29562269329349 0
3437 -8.938795900952448 1.092411107411273 0
3438 -2.449621897428976 -0.4440309312093538 0
3439 -6.201560605589035 0.5872614016012889 0
3440 -0.8960730273853987 -2.784261807967682 0
3441 -4.831659158491864 -0.3495002993780195 0
3442 -9.554053441069126 -2.239658585736588 0
3443 -8.047322815739514 -1.165994301780048 0
3444 -0.9112044469017728 -2.620340578844983 0
3445 -3.924611571812875 -0.1562738424175898 0
3446 -0.7211214262325911 -3.642655338151339 0
3447 -5.656197524376607 0.9053183121697097 0
3448 -0.715208888926037 -3.962478991888417 0
3449 -0.4511516024296723 -0.1046985265713782 0
3450 -0.1786248237470155 -0.8386608493671963 0
3451 -0.3174842592352449 -1.405049310854357 0
3452 -9.433117969020387 1.547663685385287 0
3453 -0.5654254849000747 -2.816221636310102 0
3454 -5.587352709381259 -0.2736291575474261 0
3455 -0.1915769954625063 -0.9062638567699015 0
3456 -9.04328541320057 1.488654719116573 0
3457 -1.476261603028827 -0.5033466023023221 0
3458 -3.760299582989008 0.5386886151614106 0
3459 -1.152242404529829 -3.727262251809423 0
3460 -3.308321275813535 0.4590802947265378 0
3461 -0.8712672708605578 -1.985127814531234 0
3462 -9.930369930609817 -1.515112786083433 0
3463 -8.521135353405914 0.832918166677686 0
3464 -0.6561697026134604 -3.333900853759475 0
3465 -1.40007390961785 -0.101481470732132 0
3466 -0.1984415919893311 -0.7196578254332264 0
3467 -5.191782897071691 -0.3928517892405192 0
3468 -3.697114289147815 -0.4983650603131936 0
3469 -9.756902335463572 -0.8306924552393232 0
3470 -1.773252368638039 0.04477901698138214 0
3471 -1.019794673762075 -0.5717155348080387 0
3472 -8.201544318865709 0.8046232496246766 0
3473 -0.1337112530693997 -0.6046471357612726 0
3474 -6.129464838846774 0.6135950228717082 0
3475 -0.4711462145216843 -0.2661124440954759 0
3476 -6.096127498960887 -1.530376450190631 0
3477 -5.911093101721534 -1.489681623679871 0
3478 -8.380589618748331 -0.1917480833890857 0
3479 -8.422306046249567 1.325526248466088 0
3480 -0.8686703126812964 -0.9353375158233055 0
3481 -7.63152442269096 0.625145411512779 0
3482 -1.852888982050036 0.2675730081043301 0
3483 -7.503515622057449 0.8171628284414043 0
3484 -2.026266081123523 0.1470089020955045 0
3485 -0.7396172021173582 -3.834079973109611 0
3486 -7.431421472950751 0.9977927397662207 0
3487 -5.79548635251766 0.8036213162875808 0
3488 -2.207981842339771 0.01709738810497353 0
3489 -6.642985859143034 0.1503031257845492 0
3490 -9.830736529519601 0.8147593788518357 0
3491 -3.512602617920632 0.5043106303153159 0
3492 -5.55502954758383 -1.552001957682309 0
3493 -7.887470193408138 -1.081436713434845 0
3494 -0.8045580828006689 -1.182535221424633 0
3495 -4.514194072729228 0.5465518807502767 0
3496 -0.3531511180118719 -1.005621774037967 0
3497 -1.953881301883407 -1.496272380605345 0
3498 -9.384407539193546 0.802394256562547 0
3499 -4.040528072318764 0.5729112691819067 0
3500 -2.848136219378363 -2.355700587948592 0
3501 -9.319137879068771 1.430579070237686 0
3502 -6.673156228113524 1.039237450181814 0
3503 -0.09719919576427444 -0.1337558518267673 0
3504 -5.797190295260851 -1.082269110967727 0
3505 -4.045491092816676 -0.4344609394203982 0
3506 -0.3973088577795382 -1.849849905026499 0
3507 -4.071493454123433 0.6415921006658099 0
3508 -8.797236962103836 1.319843869850696 0
3509 -1.226049701379029 -0.3123509728928135 0
3510 -2.168612883644394 0.2673301612163959 0
3511 -4.04344776476607 -1.013128442832203 0
3512 -1.483920602879943 -0.7238241248636383 0
3513 -0.2960496135921011 -1.304280443986424 0
3514 -5.8128991021222 -0.1631949568536539 0
3515 -0.4132326891969797 -1.985081574434712 0
3516 -8.064547619850112 1.269559022312288 0
3517 -9.854286369430426 0.002216773389437312 0
3518 -9.299860243210359 1.386718026830144 0
3519 -0.4081473479840931 -2.214271048403698 0
3520 -0.1579658066901216 -0.4764774533399882 0
3521 -1.046021709564341 -2.511034662130379 0
3522 -6.149165276318496 0.9400706014956846 0
3523 -3.721944662300312 -2.172130189683556 0
3524 -0.4583271481860584 -0.06701954657629715 0
3525 -3.257681659989798 0.1444184985313804 0
3526 -9.735435948098081 1.605732382935794 0
3527 -7.642897658098589 1.19193242498419 0
3528 -2.613012581170747 -0.3044404128380321 0
3529 -0.6854480441569022 -3.449559136095775 0
3530 -8.12083939747464 0.3658558887232463 0
3531 -5.157845157213019 -0.2174403621952558 0
3532 -3.142624731000426 0.01594495814990534 0
3533 -1.589997137250374 0.1778111634048711 0
3534 -2.972146670115434 0.4069260970460585 0
3535 -0.8731562240635389 0.09861446106673073 0
3536 -4.863602359407081 0.5817516558255977 0
3537 -0.07888580811002616 -0.2502877337440566 0
3538 -0.3957299107698001 -1.890878225716601 0
3539 -8.891409018158795 1.410934182754295 0
3540 -4.968795797854939 0.03763615623022201 0
3541 -0.3564801314181009 -1.644426693847919 0
3542 -4.905077401742183 0.4876969770125855 0
3543 -4.914289430973509 -0.4182646757253402 0
3544 -2.924094535611547 -1.176312943547191 0
3545 -6.363854284782917 0.8626095907433812 0
3546 -3.385317373572134 -0.4804030850445529 0
3547 -1.889357354834668 -0.6371187937163494 0
3548 -0.4740909741582515 -0.1923993060101565 0
3549 -6.325038655492648 0.9743566009884024 0
3550 -5.90655354390049 -0.9522146082462506 0
3551 -0.1422921288153946 -0.3623273128873246 0
3552 -0.4366965444547095 -2.075810874931295 0
3553 -1.292212613997722 0.1277014021977127 0
3554 -0.5365507507984045 -2.375952812878167 0
3555 -8.402382950726336 1.253621317341672 0
3556 -5.593769379815945 0.1786172251405644 0
3557 -7.390168950492663 0.9368684235058655 0
3558 -0.8711836970958716 -2.993007971030163 0
3559 -6.698676860567663 0.7233733115598647 0
3560 -8.817751438710648 1.358437178458917 0
3561 -7.482804304633354 0.7616853336593161 0
3562 -3.560249399729567 -0.5586622747283353 0
3563 -6.855538728036916 1.068024134948113 0
3564 -1.537909173718035 -0.6000834960528999 0
3565 -5.112201269128263 -0.316411193072889 0
3566 -9.669332132673185 1.550031210291815 0
3567 -2.711744086207368 -0.4151313551150673 0
3568 -1.744982777973114 -0.2413609962153574 0
3569 -9.902097226040286 0.6657251932234129 0
3570 -3.991632565085943 0.4165516068582856 0
3571 -1.564959449225706 -1.723107463121987 0
3572 -4.702862553732674 0.6985936403838864 0
3573 -7.912559319191653 0.227365710957116 0
3574 -9.501359205242641 1.561749947988225 0
3575 -1.285410100812819 -3.757656759219841 0
3576 -3.680367833956785 0.2755060921572244 0
3577 -0.4202116735670912 -0.9343109635863912 0
3578 -5.531060113909681 0.8408844084961716 0
3579 -3.117023717479313 0.4340347720580472 0
3580 -8.50070241493518 1.192755689046706 0
3581 -5.062266610982863 0.7054511643707018 0
3582 -8.06069998673555 -3.318204642751953 0
3583 -1.549002762129729 -2.770806489014306 0
3584 -3.929011893600852 -0.5039988422295694 0
3585 -6.57470006330502 0.07882191646199224 0
3586 -2.847777565194853 -0.226322915219683 0
3587 -6.873607780017767 0.6552965010928876 0
3588 -0.627584635495459 -2.745988470213867 0
3589 -2.045106445733081 -0.6980893488479266 0
3590 -9.966038480362355 0.9740472722362317 0
3591 -6.871633455741964 -1.389122171993885 0
3592 -3.256482725713068 -0.3612486590709132 0
3593 -0.8128214856646855 -3.886424480974847 0
3594 -6.886432984402845 -0.2457598498829029 0
3595 -7.934860762933476 1.246672878317137 0
3596 -5.014537792670863 -0.1199990219447105 0
3597 -8.733393334284212 1.39077386942031 0
3598 -0.5131052102526138 -2.528444142113 0
3599 -1.63900926647417 -0.9883197186934931 0
3600 -8.745638305018652 -0.3750576831690864 0
3601 -3.499972403832328 -0.1397818832425489 0
3602 -9.541057427339611 -3.095174772389422 0
3603 -2.17582473892243 -0.6793869668305796 0
3604 -2.289990135603639 0.2871718925744036 0
3605 -3.484425187130239 -1.475685991306716 0
3606 -4.232590588049278 -1.923293187657324 0
3607 -0.2770062923378981 0.002295643447674339 0
3608 -0.5853883836840627 -1.719232774600814 0
3609 -8.687016959948481 1.383578675485099 0
3610 -0.6907902714674701 -3.543328362021807 0
3611 -4.806359262954167 0.4438737185603413 0
3612 -6.818697147460144 0.5882398905140671 0
3613 -7.272328924499613 1.189995025374136 0
3614 -0.09036752221699022 -0.03677136153301638 0
3615 -7.669484386757292 0.0105895742768947 0
3616 -1.476358720599518 -0.08845091870672424 0
3617 -8.459819355006562 0.8216330154007134 0
3618 -3.553741328547034 0.5044606996595974 0
3619 -0.2757251326280172 -1.211211240660283 0
3620 -2.122943487137301 0.2626476139657004 0
3621 -0.9732297238910577 -0.9252301685231916 0
3622 -6.041865509802008 0.9795710234803983 0
3623 -8.30096219211085 -0.3016265964778087 0
3624 -2.505654361840034 -0.5125464572613698 0
3625 -5.496177866616422 -0.3587426414123777 0
3626 -1.816741007989537 0.01016965708431737 0
3627 -4.513128161219773 0.7175830897864164 0
3628 -8.9748606489709 1.384556593108643 0
3629 -5.683367220790134 0.1347993938220799 0
3630 -9.860626023173735 1.584451790545463 0
3631 -2.726426900518514 0.3665761637479223 0
3632 -9.818674985625819 1.577968520363098 0
3633 -1.91644032510925 0.2280299470282419 0
3634 -5.109274717989338 0.6915292790295665 0
3635 -9.257401392716002 0.4016163480980879 0
3636 -3.363875368263546 0.4783338232705484 0
3637 -0.9173128945490701 0.1116772647460762 0
3638 -5.745710373757432 0.928630048464524 0
3639 -7.360941433070227 0.7579013085714552 0
3640 -1.130939578308654 -1.354695816474659 0
3641 -5.232334359929829 0.797851852847303 0
3642 -6.062031750430577 0.1046949162789348 0
3643 -5.525988421158547 0.639863243132526 0
3644 -5.470837298591183 0.5954283080610937 0
3645 -4.790868033028828 -1.161111831140275 0
3646 -0.8988026475186489 -0.3292909694239685 0
3647 -6.701951221122736 -3.344303399826848 0
3648 -9.298626596758613 1.156648254788684 0
3649 -8.418732290665886 1.165792777430489 0
3650 -9.480965403573434 -1.148878122298199 0
3651 -9.806593101553966 -0.3188297090686433 0
3652 -0.3908248472184981 -1.628673963197304 0
3653 -4.465506465975749 0.5184928458123923 0
3654 -5.74159449703056 -1.649853966767977 0
3655 -3.607853809927063 0.5204515402685718 0
3656 -9.709502534216792 1.007167478889262 0
3657 -4.892764475697688 -2.934612524769331 0
3658 -2.221863036163315 0.2810652890200493 0
3659 -6.274694141669776 0.5716612090158367 0
3660 -9.836009943270934 1.345993811855881 0
3661 -7.060590900851715 1.105925294525607 0
3662 -0.8661462686301016 -3.851464234890302 0
3663 -7.997376172664623 0.6260277191936697 0
3664 -8.783665077714057 1.396903090129645 0
3665 -0.9873058308242046 0.00700980412313986 0
3666 -8.581604206193843 1.185424858762071 0
3667 -6.021722261341612 0.9069074902387929 0
3668 -2.569130245084524 -0.5829906353081385 0
3669 -2.838640684490225 0.4374222268143894 0
3670 -3.196836447680779 0.1278844224897582 0
3671 -0.600310113267516 -2.068069126882428 0
3672 -4.655895113723571 0.6428177801223244 0
3673 -9.596275905507214 1.387490467938291 0
3674 -0.38711755777254 -0.6207619788613793 0
3675 -2.599228112069725 0.3533882553972855 0
3676 -1.147790819743183 -2.046917403146752 0
3677 -5.394599645960284 -0.2977223505456461 0
3678 -7.560601167486235 1.184694720819482 0
3679 -3.930056136448738 -2.095195668842196 0
3680 -1.336321989243101 -0.1348467943885056 0
3681 -1.247742416914559 -1.651418381635304 0
3682 -0.6188909666003684 -0.729806005934804 0
3683 -6.270056017183382 0.9737359753848974 0
3684 -1.781840887745191 -1.125077642610281 0
3685 -5.204481643551688 0.8353019014165053 0
3686 -8.099337985190299 1.283058690867531 0
3687 -0.5395110023862034 -0.2534449083205347 0
3688 -2.814336558233773 0.376653423491851 0
3689 -0.4736618318590257 -2.328642625410707 0
3690 -7.41278680059359 1.081378673751228 0
3691 -3.080124200012913 -0.01316095417456367 0
3692 -1.520577452124174 -3.026503356578101 0
3693 -4.498055538082976 -3.309217833001763 0
3694 -4.147262822564512 -0.4938405281431295 0
3695 -1.602067764928354 -3.585457221691807 0
3696 -0.7370778364988034 -3.002246536066762 0
3697 -7.350786724031524 0.8777452386348583 0
3698 -5.089129353255576 0.7727281979492036 0
3699 -6.984367760643885 0.3099925720208032 0
3700 -7.49222164688394 1.175296510517999 0
3701 -8.282876584981237 1.31110066568856 0
3702 -1.071546519706846 -0.6141152266814656 0
3703 -4.001171799842071 0.5858058240128384 0
3704 -8.938386028265981 1.420686877152624 0
3705 -5.8538856704113 0.7892448877144379 0
3706 -7.803076240265549 1.23032048429805 0
3707 -1.14831394985619 -1.24381617718438 0
3708 -4.149720081817278 0.255703596767082 0
3709 -9.822938258915784 0.9918048033513276 0
3710 -6.516271568148028 1.016136530420173 0
3711 -7.316479392257363 1.146273534664112 0
3712 -0.2357713618443709 -1.642044994653883 0
3713 -0.2957952901065884 -1.982419678730557 0
3714 -0.3492064592853239 -2.332757563062271 0
3715 -0.1762621700854052 -1.297326353909056 0
3716 -0.400482841973321 -2.611980404761319 0
3717 -0.1205275147785026 -1.005463957771744 0
3718 1.607122998363352 -0.1254123396413543 0
3719 -0.4452684305234302 -2.862473791926128 0
3720 -0.4855783163027323 -3.10453217403347 0
3721 -0.08422825184130343 -0.7653237322563992 0
3722 1.570245245397353 -3.840782000419501 0
3723 0.9286342967258732 -3.874866175008342 0
3724 0.9534426467652319 -0.0914125596224144 0
3725 2.293581484127749 -0.1928589991683658 0
3726 -0.04565353590296096 -0.5192364598742777 0
3727 0.4319112164987247 -3.919482573475614 0
3728 -0.5223018593103279 -3.302978755126249 0
3729 2.403503449385653 -3.794795502422484 0
3730 0.5638244323410987 -0.06704849773448336 0
3731 3.18984505459294 -0.2065733264171151 0
3732 -0.5529276921384529 -3.495168863638401 0
3733 0.0247193814757417 -3.927426248885197 0
3734 3.390554060935047 -3.763538178096848 0
3735 -0.005684174462372928 -0.323752684422317 0
3736 4.354851186922366 -0.2801658895164265 0
3737 4.336641294792879 -3.737834910162877 0
3738 -0.220080780107684 -3.936835184225757 0
3739 -0.5791502566733284 -3.646657180926624 0
3740 -0.3808428851565578 -2.467139107695032 0
3741 -0.3265842154133288 -2.172270677507153 0
3742 -0.2648129775848661 -1.83490017497032 0
3743 -0.2116027675575907 -1.49482996854041 0
3744 -0.1533432555506893 -1.158455938137884 0
3745 0.3352977643149243 -0.06386188779912637 0
3746 6.569608818767819 -1.730668425750838 0
3747 0.01072004597547883 -0.1799622836932354 0
3748 -0.4290570103043155 -3.942601628949311 0
3749 5.442116681542926 -3.671519160377498 0
3750 5.399379736734901 -0.3459165063093353 0
3751 -0.6010189572597089 -3.787570679704881 0
3752 3.727854524623458 -0.2333683807828548 0
3753 2.717614046791041 -0.1782691334642331 0
3754 1.930818315088284 -0.1453359935078919 0
3755 1.182963759198336 -0.1011151318911618 0
3756 0.7458107953463032 -0.07950408214466267 0
3757 1.245091035249877 -3.865400056239534 0
3758 1.964495697967052 -3.830548720034988 0
3759 0.6875764013597518 -3.882116514300165 0
3760 0.2135254163246436 -3.90742716202775 0
3761 2.870172505162496 -3.786673481994393 0
3762 0.195301533855609 -0.0558734223467954 0
3763 -0.5380551236646625 -3.398707930219805 0
3764 -0.5009255900593104 -3.202303625299733 0
3765 -0.4674698899528182 -3.001436878643779 0
3766 -0.4220911897170835 -2.760102311520296 0
3767 -0.3139361343864399 -2.083206125251785 0
3768 -0.2494573964976302 -1.740767289373867 0
3769 -0.06141339493759808 -0.6169377716436786 0
3770 -0.02824266323014496 -0.4218158204233668 0
3771 -0.09643316278998666 -0.8596713286884545 0
3772 -0.1925122670929899 -1.396969537583567 0
3773 6.554117905338919 -2.742999914287996 0
3774 -0.5475023764991089 -3.95520756922636 0
3775 0.0708323678742641 -0.04245372914862559 0
3776 6.53974388350052 -0.7459728693986549 0
3777 6.292660074729147 -3.609576594292365 0
3778 -0.6167678670269333 -3.887292731262367 0
3779 -0.6242121043328211 -3.936794714953022 0
3780 0.02913177529272586 -0.07602553762371821 0
3781 6.569045481952778 -1.255381054415349 0
3782 6.164914982913065 -1.497999798934109 0
3783 6.151431068049871 -1.941052490648747 0
3784 5.775806602325341 -1.708854858216776 0
3785 5.761732500549273 -2.132142452243383 0
3786 5.414538365101024 -1.912882780699297 0
3787 5.403153006389769 -2.312193706667785 0
3788 5.075266727162109 -2.095967374910203 0
3789 5.05236567543774 -1.756189193547561 0
3790 4.740909998239028 -1.931177691495767 0
3791 4.734516631845165 -2.316056054252791 0
3792 4.43796893954072 -2.079996195626144 0
3793 4.428561429512247 -1.777209946049103 0
3794 4.151442584225491 -1.918970053708278 0
3795 4.127817463610677 -2.229578905875746 0
3796 3.879196088622278 -2.056270633946072 0
3797 3.886441444715826 -1.765129462761543 0
3798 3.628845611729862 -1.899579575819104 0
3799 3.628191958804502 -2.173324931563324 0
3800 3.381370616506132 -2.026122328514509 0
3801 3.39939192661265 -1.751091614551736 0
3802 3.156764283828137 -1.889066786518782 0
3803 3.151038102691081 -2.137648264070763 0
3804 2.933139316808037 -2.006298611824622 0
3805 2.938738301950731 -1.763951572904285 0
3806 2.721332073735865 -1.880537184880903 0
3807 2.718353023938958 -2.114391407160007 0
3808 2.522330642572503 -1.996879073009114 0
3809 2.512976145389867 -2.216469806677494 0
3810 2.331540073991394 -2.095277341235295 0
3811 2.325979580090153 -1.887255300686473 0
3812 2.155163994017562 -1.989517631067375 0
3813 2.147821465335169 -2.187961883995252 0
3814 1.983847268583224 -2.077234611563303 0
3815 1.990313324664524 -1.893017697938937 0
3816 1.828195978035399 -1.981642275752737 0
3817 1.819962815604255 -2.158453106891499 0
3818 1.670151200283246 -2.065195336907774 0
3819 1.679132676321653 -1.894303784163282 0
3820 1.5324799901232 -1.974785566631986 0
3821 1.535323973664469 -1.810182241242922 0
3822 1.396901252706405 -1.889402860558121 0
3823 1.390084669904573 -2.041801333653499 0
3824 1.272928416182159 -1.963272176218466 0
3825 1.251805733233191 -1.813261904619871 0
3826 1.258656655684601 -2.106148168162459 0
3827 1.137570983795825 -2.025324486102297 0
3828 1.132043755341048 -2.165867124625599 0
3829 1.015761742972652 -2.09922797067235 0
3830 1.011575851890387 -2.227352984342468 0
3831 0.9046184709394318 -2.158280639247742 0
3832 0.8984204186315586 -2.285116702835997 0
3833 1.004050297046586 -2.353926913774854 0
3834 0.8897084360522196 -2.408023321969013 0
3835 0.7879054583886799 -2.340823179944138 0
3836 0.7790563547768393 -2.459833768870948 0
3837 0.682729156428267 -2.392962672709821 0
3838 0.6739734053493424 -2.508519230239454 0
3839 0.7686359116606637 -2.575734096360683 0
3840 0.6641514605273355 -2.623660926944992 0
3841 0.9033907613312395 -2.036323124927108 0
3842 0.5722996887549954 -2.55684892573238 0
3843 0.5624346615881314 -2.667576191227307 0
3844 0.7574306129174043 -2.691021809283149 0
3845 0.4755955259505964 -2.604636342459927 0
3846 0.4652768619609647 -2.708760426201686 0
3847 0.3851617293838541 -2.648590554229224 0
3848 0.3741651958175788 -2.748492138402022 0
3849 0.3936774861403291 -2.544664225329776 0
3850 0.4541832539364089 -2.809205223103848 0
3851 0.3477285824393851 -2.856792005448979 0
3852 0.439971623608946 -2.91038870438773 0
3853 0.3472472561399355 -2.957490861247347 0
3854 0.2834379610649191 -2.781081681469429 0
3855 0.4300726449318054 -3.010311621460174 0
3856 0.3377925279304368 -3.053752031593663 0
3857 0.4182629361683013 -3.106683139760364 0
3858 0.3269657910115082 -3.145858480562254 0
3859 0.2479720357130154 -3.094551478574903 0
3860 0.2382466735046208 -3.183810140632912 0
3861 0.1635938277923629 -3.13108364593063 0
3862 0.1535940014318714 -3.218805915513708 0
3863 0.0832441901149848 -3.166647390734523 0
3864 0.07284647648027581 -3.25185532366982 0
3865 0.1420902071177421 -3.304454056846994 0
3866 0.06203578756519679 -3.336542157572754 0
3867 -0.004614196611741097 -3.286000124244624 0
3868 -0.01501181448406128 -3.36630303721642 0
3869 0.5131454543513091 -3.068388596340015 0
3870 0.4144237966509141 -3.212831692710454 0
3871 -0.07911666888472289 -3.318112862329558 0
3872 -0.09022329977081558 -3.395253897497247 0
3873 -0.02853699980333412 -3.445759966907854 0
3874 -0.1025379497777756 -3.471061350147156 0
3875 0.0926804967024826 -3.08065153007447 0
3876 -0.1719148613079986 -3.426921037937502 0
3877 -0.172761748579896 -3.502358200692712 0
3878 -0.115785191016919 -3.545929534511227 0
3879 -0.1856733944057579 -3.569758546960038 0
3880 -0.2385970985419658 -3.528489069887891 0
3881 -0.2535817304650765 -3.592766560202388 0
3882 2.69464455367906 -1.637457060329312 0
3883 0.1301181479886159 -3.390923431085346 0
3884 1.664636206690505 -2.238752347645518 0
3885 0.8000988419553705 -2.096499422384837 0
3886 0.8013566834380537 -1.972667746278694 0
3887 0.7018612661804112 -2.030825719573087 0
3888 0.7053745309485151 -1.913244077705041 0
3889 0.6103918713792841 -1.965403076729095 0
3890 0.6129196421999472 -1.858581082713541 0
3891 0.5229965142739653 -1.907299398564591 0
3892 0.5260744844962804 -1.80527245635346 0
3893 0.6135473069124235 -1.756071619588398 0
3894 0.5290183929394704 -1.704904965012875 0
3895 0.6144534423354153 -1.656006651022652 0
3896 0.530671855057239 -1.605471204386207 0
3897 0.6145781111870056 -1.556743650657527 0
3898 0.5308879354660823 -1.507524835217541 0
3899 0.6156606153524198 -1.458827997970725 0
3900 0.5321965498669936 -1.409883132383452 0
3901 0.6159966301998154 -1.361132040124919 0
3902 0.5332463406285599 -1.312053391929626 0
3903 0.61675652454385 -1.264665230334004 0
3904 0.5347426721702586 -1.216491940147731 0
3905 0.6176983686828713 -1.168948877254953 0
3906 0.5362122355223039 -1.121169466732017 0
3907 0.6174664952542258 -1.07390524505861 0
3908 0.6946217298985304 -1.120978342627494 0
3909 0.5374912904922429 -1.025821970530461 0
3910 0.6149723018761464 -0.9794740508335437 0
3911 0.5381325173101951 -0.9324666364156639 0
3912 0.6163038194629242 -0.886030550142738 0
3913 0.5394477684717242 -0.8394565000495277 0
3914 0.4401152714785291 -1.852905014012743 0
3915 0.434362428252444 -1.562380168731418 0
3916 0.6197003090146147 -0.7932488542404262 0
3917 0.6972783569752187 -0.8543181540527339 0
3918 0.5410482219636186 -0.7463707834247634 0
3919 0.453950245949519 -1.262746032577602 0
3920 0.4598609725673196 -0.9775953940724057 0
3921 0.6207103701531222 -0.7013104436093626 0
3922 0.5420844507115594 -0.6533891041148777 0
3923 0.4660663704304099 -0.6985919865323181 0
3924 0.4657744214082582 -0.6109368228377194 0
3925 0.6976724880224299 -1.400816978910931 0
3926 0.434412157215653 -1.948771541863585 0
3927 0.3567780578099849 -1.897330644852538 0
3928 0.3521990974036607 -1.987976147830046 0
3929 0.2782650108939245 -1.939811550242881 0
3930 0.2730495718820661 -2.025117595516027 0
3931 0.2030315146181238 -1.981202868046664 0
3932 0.1976737223403592 -2.061143431749674 0
3933 0.2023687995721016 -1.904605350753407 0
3934 0.393864432231348 -0.6534672381955915 0
3935 0.393843936171376 -0.5730126786598964 0
3936 0.1297923979572024 -2.019333657113906 0
3937 0.1264757241404687 -2.097184071618304 0
3938 0.6207565185785509 -0.6051364661525493 0
3939 0.3247217697868874 -0.6123214849715631 0
3940 0.3267079677100024 -0.5343848392488537 0
3941 0.3920334468056404 -0.4956720287555513 0
3942 0.3262443885966625 -0.4591495710689537 0
3943 0.3245311726974763 -0.6896206775117483 0
3944 0.0617745659690804 -2.057829481473116 0
3945 0.05781628528795635 -2.133348655890039 0
3946 0.121595253250343 -2.174093126025058 0
3947 0.05290287579758285 -2.208899169812521 0
3948 0.3568112632023677 -2.081950664831957 0
3949 0.1158478515471599 -2.249841722805175 0
3950 0.04775621448550802 -2.282162041590041 0
3951 0.3908668538151459 -0.420135207585253 0
3952 0.3256836486032545 -0.3840013957239045 0
3953 -0.01330467559984557 -2.242281749262627 0
3954 -0.0185904647287496 -2.31442515867403 0
3955 0.04156085753787284 -2.35550844118264 0
3956 -0.02491548769843319 -2.386850218590729 0
3957 0.03437987649563416 -2.428462002642587 0
3958 -0.03213064476286853 -2.459032283459732 0
3959 0.02776376801880547 -2.501371521790907 0
3960 -0.03697132272758652 -2.529443414012003 0
3961 0.2597018741287631 -0.6506318913051357 0
3962 0.2578070244868576 -0.7230815173206296 0
3963 -0.002703292569779647 -2.093620811587981 0
3964 -0.0003346599855850533 -2.021375092902709 0
3965 0.2503219669695666 -0.500441174151231 0
3966 0.01585062984346853 -3.115555339893171 0
3967 0.02524521117122454 -3.032831035687163 0
3968 -0.04740558295717717 -3.064625173558921 0
3969 -0.03742121536127715 -2.984504384021843 0
3970 -0.1096373801484756 -3.018443420570831 0
3971 -0.1020985582361512 -2.944708151238345 0
3972 -0.1676969267418441 -2.974791024561914 0
3973 -0.1747895227078777 -3.04495573752415 0
3974 -0.1595726636059516 -2.903878972704611 0
3975 -0.09683204760249617 -2.873069018850688 0
3976 -0.1549059219433692 -2.835587552241632 0
3977 0.02075098725021222 -2.574464896241821 0
3978 0.9943802173870711 -2.480845381177939 0
3979 -0.08741402806137961 -2.42142147416123 0
3980 1.678333453262774 -1.730075678441489 0
3981 1.537468297274355 -1.650825107617817 0
3982 1.677170087272653 -1.570055094425847 0
3983 1.54053834770281 -1.490697126751797 0
3984 1.678022867153222 -1.410594811701486 0
3985 1.542514816858344 -1.331752631043996 0
3986 1.679456178902127 -1.252635668474112 0
3987 1.544700027000406 -1.17447670280643 0
3988 1.679158660143577 -1.089048144367484 0
3989 1.544450044261758 -1.015442103526318 0
3990 1.820497582296007 -1.176133029964722 0
3991 1.819389324711628 -1.004330594642318 0
3992 1.968113600650796 -1.096636089011857 0
3993 1.412085820974425 -1.258008513714435 0
3994 1.967054312017232 -0.9219576667546857 0
3995 2.121709185234011 -1.008708837932532 0
3996 2.930075325276472 -1.53000087769924 0
3997 -0.1293092814324802 -3.618175807039422 0
3998 1.809228922219422 -2.332813897575075 0
3999 1.654537111710972 -2.411326713503223 0
4000 1.796519779798149 -2.5055503641231 0
4001 1.643279262592387 -2.583751016951957 0
4002 1.785969359108849 -2.678314601257229 0
4003 1.631147264940609 -2.754983574479044 0
4004 1.774646257069993 -2.856247266288948 0
4005 1.617855321002656 -2.92976741255495 0
4006 1.935426525590612 -2.766264793933303 0
4007 1.923108244343856 -2.958824294419413 0
4008 2.093326633720504 -2.863491375554194 0
4009 2.699404510853479 -2.33925335541727 0
4010 -0.07653195466375648 -2.274549800132372 0
4011 0.8036210878642126 -1.856271339276971 0
4012 1.816499794137927 -0.8383219166042395 0
4013 1.48113038722161 -2.832815457204134 0
4014 1.468615393423187 -2.997686485104837 0
4015 1.312062988627083 -2.907030999069876 0
4016 1.320578766184018 -3.067056946550624 0
4017 1.453916919864817 -3.155176901633321 0
4018 1.308291930893484 -3.213928826100212 0
4019 1.185267137514403 -3.133621432852177 0
4020 1.172617942731694 -3.279396989074787 0
4021 1.052736345412471 -3.196332075246813 0
4022 0.1964817892743697 -0.6875563026658836 0
4023 0.1945441627568753 -0.7564728794771195 0
4024 -0.05803112621471145 -3.594740836444014 0
4025 0.1018688716371006 -2.397922414242801 0
4026 1.040972482453556 -3.33811753475375 0
4027 0.3905969031033722 -0.344735236947577 0
4028 0.45629143275278 -0.3812332413416167 0
4029 0.7024674446703163 -0.6569465085237901 0
4030 0.7026507501809078 -0.558537085348135 0
4031 0.7880653637103716 -0.611401599647215 0
4032 0.7874838112412005 -0.5102256649231378 0
4033 0.8768735916595765 -0.5605384768246637 0
4034 1.112166761416872 -2.426228571046329 0
4035 -0.3048880173047502 -3.549049647887598 0
4036 -0.3173580122780831 -3.614289026213382 0
4037 -0.2892395205975409 -3.480339709990603 0
4038 -0.2667398920011815 -3.658552917497968 0
4039 -0.3307714664908155 -3.679863594590138 0
4040 2.07985870668709 -3.062400456527832 0
4041 2.257249573719969 -2.977936521392072 0
4042 -0.06217472332034686 -2.052737112510818 0
4043 -0.05442134855349355 -1.985046290245114 0
4044 1.964294819090086 -0.7503943413836413 0
4045 0.8762092040825624 -0.6671120393697371 0
4046 0.9705572642401231 -0.6140151259124925 0
4047 0.9673013748642268 -0.728058905475744 0
4048 1.06888592227145 -0.6702900206667178 0
4049 1.065433787546841 -0.7906109338888898 0
4050 0.9678123198522675 -0.5014565108000834 0
4051 1.172728046646416 -0.7294813303936809 0
4052 1.172953068943714 -0.6055115473945083 0
4053 1.283067273928782 -0.6681514294058425 0
4054 1.282839124284991 -0.5363998669307699 0
4055 0.7016261477564901 -1.605124099699778 0
4056 -0.2288903431632611 -2.9964457819034 0
4057 -0.2473587008904811 -3.063900086976558 0
4058 1.814539337445075 -1.505156985491161 0
4059 2.120692978663519 -1.192746788210736 0
4060 2.283331198208261 -1.100937244790843 0
4061 2.281134493386511 -0.9162704111268319 0
4062 2.453398118450854 -1.007697233517713 0
4063 0.3266763693924152 -0.3072137098671379 0
4064 0.2627841627203159 -0.3472362553904887 0
4065 0.03541841933351671 -2.950241129296181 0
4066 0.9286214437927659 -3.257760605080518 0
4067 0.9196957007762175 -3.389022520251684 0
4068 0.1375079314248726 -0.7193110207217024 0
4069 0.1353287467264939 -0.7863817436695991 0
4070 0.1919916476100408 -0.8233288425862941 0
4071 0.1320744332446602 -0.8548146343448711 0
4072 0.1885265986795203 -0.8909721566755751 0
4073 0.1286715629354634 -0.9226700625326121 0
4074 0.1857359438255898 -0.9589753405014093 0
4075 0.1253347511425935 -0.9908214770468016 0
4076 0.1828116179759878 -1.027344197418014 0
4077 0.1219733110608914 -1.059391361658419 0
4078 0.1798481337398957 -1.096157271673265 0
4079 0.1203269005054046 -1.125111964197576 0
4080 0.1764140793009193 -1.165187916526165 0
4081 0.1191640429414196 -1.189121271929155 0
4082 0.1744414157247072 -1.233677831657628 0
4083 0.1030643538018214 -1.257419608203408 0
4084 0.1694732693283784 -1.303409303922467 0
4085 0.1066414107462 -1.336258847273439 0
4086 0.1672759691358816 -1.375417654696979 0
4087 0.1044903687068348 -1.408788148461827 0
4088 0.1653810400840177 -1.447596864336335 0
4089 0.1015150458586785 -1.480790709148136 0
4090 0.1621707281607185 -1.519762512826601 0
4091 0.09807968437199167 -1.55283711353391 0
4092 0.1582575833660308 -1.591014099211772 0
4093 0.09414480859001637 -1.623111052274922 0
4094 0.03433837451960582 -1.584966533022972 0
4095 0.03135218756977547 -1.653797321930758 0
4096 0.1377974640089757 -0.6544225612830461 0
4097 0.04022462368825364 -1.442657819491921 0
4098 -0.2151088384863233 -2.864143188410968 0
4099 -0.2102896512397303 -2.798065277279154 0
4100 -0.1507674578718169 -2.768826775845654 0
4101 -0.2057905121055486 -2.732280610747954 0
4102 0.04512611631012051 -1.300779939094237 0
4103 1.061073647829132 -3.061390623856424 0
4104 0.3916718117392897 -0.2677583793069551 0
4105 1.807541427365497 -0.6673299808993584 0
4106 0.2642389231541176 -0.2736228373247576 0
4107 0.3601428044231386 -1.802915940998853 0
4108 0.09002790662152017 -2.543730864887554 0
4109 1.293967751313213 -3.349702068706488 0
4110 0.06818145884528864 -1.087178500965515 0
4111 0.2044429604723881 -0.3117507522760366 0
4112 0.001332509788845513 -1.952589056111347 0
4113 -0.05620054733353688 -1.918180649301793 0
4114 -0.0002598702660828753 -1.888098616374518 0
4115 -0.05497141688190704 -1.860364682540233 0
4116 -0.02528404256938568 -1.618608731905839 0
4117 0.2318842668261914 -1.412093319028167 0
4118 0.8093523151454585 -3.316794921726521 0
4119 0.8057719844203246 -3.451114562751835 0
4120 1.170618989127478 -0.8523223856908722 0
4121 1.060923620626928 -0.9129722058996368 0
4122 0.2396030183834433 -1.133212559701648 0
4123 0.07004844666925344 -0.9538267296978469 0
4124 -0.3703285004832873 -3.573569290510112 0
4125 -0.07108640085622354 -3.669987593740343 0
4126 0.003334845392099228 -3.644624790904844 0
4127 0.6042556882753495 -2.071599050577792 0
4128 0.2509341598425542 -0.857992753929676 0
4129 0.08314899267815529 -2.620630063707523 0
4130 -0.1854099553644758 -3.11174897759978 0
4131 -0.2487494627585367 -3.134681362566789 0
4132 2.451237686122356 -0.8114602591990412 0
4133 2.630719827471655 -0.9086431109344395 0
4134 0.2031587824569626 -0.2456389736041809 0
4135 0.1549504876140697 -1.663324773930329 0
4136 0.7017526247908081 -0.4606431272112281 0
4137 0.7860605881510677 -0.4110147235640254 0
4138 0.7003013761806669 -0.3630581297894623 0
4139 -0.2803558224797417 -3.724696956959121 0
4140 -0.3437115270161307 -3.744528256015776 0
4141 -0.3917539159789846 -3.701389783174405 0
4142 -0.4048463023950657 -3.763093486735609 0
4143 1.907503461642731 -3.147819464862236 0
4144 2.063851754443593 -3.255054239523307 0
4145 -0.3058092512581407 -3.10210159589807 0
4146 -0.310746488971202 -3.161273641369696 0
4147 -0.2578561407186049 -3.199800997773085 0
4148 -0.3174662809539715 -3.222784007425116 0
4149 0.8175023706688171 -3.186688635361017 0
4150 1.03026533983875 -3.470734041948193 0
4151 0.2130122835865847 -3.357704384690201 0
4152 0.200007261414378 -3.448418821708568 0
4153 0.2862199576127202 -3.4135189276457 0
4154 0.2728301410055316 -3.507854925799004 0
4155 0.3634144164577381 -3.471557034064628 0
4156 0.3495754504616838 -3.569553575199247 0
4157 0.4431884813215917 -3.532067788230441 0
4158 0.2572666623999752 -3.600425253423697 0
4159 -0.1127969454566075 -1.955062623601119 0
4160 0.5353721332633076 -2.869630997549711 0
4161 0.1870040381764491 -2.216327163945643 0
4162 1.889675935187833 -3.33649680537548 0
4163 0.2218571949097319 -1.630069725658916 0
4164 2.26764259438481 -2.774823649633503 0
4165 2.441115002482367 -2.88898382731076 0
4166 2.428368199226341 -3.098470893924186 0
4167 2.622381201809074 -3.005306732582559 0
4168 1.103432588337919 -2.557144265124245 0
4169 -0.1465678756567411 -2.702943634440251 0
4170 -0.2016399767570757 -2.668087984452308 0
4171 -0.0898470857048648 -2.739559485705556 0
4172 -0.2683400618606547 -2.826651959707081 0
4173 0.06839645233967034 -0.8161697523047028 0
4174 -0.2584573870483428 -2.696088673298573 0
4175 -0.2545687558882106 -2.633260812149254 0
4176 -0.1989100519532123 -2.605177557540672 0
4177 -0.2511667293566213 -2.571216661025661 0
4178 1.398040408762674 -0.6040630149585335 0
4179 2.280182464887814 -1.291137358371935 0
4180 -0.2676698798728028 -3.263072709861016 0
4181 -0.326878204864767 -3.285567028212421 0
4182 0.1483336248761282 -0.2786009049923832 0
4183 0.1445164500061487 -0.3449367157329871 0
4184 -0.3589390040650015 -3.805650330687552 0
4185 1.397454971582863 -0.4694210566545118 0
4186 1.229330589627072 -2.496057372861767 0
4187 0.08244997074855449 -0.6844862297144125 0
4188 0.08225968632013758 -0.6219165150081553 0
4189 0.6989895215061229 -3.36837895359215 0
4190 1.958855837353223 -0.582258228489367 0
4191 0.2441441235285814 -0.9931053681735732 0
4192 1.166912028954386 -0.9760560958772593 0
4193 1.056651828405728 -1.03367010931083 0
4194 0.2344137843061433 -1.272744391894199 0
4195 0.14698495787786 -0.2168097246544174 0
4196 -0.02833292052381041 -1.682735858467402 0
4197 0.02497025796606744 -1.723783529953366 0
4198 0.1549939173375419 -2.588155368137263 0
4199 0.783814452564534 -0.3127999835769746 0
4200 -0.451132527318294 -3.72129883862023 0
4201 -0.4631419066925904 -3.780830619253004 0
4202 2.606489704492131 -3.225306879448154 0
4203 2.812712794209399 -3.128063771346808 0
4204 2.82839086494505 -2.904094113548204 0
4205 3.026307566660992 -3.025307117509743 0
4206 3.042728082870713 -2.78683340428019 0
4207 3.250460477826866 -2.916840670528491 0
4208 1.799454848938003 -0.5170463881178324 0
4209 0.9540726885239109 -0.9711193786649934 0
4210 0.9493475113089891 -1.089925784423313 0
4211 1.050573358761021 -1.154195560673638 0
4212 0.9428671006278373 -1.209325918373102 0
4213 1.042731049974823 -1.274564850411768 0
4214 -0.08238962615411229 -1.647765881325928 0
4215 -0.07966917910271426 -1.586147856978866 0
4216 -0.08537009887971891 -1.71026715769225 0
4217 0.4297936039984039 -3.635040733574717 0
4218 0.5283351680553893 -3.597272334953438 0
4219 0.4705126131969737 -3.426073997041467 0
4220 -0.1977781823899789 -2.543038161166944 0
4221 -0.248694860087427 -2.510600653355536 0
4222 2.631491474079132 -0.7001865112751458 0
4223 2.820628730235683 -0.8038238934200465 0
4224 0.1369555273183043 -0.5908713751725957 0
4225 0.08293487387514838 -0.5593679509586678 0
4226 0.2584726534731004 -0.2097125042202255 0
4227 5.785177664899239 -1.283391124398449 0
4228 3.004273508014837 -3.260513299149753 0
4229 -0.01163008604530282 -3.721049097550798 0
4230 -0.09816116380775886 -3.752633470445728 0
4231 0.06517999460393727 -3.699010689681734 0
4232 1.280869778692849 -0.4026074473844612 0
4233 -0.3685904867580192 -3.185769857121563 0
4234 -0.08100790013159531 -3.233997874756527 0
4235 -0.07071095034635615 -2.203085344928769 0
4236 -0.1314964331903825 -2.234947613032639 0
4237 -0.1261281365451214 -2.1675100213729 0
4238 -0.1844060529167044 -2.198156622073376 0
4239 -0.1896002760232756 -2.259770147307798 0
4240 -0.1803748448844754 -2.135976341785665 0
4241 0.9354900178401315 -1.329511593058782 0
4242 1.035924804560156 -1.395161090174779 0
4243 0.928112571357568 -1.450230223795676 0
4244 1.029011506348432 -1.516180247647749 0
4245 1.152063103973935 -1.471504935386015 0
4246 -0.2775565729474419 -3.326067279268724 0
4247 -0.3380893001916256 -3.34480989370052 0
4248 5.735961412079488 -2.542175721252128 0
4249 5.399374625049271 -2.694111908240345 0
4250 -0.4416072789518704 -3.657521635745594 0
4251 -0.2733577669845147 -2.889506723313235 0
4252 -0.384710951161974 -3.308068770549357 0
4253 -0.3958555179359097 -3.364851886391841 0
4254 2.447844855383775 -0.616763475491566 0
4255 2.815036739695728 -1.016364461409448 0
4256 3.021160203439566 -0.9113510770505143 0
4257 0.135305375604116 -0.5297566258517229 0
4258 0.08243260923782347 -0.4983184717504984 0
4259 1.491448153956123 -2.309146595520917 0
4260 0.6980623167347211 -0.2670842959257042 0
4261 2.046083542113894 -3.44612905238558 0
4262 0.07805652637144808 -3.629057870816283 0
4263 0.218398664487984 -1.705824974969582 0
4264 0.2887433128096044 -1.670968796807345 0
4265 0.5123163451631373 -3.707796869452988 0
4266 0.6180755607719456 -3.667819013904881 0
4267 3.270683441832811 -2.673528508137998 0
4268 3.486413245175733 -2.8042157138057 0
4269 3.468573326924032 -3.068265412585864 0
4270 3.716946361282439 -2.950046785401954 0
4271 3.69639800773454 -3.226305585356322 0
4272 3.956702636078866 -3.104988851336009 0
4273 0.921185766769543 -1.569457961402901 0
4274 1.021896393293428 -1.637381686742573 0
4275 0.1472081683963287 -2.668545860248086 0
4276 0.0725809354568154 -2.701111650558903 0
4277 1.39387422767605 -0.7319490976461749 0
4278 5.70763663889024 -2.932227836109604 0
4279 0.1370152961785645 -0.4709996381028687 0
4280 0.08301861758351284 -0.4385159118903927 0
4281 0.150018137644055 -1.739110901048386 0
4282 1.399280280492704 -0.332791908480129 0
4283 1.515790504822865 -0.3996327381977334 0
4284 -0.3234715786348409 -2.853016148185856 0
4285 -0.3295190115048513 -2.913276837587709 0
4286 -0.3279935846117056 -2.786278165999595 0
4287 0.2908411108339429 -1.5906809751935 0
4288 3.018670460007847 -0.6836678158228934 0
4289 3.226695120230708 -0.7999380963570144 0
4290 3.228748382726254 -1.039749075782074 0
4291 3.445616117329913 -0.9223939697635455 0
4292 3.440265755080074 -1.180814543966706 0
4293 3.675696096591007 -1.053774799712927 0
4294 0.09538534994568737 -0.2491373142360055 0
4295 0.6901006631244597 -2.279267107913857 0
4296 0.585289558760093 -2.341709133070125 0
4297 1.379150690639881 -1.574495931014297 0
4298 0.6184805140033983 -0.3152760502602124 0
4299 -0.084489617026757 -2.665744943625009 0
4300 3.981453189573365 -2.823021618834702 0
4301 4.233285328617539 -2.975921914504776 0
4302 3.681766316548636 -0.732138772919392 0
4303 3.919070369182315 -0.9113374729598704 0
4304 -0.5075793876677096 -3.74242428838456 0
4305 0.9829449973648228 -2.607692996099761 0
4306 1.095541212611486 -2.698363985224687 0
4307 0.9715009277890468 -2.743004053336655 0
4308 0.1381966609385756 -2.749685405948732 0
4309 0.06982941812997864 -2.786247515443665 0
4310 0.1302198948427454 -2.831724790031654 0
4311 0.06259808698674393 -1.916210439416391 0
4312 -0.1963010339855793 -2.481863936947791 0
4313 -0.2461883956287703 -2.449770703096998 0
4314 0.1812594088873787 -2.295193700845028 0
4315 0.2548042644720106 -2.260640151182948 0
4316 0.2497504520967736 -2.343934227259531 0
4317 0.3271289813204731 -2.307135477360817 0
4318 0.3195873039741482 -0.7639952494576184 0
4319 3.915355248269561 -1.196493796151647 0
4320 4.173933269993591 -1.060204324127463 0
4321 -0.2069864010903514 -3.24051390552531 0
4322 0.05836676045866766 -1.843765276770336 0
4323 -0.3022536117625549 -2.538524220259484 0
4324 1.954771207296752 -2.429102875438938 0
4325 1.517761186916281 -0.6724720987435679 0
4326 0.8283262598983056 -1.254654589887415 0
4327 2.41171312069859 -3.308208331909318 0
4328 2.492694320988269 -2.43664635616128 0
4329 0.8720320187960904 -0.3594301362549721 0
4330 1.152231240250111 -1.220567331250923 0
4331 -0.1337587131461248 -1.613739775191232 0
4332 2.58921356672645 -3.444625143090601 0
4333 2.743928516431776 -1.413803080310404 0
4334 -0.3068776318252939 -2.660162616610199 0
4335 1.244907282466774 -2.23869241245304 0
4336 1.281117624885874 -0.9062684086353752 0
4337 1.876311345477686 -3.522461587605068 0
4338 1.722665137414672 -3.417946305867432 0
4339 0.1593078908879234 -2.511350487310426 0
4340 1.344559383935841 -2.745680167940306 0
4341 -0.1932379721849249 -2.421059918030953 0
4342 -0.2442887816023308 -2.390599047154543 0
4343 -0.2947616922857098 -2.416612209895735 0
4344 -0.1294423941998982 -1.554836883415337 0
4345 -0.07863781536716169 -1.526067346203545 0
4346 0.6157425229473832 -0.2232689455265693 0
4347 0.5392400667360542 -0.2692847800054886 0
4348 -0.2161386440993827 -3.703370182003121 0
4349 -0.2256911541057752 -3.766642347422907 0
4350 0.3202958294895704 -2.394786313861542 0
4351 0.4018528357261167 -2.355596567788015 0
4352 0.4083446578411846 -2.26380599099288 0
4353 -0.2372796758114286 -2.22547976742033 0
4354 -0.2442402232191933 -2.281439704910801 0
4355 2.120026562361755 -1.382227988056215 0
4356 2.273722329447023 -1.48321484582123 0
4357 0.8721073088323192 -0.7857695210066568 0
4358 2.113420700205204 -0.6619361948690509 0
4359 2.099528787127698 -0.4544582106543989 0
4360 2.102670635914804 -1.586121804167175 0
4361 0.2295786673488167 -2.55415912585429 0
4362 0.02191261176213187 -0.6504281879077241 0
4363 0.02731483792637275 -0.7117162014410042 0
4364 0.04371976265735942 -3.786909523864812 0
4365 0.1337264288557683 -3.751056185303583 0
4366 0.8826116937493369 -0.2599428375510028 0
4367 0.9708139366626114 -0.3168372782875014 0
4368 1.079955340900494 -2.824292778703846 0
4369 0.9576773612185914 -2.879093610513377 0
4370 -0.1913143169235371 -2.360327280431791 0
4371 1.27620716551685 -1.047801763537878 0
4372 -0.1438797075110849 -2.575824393561396 0
4373 0.8553456733057025 -1.025276962826923 0
4374 -0.2898764940833359 -2.251147546061193 0
4375 -0.5164063354743033 -3.800955559934927 0
4376 -0.4756162423130751 -3.838134861147431 0
4377 -0.5257267961284089 -3.854401063705586 0
4378 3.047812671670032 -2.525865567384927 0
4379 3.948188287723022 -0.6781011522452421 0
4380 3.913966309149892 -3.438801087375141 0
4381 -0.1261932413915641 -1.498083106450646 0
4382 -0.07782883894482706 -1.467525156378498 0
4383 0.9140991049242864 -1.687667177741531 0
4384 1.015685584686354 -1.759623796068899 0
4385 -0.1773219315056273 -1.579026502974873 0
4386 0.4227213913177303 -3.723518990722685 0
4387 0.09661924994962465 -0.1892440163116191 0
4388 0.1441384315325383 -0.1568869106970294 0
4389 0.6344485605212026 -3.546311966721458 0
4390 0.7310112094108265 -3.625436807625301 0
4391 0.2976211232232366 -3.321850708378125 0
4392 0.1139768745132363 -3.474324547347372 0
4393 1.705938321737174 -3.590182974004856 0
4394 1.565121200085306 -3.495901917419177 0
4395 2.662525885680326 -2.56715265817519 0
4396 4.289944007985095 -2.696869913804484 0
4397 4.53571005631018 -2.851891080298403 0
4398 4.503846337326681 -3.156945673251279 0
4399 4.80142853093581 -3.017901311054184 0
4400 4.837299844888354 -3.384186162263263 0
4401 5.077094714717466 -3.169182750199647 0
4402 0.2587831010639057 -2.181995212964749 0
4403 -0.4387842956241481 -3.328315438948808 0
4404 -0.4283276513509691 -3.268190023866334 0
4405 -0.456109105366135 -3.390894540647737 0
4406 -0.3997835994312864 -3.423848278700879 0
4407 -0.4588135475203803 -3.450899209271909 0
4408 -0.4163005470473375 -3.483087556068702 0
4409 -0.4681781192408057 -3.506493721977662 0
4410 3.416289483255947 -3.337663998227539 0
4411 -0.02534896126136722 -0.6870121370452084 0
4412 0.2132695877600346 -1.782692354336614 0
4413 -0.3722808912612787 -2.818858097375547 0
4414 0.09145228770954703 -0.1315391501677835 0
4415 2.624609387786594 -0.4987258414645401 0
4416 0.1906893589139437 -0.5586097802827853 0
4417 -0.02701260164666033 -1.497063754600733 0
4418 3.194767858729702 -1.255644900754254 0
4419 1.294432326302237 -0.2631139104054074 0
4420 1.172646398628069 -0.3192242439216391 0
4421 1.399277035802923 -0.2112326269840573 0
4422 4.165234418523291 -1.351324834922657 0
4423 4.440226052418025 -1.203278959574464 0
4424 4.450027005279949 -0.8947175401325008 0
4425 4.743578458681379 -1.059980627024827 0
4426 4.739444346508306 -0.7147273467446388 0
4427 5.038306623946632 -0.8888748334091893 0
4428 0.5884943048581711 -2.244340966854224 0
4429 -0.2917911925522781 -3.389190488520266 0
4430 -0.1243011567105727 -1.442994871045993 0
4431 -0.07668848872084955 -1.410222337467972 0
4432 -0.1355268681478887 -1.385737097574015 0
4433 -0.07671183603884942 -1.351580400917355 0
4434 -0.01904942269893627 -1.377197069217051 0
4435 3.202125244648883 -0.595862814833384 0
4436 0.03641544679396697 -0.4713468091417641 0
4437 0.3605966775514508 -1.63344409776939 0
4438 0.8296749930334038 -1.503571438175684 0
4439 -0.4892853988947338 -3.89387195268734 0
4440 0.124387277020191 -3.839097207067538 0
4441 0.5356754857588545 -0.1869643888259345 0
4442 1.511496366006613 -0.8290399617552825 0
4443 1.148023549288943 -1.69465212473762 0
4444 4.724487588483301 -1.357692611708297 0
4445 2.427770298752757 -0.3891259065888582 0
4446 0.7101136143853014 -3.738513306761809 0
4447 0.8222846751254796 -3.693400282828736 0
4448 3.043742543381884 -0.4330020270359118 0
4449 -0.126414369095878 -2.107093231250764 0
4450 -0.1785263007682093 -2.075347494547631 0
4451 -0.2313679445770817 -2.102657653278293 0
4452 -0.2243273703771182 -2.042704469470725 0
4453 -0.177226931125782 -2.018858265937852 0
4454 3.489598503189921 -2.539313329616276 0
4455 -0.03548112694393018 -2.706261507629685 0
4456 -0.04075312290198238 -2.777191764368949 0
4457 2.442155510655943 -1.392188574462853 0
4458 2.442497653677289 -1.593832512569783 0
4459 -0.2187087670942785 -1.990182812113654 0
4460 -0.02354437863157634 -0.7383972624813118 0
4461 -0.02236143925453366 -1.319602442950432 0
4462 -0.07669057101146257 -1.291723835136378 0
4463 -0.02058723775833358 -1.264010482611647 0
4464 -0.07729017524963033 -1.232391911790895 0
4465 -0.02625152561536416 -1.202657583337895 0
4466 -0.0773465659986336 -1.173624311474541 0
4467 -0.02790973656405555 -1.144295799693777 0
4468 -0.07565116041196382 -1.112907677098773 0
4469 -0.02864167460900434 -1.08610063104168 0
4470 0.025177844739596 -1.172916431088809 0
4471 -0.0842451443143407 -1.054013309586287 0
4472 -0.02796746164736091 -1.029017701688171 0
4473 -0.2964116600109952 -2.361181553354166 0
4474 0.2391633061893124 -2.421413988140906 0
4475 -0.3137482943228987 -2.721578734618458 0
4476 -0.3588995523839055 -2.688199011043366 0
4477 -0.05929183598015658 -3.149007502802453 0
4478 -0.428620182622107 -3.87615010983925 0
4479 -0.3821270520398495 -3.904253916993768 0
4480 -0.2257519246495707 -3.369694336095176 0
4481 5.048224042076124 -0.5435746155920022 0
4482 0.86471512660636 -0.9063932197534048 0
4483 0.7663096777055582 -0.9499883116677241 0
4484 2.382471656360998 -3.546748947686312 0
4485 1.575437480943379 -3.336710727363251 0
4486 0.2139759604472054 -3.797227972302208 0
4487 0.2929381324058321 -3.843727415738168 0
4488 0.2841269500691407 -3.751280455129698 0
4489 0.1388642062818888 -1.81154913675698 0
4490 -0.3396366944981196 -2.389298841674122 0
4491 -0.3649353668649805 -2.744103306167527 0
4492 3.372762615717491 -1.45915190510262 0
4493 2.961327920974756 -1.334788564328489 0
4494 0.8367855898288719 -2.788692882416286 0
4495 0.8370359620586909 -2.927804147648928 0
4496 0.7311843319644178 -2.873568995670816 0
4497 0.7260596789584414 -2.99573575344004 0
4498 0.1382485264192628 -0.1010358839295463 0
4499 0.1953389962461449 -0.1232891494275239 0
4500 0.2397176747391844 -0.09483603030450481 0
4501 4.818818311553628 -2.673017513928114 0
4502 1.116892570275217 -1.831656196093752 0
4503 1.005819989598062 -1.872624274840645 0
4504 1.279702386599542 -1.678769912003937 0
4505 0.68060211159564 -2.15563695917627 0
4506 -0.248542608554362 -3.429828397533571 0
4507 0.02430545009734889 -0.7693665976853246 0
4508 -0.02752170353282817 -0.7940013969980864 0
4509 -0.1258725936298222 -1.266708285176186 0
4510 6.564073556442446 -2.21244497751341 0
4511 -0.2817028750929678 -2.949658247903766 0
4512 -0.3369389072769766 -2.972926948042082 0
4513 -0.3798574902565535 -2.937104653450218 0
4514 -0.3875631388673853 -2.992268289285611 0
4515 -0.3453136692039783 -3.029399020023835 0
4516 -0.3983954972502609 -3.045333876897651 0
4517 1.661148120747123 -0.7513525506727522 0
4518 1.653765657151652 -0.5957733655161984 0
4519 0.466102715539874 -0.2261072382078901 0
4520 0.4658067476193647 -0.1456245421423558 0
4521 0.397463537466294 -0.1860212793402046 0
4522 0.4019928477105512 -0.1095063002954466 0
4523 0.3429937789305856 -0.1432088997482295 0
4524 0.05741660737599133 -2.866217757841341 0
4525 0.1184293997237837 -2.914706562502408 0
4526 0.1949888211801482 -2.883323999244702 0
4527 0.183959003809188 -2.963182458341378 0
4528 -0.1544629315155613 -3.348093529119458 0
4529 -0.2661889494094821 -2.761105378982059 0
4530 0.02405891091240933 -0.4150387765220804 0
4531 0.07906968257635309 -0.377716387095917 0
4532 0.2148386681735284 -2.717127218335064 0
4533 0.2613598680129484 -0.4213605858662088 0
4534 2.46348097505801 -2.664335796225543 0
4535 2.265062046652987 -2.526915462086823 0
4536 2.095089060791038 -2.671985137149013 0
4537 0.8091087880899709 -3.812908138928532 0
4538 1.405861536434414 -1.415044142630008 0
4539 1.281161740281137 -1.329924183255546 0
4540 -0.1258162881755454 -1.086708252777485 0
4541 -0.2958738536848372 -2.475367388624371 0
4542 0.2018645930639077 -0.3802599597225542 0
4543 0.8459873055493025 -1.383539178045308 0
4544 -0.3752440777250419 -3.244966852478309 0
4545 -0.4198895426759513 -3.211738713329638 0
4546 -0.4148809492707564 -3.146043561715654 0
4547 -0.3616007421036203 -3.126857584329786 0
4548 1.523073872028389 -2.145074478905521 0
4549 0.06945402120451838 -1.021326812238887 0
4550 -0.23232086887759 -2.164373405608396 0
4551 0.07248588848507249 -0.8868625063137388 0
4552 0.01705557178319685 -0.9173017788690578 0
4553 0.01684640384498803 -0.8592989790509802 0
4554 -0.03632337824528415 -0.8881196505240089 0
4555 -0.03504857629517009 -0.9412332956974382 0
4556 0.5790896854273295 -2.449091086302073 0
4557 0.4819945975008664 -2.500698114011805 0
4558 0.04579962050641138 -1.372834637924168 0
4559 4.724456429186503 -0.3316590930927391 0
4560 0.6978170925040357 -0.163009709882042 0
4561 -0.3047909971433525 -2.597281759885649 0
4562 -0.3533874301278559 -2.565882843721373 0
4563 -0.3748022567385196 -2.876760867711338 0
4564 -0.4215994960704457 -3.537689066453666 0
4565 -0.4790419320011898 -3.560211577230061 0
4566 -0.4323827893794215 -3.596470701509991 0
4567 -0.4859476213934137 -3.61835687220462 0
4568 -0.5250216294802483 -3.580542494651701 0
4569 -0.4945708269903324 -3.680673890610212 0
4570 -0.5508876266282315 -3.702184085998871 0
4571 1.172213885363516 -0.4712373440285225 0
4572 1.055137820596697 -0.408428433455867 0
4573 4.024095705212897 -3.739100951953578 0
4574 -0.1351192333291681 -1.676070513908733 0
4575 -0.1393595591742397 -1.73701030285328 0
4576 -0.09211762668485048 -1.770178029886144 0
4577 -0.1441929355623348 -1.796987545069394 0
4578 -0.1888845707750933 -1.704638797787476 0
4579 -0.3807003272604104 -3.637184005290603 0
4580 -0.2823621687052991 -2.129871858115511 0
4581 2.315188521414016 -2.307274496557716 0
4582 0.705406081031021 -3.248276845535239 0
4583 0.6029163390044119 -3.301818544668243 0
4584 0.5946163148380285 -3.169045052872286 0
4585 0.5927743339123793 -3.422986183060336 0
4586 -0.3373905662630636 -3.440937291401945 0
4587 5.359303006505005 -1.499392495957109 0
4588 5.429908035634456 -1.074129634871056 0
4589 5.739523279033063 -0.903580464913762 0
4590 0.8525000800600485 -1.136353013860831 0
4591 0.2703297018796164 -1.845010175929393 0
4592 0.4616489957195253 -0.8865143831103958 0
4593 0.3877349580762554 -0.9300273610286122 0
4594 0.3795177159855321 -1.015750523146943 0
4595 0.3852891243719506 -0.8519063654235647 0
4596 -0.08136263990212382 -2.349196288442899 0
4597 -0.1446715202487719 -2.311684785466803 0
4598 0.09327442260139807 -0.3103374838538518 0
4599 0.0398261833174755 -0.2777026614419436 0
4600 0.4559970564068961 -1.169383664211521 0
4601 0.3799625089498969 -1.213651650151188 0
4602 0.3638866964001744 -1.308425094662292 0
4603 0.3797014505995401 -1.127828756197413 0
4604 0.6039003304615991 -0.4104545257557031 0
4605 0.618163124473823 -0.5075945338517747 0
4606 0.5314629308915724 -0.4778030908807889 0
4607 0.5398186958190772 -0.5645484357468352 0
4608 0.4476974868660905 -1.460647235388713 0
4609 0.3644538997795823 -1.499291546824034 0
4610 0.3710089133273947 -1.407552689163664 0
4611 0.4513263857819164 -0.7922882976333866 0
4612 -0.1106638983737135 -1.889965321904296 0
4613 -0.166100069773523 -1.9148102362511 0
4614 -0.4914836540687397 -3.348078673377669 0
4615 0.03624408359023875 -0.5280600861094169 0
4616 0.03055530669833755 -0.5878606978108624 0
4617 0.07860395176360277 -1.767588084752687 0
4618 0.01237682173364202 -1.786093133371159 0
4619 0.937191523477234 -3.12668897629193 0
4620 -0.1270663642767762 -1.205619467150053 0
4621 0.301397794457095 -2.492437238208946 0
4622 1.491874865317713 -2.667252463465392 0
4623 1.500009213141107 -2.493251760703958 0
4624 1.357311712285099 -2.425259628616498 0
4625 -0.008865495525824349 -2.169931676234977 0
4626 1.716063535857681 -3.225670651213168 0
4627 0.1394359846797797 -0.4074874280828303 0
4628 -0.05916930473239733 -3.928455108272672 0
4629 -0.01393072992157314 -3.856390813417987 0
4630 -0.09958863368536316 -3.849839431219829 0
4631 -0.09053568511161809 -2.487356803197754 0
4632 -0.290777636177212 -3.942670889206902 0
4633 -0.2595193215224469 -3.881345907934943 0
4634 -0.1843004367039775 -3.871457519093439 0
4635 0.5078048160731791 -2.021876217362895 0
4636 0.5073460559531495 -2.120838770953714 0
4637 1.181506183968423 -3.000539707522892 0
4638 0.4450762810767047 -1.072776973299559 0
4639 0.3106825911623949 -1.073627843012045 0
4640 0.450550793477104 -1.359187690026136 0
4641 0.296658857778522 -1.372214312478903 0
4642 6.076493800907219 -2.775642562031514 0
4643 6.064415279338793 -3.205038897744223 0
4644 -0.163088963593286 -1.851273270977663 0
4645 -0.2210939278761834 -1.88175930326693 0
4646 0.003928650980537463 -3.202210212216905 0
4647 -0.1324980877723202 -3.164613381618719 0
4648 0.5990270968141109 -3.793892485477723 0
4649 1.668687446221209 -0.9106913669693355 0
4650 0.443832946651475 -1.756188185513793 0
4651 2.139639935101977 -1.788373480505976 0
4652 -0.04612681603623972 -2.605309274304953 0
4653 3.868882316242384 -2.364451607867776 0
4654 5.050232525296062 -3.703809488278862 0
4655 1.39672538901964 -1.736156326176161 0
4656 0.01181830801101094 -0.9831311521003954 0
4657 0.2575712808095536 -0.5797699984199238 0
4658 -0.3592636604408866 -3.503713449351054 0
4659 -0.4327768015640746 -2.959703482686169 0
4660 -0.07173693919689886 -0.7116395899174691 0
4661 1.548473111098623 -3.66531415927438 0
4662 1.411085405734975 -3.575251825609187 0
4663 1.385760860432091 -3.746981009003202 0
4664 1.267085132341334 -3.647124186947643 0
4665 2.059402133308212 -3.650323174141175 0
4666 5.095156063487122 -1.269676957551011 0
4667 0.5310525024727271 -0.3480607199665054 0
4668 2.553143755497207 -3.64205690344302 0
4669 -0.02147104245828321 -2.893666474290909 0
4670 0.03394416827086871 -1.236907183360047 0
4671 1.084857575012024 -3.871125590650337 0
4672 0.9970325462459014 -3.750482201659633 0
4673 -0.1407973619448164 -3.931097873801949 0
4674 -0.1586810420405234 -3.799839540229458 0
4675 1.767983894627198 -3.850410211802832 0
4676 -0.141425504746979 -3.275290517228481 0
4677 0.9609047621300522 -0.8509464711601705 0
4678 2.17701979275187 -3.815747982698684 0
4679 0.03792516510917185 -1.517588807842992 0
4680 1.279386135920732 -1.475118183439304 0
4681 3.124410986392012 -3.772388626023969 0
4682 2.997300820879936 -3.516575662903998 0
4683 0.1957562139005597 -0.4474967076808793 0
4684 1.356375706276353 -2.576870254695422 0
4685 3.695302900987046 -3.718006848925014 0
4686 -0.1294779462923007 -1.32362017690484 0
4687 0.6497372714897873 -2.73036220909698 0
4688 0.5511427256835928 -3.901724025028839 0
4689 -0.1924501185285211 -1.763352824890003 0
4690 4.024028081488501 -0.2458044656876005 0
4691 4.682247915677834 -3.714426351421134 0
4692 0.1296277955263185 -1.947783111359543 0
4693 3.457788673270618 -0.2143545429272123 0
4694 3.570732637992322 -0.4476655755514103 0
4695 2.947477198394834 -0.198915804465991 0
4696 6.56386957883489 -3.240537649305548 0
4697 2.503761302524216 -0.1744065939794668 0
4698 2.109722423954108 -0.1534642700310507 0
4699 2.013410416376486 -0.3003883272029212 0
4700 1.85045082045753 -0.2774696189302477 0
4701 5.852485008193953 -3.633020842430675 0
4702 5.856721454473783 -0.3346898331872546 0
4703 6.292031300788974 -0.3701253107344761 0
4704 0.04556762354034138 -0.3318045604980543 0
4705 1.765439328717904 -0.1354422864176461 0
4706 1.684925142942201 -0.2792953034962636 0
4707 0.1033918296135539 -2.996082360137326 0
4708 1.066585615160724 -0.0990695583105725 0
4709 1.118758597247486 -0.2015419096451957 0
4710 0.9935496062487191 -0.204595149560355 0
4711 0.8465262232249005 -0.07985421726456865 0
4712 0.6522126105161822 -0.07466982279395561 0
4713 1.414746254033882 -1.103295321116655 0
4714 0.8409323764045458 -3.56896058617015 0
4715 0.7917072673526404 -0.2185075814593431 0
4716 -0.2324052344845945 -1.793074604606419 0
4717 0.713992219041611 -3.121792646056941 0
4718 0.8126993628044368 -1.6190184270354 0
4719 0.8068686778411821 -1.747144274495745 0
4720 -0.1267601208497706 -2.045916278453919 0
4721 -0.291790947223386 -3.784176471999102 0
4722 3.38587348250511 -2.298184457537325 0
4723 0.3246949022283923 -0.2230217765918793 0
4724 1.75411459862949 -3.047699877381157 0
4725 0.2968936076626517 -1.453682622724698 0
4726 1.66221694467792 -0.4383114490680144 0
4727 1.418945201232218 -0.9368162114466552 0
4728 2.24854318444906 -0.370599590877271 0
4729 0.04978184620366864 -0.2136694911863972 0
4730 -0.2978027923546632 -2.305735701027049 0
4731 0.7954896363858119 -2.221004238728447 0
4732 -0.4929131318366523 -3.950976372982656 0
4733 1.828929906606867 -1.81017347840353 0
4734 0.3574118451478883 -1.717337946347162 0
4735 0.8283348211386806 -3.059285990091718 0
4736 0.6195697014046896 -3.043812758587664 0
4737 -0.06276739666465084 -2.127953721404883 0
4738 0.183399139551034 -3.534261516287174 0
4739 3.161386792235453 -1.634101163132684 0
4740 0.4736826193160869 -0.07009030185090125 0
4741 0.7069643947790368 -1.806257088804051 0
4742 -0.2206464235096067 -2.929555628637667 0
4743 -0.1181720608217472 -3.092232365612475 0
4744 2.938223155784343 -2.276968313889192 0
4745 5.339743256748345 -0.7105300893727079 0
4746 3.244126783018557 -3.532943954555516 0
4747 -0.4084458026156712 -2.712632213654366 0
4748 0.04962255472392654 -3.419428256424565 0
4749 0.03115400296203234 -3.495656791742461 0
4750 6.151059021830247 -1.06402909876346 0
4751 -0.07260216268699436 -0.813989680677731 0
4752 0.08092482914984196 -0.746366307416875 0
4753 0.3928918681869579 -0.7338185816223933 0
4754 0.3100707032647402 -1.170986352641111 0
4755 1.156161221643722 -3.417971031225521 0
4756 0.4909701108900518 -2.307163857448298 0
4757 0.4980784159639251 -2.207824697662458 0
4758 0.4104705437333253 -2.165870411102342 0
4759 0.4613667367937156 -0.3054269868358752 0
4760 0.8794037436229745 -2.529072319079983 0
4761 1.37832171136904 -2.185323657554427 0
4762 0.08900663852459779 -1.695119277315075 0
4763 0.4189943037830992 -2.02917403090726 0
4764 -0.03435786295728023 -1.7450103180469 0
4765 -0.08322687188453694 -0.9172785347609295 0
4766 -0.0813441244156079 -0.9684550974922611 0
4767 0.4448164120257705 -1.660574912454672 0
4768 -0.5948074272883545 -3.735332470220962 0
4769 -0.6097422342356196 -3.83661444625692 0
4770 0.03131409245986885 -0.1259086155385374 0
4771 -0.18048100211418 -1.642951600037243 0
4772 -0.5450535193356131 -3.446173010551728 0
4773 1.145340355645224 -3.565142362729882 0
4774 -0.511750625898722 -3.251308381075186 0
4775 -0.4953219757844523 -3.153065995824017 0
4776 -0.4766660430694457 -3.055364394126245 0
4777 -0.4578790984729219 -2.914503732548493 0
4778 1.970481973393809 -1.275494254469849 0
4779 -0.4267331224642761 -2.810396120828643 0
4780 -0.387937576915511 -2.521071690402457 0
4781 -0.3405295315735271 -2.275486674201056 0
4782 0.3325640656268327 -3.679823335888493 0
4783 -0.3048927434736977 -2.031645005934648 0
4784 -0.2868137470385956 -1.933756297149481 0
4785 1.28362042468197 -1.181491185706995 0
4786 -0.3316856309856513 -2.221786779375963 0
4787 -0.2770231510346639 -1.885230454567512 0
4788 -0.1427003694973301 -3.691372778481112 0
4789 -0.2438524193277858 -1.690108503347858 0
4790 -0.03893804031634879 -0.4701878502213571 0
4791 2.141037076126409 -2.380376129190155 0
4792 -0.01881769450236793 -0.3769713640200326 0
4793 -0.05309259046597915 -0.5712499398544413 0
4794 -0.2189743705474647 -1.543767039934229 0
4795 -0.2030936365969509 -1.446054808753298 0
4796 -0.1816461354324669 -1.347763332540557 0
4797 0.7890799730872885 -0.7174837221020495 0
4798 0.6261307324595992 -2.934370587832132 0
4799 2.497185647181119 -1.776543648281892 0
4800 1.987382696592982 -1.71102769096013 0
4801 2.815016266758912 -0.5901560385302161 0
4802 0.4606707288507 -0.5324305966433016 0
4803 1.532430134218134 -0.2544234928764545 0
4804 0.3150958458331274 -0.8930510067119833 0
4805 0.3151503301156918 -0.9647733593442185 0
4806 1.016770141354408 -3.611561831830016 0
4807 4.40007308369735 -2.399181758397005 0
4808 2.79327054293777 -3.352059725388786 0
4809 2.239982716078913 -3.173286708031274 0
4810 1.225176902023983 -2.649039401721228 0
4811 0.1617576340759652 -3.612856910645265 0
4812 0.01315510000765966 -2.650712776853321 0
4813 0.3959855372650201 -2.448544714735539 0
4814 3.64057849475881 -1.611007630129883 0
4815 3.655626941461425 -1.329185578576568 0
4816 0.284715986084711 -1.754125031564825 0
4817 1.148702102082756 -3.735406541148684 0
4818 -0.2905209533708573 -3.009276096824679 0
4819 -0.1441804726409904 -2.639441834214328 0
4820 -0.437772618064571 -3.088084348847831 0
4821 -0.1981424658909641 -3.179582155120603 0
4822 0.5170637387051823 -3.252889208813343 0
4823 0.1098553639374054 -2.3239761866404 0
4824 0.3063115286685431 -2.59319730030706 0
4825 0.2974612585252425 -2.682681686160661 0
4826 4.127162307045152 -0.497820002113488 0
4827 0.115224117591597 -3.924345276257373 0
4828 2.617216026741365 -1.109194130706973 0
4829 1.16129536243363 -1.098415208538616 0
4830 0.90920347779782 -1.80765122817569 0
4831 -0.418567734544503 -3.819763688949945 0
4832 0.6822546930258806 -1.313020017896116 0
4833 0.1994085756991983 -0.1838012412940215 0
4834 0.22698420829539 -1.48621379336368 0
4835 0.3068897240983788 -1.247625711493884 0
4836 -0.2013650695666312 -3.636729134963513 0
4837 0.8748469148153646 -0.4581044731189441 0
4838 -0.02799535842261551 -1.438799334966078 0
4839 0.06413178270710096 -1.985853473062835 0
4840 0.196532882408985 -0.6203103181882283 0
4841 -0.2123088691371178 -3.303788712849694 0
4842 -0.02305668317619072 -1.555073838425824 0
4843 0.6994551229079409 -1.706230139044614 0
4844 0.6941433406030796 -1.503262373626904 0
4845 2.118670861084832 -0.8333715203747359 0
4846 0.4568626525606231 -0.452647821992829 0
4847 0.7124814778662943 -1.230655826364782 0
4848 2.791810470117733 -0.3693893036427884 0
4849 0.5220697305897247 -2.968707054340906 0
4850 1.201439543024425 -2.786797683777356 0
4851 0.2253189900086684 -3.270312198328896 0
4852 -0.04551837019207483 -3.520398958371918 0
4853 0.1742242765452145 -3.045821208923388 0
4854 0.5486771981171719 -2.769848944530143 0
4855 1.599780890559559 -3.08960983583509 0
4856 1.312878575666485 -0.1243637472201129 0
4857 -0.09694587924211898 -2.805792213283393 0
4858 0.09366245853845553 -2.470522105788408 0
4859 1.119814930656647 -2.29637645404747 0
4860 1.976111459194205 -2.26099041744237 0
4861 1.115897275181018 -1.578621267508583 0
4862 1.14263085875823 -1.340565596620848 0
4863 0.8661169638639639 -2.655869692762753 0
4864 0.1924175407980222 -2.138824063701948 0
4865 -0.35090669900237 -2.62762028781233 0
4866 0.2307651666144002 -1.339521894114639 0
4867 0.240305454179722 -1.203905793985772 0
4868 0.2415802339708872 -1.058728575452711 0
4869 0.1246712960641838 -0.04818997860488539 0
4870 0.2499311669708441 -0.9264783308894059 0
4871 0.2525359239045997 -0.7919190870491351 0
4872 0.328777383697624 -2.223697506281646 0
4873 1.067926713544628 -0.5451564970430318 0
4874 0.3765637018679134 -3.374934165494633 0
4875 0.4584091047382198 -3.324262239056131 0
4876 2.644676143375507 -2.786657783781489 0
4877 6.109283546498079 -2.35994903437979 0
4878 0.2250653680750002 -2.633977759840403 0
4879 4.202385434934111 -3.267669645547478 0
4880 3.74563592742746 -2.634315133732775 0
4881 3.225189290037406 -3.156971352662065 0
4882 2.444966774913872 -1.196613144098036 0
4883 1.278508299981191 -0.788199345111571 0
4884 1.513953283496061 -0.537690337212768 0
4885 3.434050566327215 -0.6797297284209913 0
4886 2.26750371761594 -0.548010561568149 0
4887 0.4622605908924807 -3.815397854941112 0
4888 0.1726723691030644 -2.370505795462549 0
4889 -0.009430611917907238 -0.2734957485138126 0
4890 -0.4085238804217809 -2.66314491431935 0
4891 1.82359010723862 -1.348852582945567 0
4892 2.22278990382403 -3.376124310682163 0
4893 0.7042791761614915 -0.7599068795176515 0
4894 0.2661846176927659 -2.930663904945194 0
4895 -0.2289289598168872 -1.592265003660519 0
4896 5.597138090965371 -3.311990402169968 0
4897 0.2473232261853741 -0.1483171858629139 0
4898 3.899118481965108 -1.48051174051688 0
4899 -0.07038360538875586 -0.6638917563154072 0
4900 2.759172932927436 -3.579707118226036 0
4901 1.810221310763871 -1.650973743164609 0
4902 0.2044376799275701 -2.803763873029863 0
4903 2.199111631620633 -3.546006296387016 0
4904 -0.338610805926511 -2.445007268232617 0
4905 -0.1722646879267068 -1.524556956098128 0
4906 1.285997125632217 -3.492499006431104 0
4907 1.940081249595825 -2.591797943694294 0
4908 0.2240530426127528 -1.557147130424669 0
4909 -0.01826571379660677 -0.603785219201958 0
4910 1.425836622803661 -3.421064289311828 0
4911 4.45146954034265 -0.5662037559914007 0
4912 -0.5802708272991621 -3.919466202647486 0
4913 5.081430486392739 -2.471333551143473 0
4914 -0.1436155432472519 -2.453266334605575 0
4915 -0.5640695093905157 -3.819476822288527 0
4916 0.5981663164168919 -0.1393276821335352 0
4917 -0.2121989331563974 -1.834604873338026 0
4918 -0.3284128888354715 -3.892648054867404 0
4919 -0.1702233509723172 -1.243058982440705 0
4920 -0.2784893985022475 -2.192791388242448 0
4921 -0.2149908951654278 -1.936481826389447 0
4922 -0.2456385677347594 -2.334937112776923 0
4923 0.9425352860258294 -2.997855112593097 0
4924 0.9044934411288109 -1.922811121373598 0
4925 0.3137461156268515 -3.237515493519715 0
4926 -0.5621671399626623 -3.544867151254521 0
4927 1.065740490183932 -0.2940491279113387 0
4928 -0.1402693367613315 -2.386159346856541 0
4929 4.156367808930985 -0.7857369915206263 0
4930 0.8819726529529738 -0.1662391802282779 0
4931 0.6916545737880628 -1.020869492761995 0
4932 0.01810102432510906 -1.05359604663407 0
4933 2.29694929690206 -1.685890265338755 0
4934 0.2678477583804416 -2.106325721684544 0
4935 1.23514423741461 -2.361974705078262 0
4936 0.951183047015286 -0.4080256406587048 0
4937 0.4891970542615796 -2.400467245559309 0
4938 2.275523843997726 -0.7340619560792137 0
4939 -0.5557948739514704 -3.764657317755454 0
4940 0.7927568906290365 -0.8342705791948474 0
4941 -0.5159941386699423 -3.52738738526036 0
4942 3.645556298594752 -3.46915854552333 0
4943 0.6371670487888234 -2.825183011419472 0
4944 0.01320591072405441 -3.571091759115658 0
4945 -0.4025079112667549 -2.564177231679484 0
4946 1.404108641483898 -3.890632613132447 0
4947 1.853929162081598 -3.695620859813314 0
4948 1.457908795049238 -0.09857809561296497 0
4949 4.474733012749788 -3.462510849594122 0
4950 -0.3412259660325122 -2.501694024798908 0
4951 0.001869742503095622 -0.2292636235230726 0
4952 0.1282290531152284 -1.877335778515629 0
4953 -0.1444383377695333 -2.514695748837677 0
4954 1.959928209907332 -1.448658374534904 0
4955 4.156773635253082 -1.627832845365509 0
4956 5.090915314064976 -2.850638525547354 0
4957 0.2595632863050926 -3.007576990604312 0
4958 0.05609036931544725 -0.1658045258583055 0
4959 2.847105401815549 -2.671819637353581 0
4960 0.3721527684214271 -3.294278859831812 0
4961 1.915601756146575 -0.4198521803400008 0
4962 -0.1703150863725151 -1.96864654965615 0
4963 0.2164661405264098 -3.696835265406493 0
4964 -0.5718191120923505 -3.870734765569384 0
4965 -0.009080536830353852 -0.5518948017982563 0
4966 0.5337340762826237 -3.503633290080549 0
4967 -0.5070681175394204 -3.475699029475755 0
4968 6.035316395032599 -0.6678027033944284 0
4969 -0.1028082833266045 -1.829485397040004 0
4970 -0.1997736322978369 -2.310339389783192 0
4971 -0.3288691866278435 -2.125850219979772 0
4972 -0.04477171445847455 -1.800680482363455 0
4973 0.01910467365027466 -1.114525627223327 0
4974 0.7711525859424209 -1.07074331198434 0
4975 -0.07088423446560171 -1.00961021340732 0
4976 1.062348208331689 -2.943258433865637 0
4977 -0.5345862737917362 -3.907442987803135 0
4978 -0.4667221553709371 -3.23317383507943 0
4979 0.3273587070505948 -2.149715880613564 0
4980 0.3132302889124741 -0.8251410262444149 0
4981 0.3236096779228322 -3.931375978909452 0
4982 -0.5749332395322347 -3.591244276108814 0
4983 -0.4765617069373072 -3.288674184578946 0
4984 2.597964612636204 -1.302762199858586 0
4985 -0.5295118135502987 -3.641285383767833 0
4986 0.1617277250785957 -2.442998500585911 0
4987 -0.4589036703684338 -3.180172572244377 0
4988 -0.5014416883313287 -3.428071986154473 0
4989 2.844009878643866 -2.471669732303305 0
4990 -0.595408086508228 -3.690005479136615 0
4991 2.610053180165516 -0.3206358189902234 0
4992 -0.3543959106758754 -3.076201956257268 0
4993 2.997510063927747 -1.131958853564683 0
4994 0.1818176423133501 -0.5014607852138974 0
4995 -0.2698013765913808 -2.067226398231018 0
4996 -0.09369420987266511 -2.553411650112078 0
4997 0.02860881551040753 -0.03345195091548505 0
4998 0.698100064585549 -3.469028137826683 0
4999 -0.1713948868430727 -1.199475658034647 0
5000 5.05771562287832 -0.2356233506054029 0
5001 -0.1674323753611651 -1.472270532420553 0
5002 -0.004113224116217101 -0.4986358087872455 0
5003 2.627775590800426 -3.837973032299604 0
5004 -0.2621165491879014 -2.012954763917612 0
5005 -0.3606883377293901 -3.954099556229065 0
5006 0.4015462280193223 -0.04744804474579654 0
5007 -0.03428908636041267 -3.790404783629641 0
5008 -0.1216882475257897 -0.9502468914723546 0
5009 -0.374494527458566 -3.855266326227436 0
5010 4.190364351367913 -3.529183488926639 0
5011 1.008532815129306 -1.984374249783649 0
5012 5.378801353303621 -3.058776337547174 0
5013 0.07704475962610102 -0.08862818635630305 0
5014 0.2884585838780556 -1.525595635018358 0
5015 -0.533477806053814 -3.349545920470212 0
5016 -0.03363740221479987 -0.8378884550740019 0
5017 -0.1356747537874997 -2.001117855724506 0
5018 4.435205998212763 -1.494347394511549 0
5019 -0.04940172244233434 -2.834796656832852 0
5020 0.677303745961582 -0.9381361118917469 0
5021 -0.1392794304721063 -1.047249518453542 0
5022 4.054406588890023 -2.536010292160142 0
5023 0.06909669837617044 -1.146481664516589 0
5024 3.320565651363871 -0.3905359885519922 0
5025 0.09692501469962839 -3.552874899325702 0
5026 0.491502448142747 -3.161967538099292 0
5027 0.2635344724412624 -0.04940190219363402 0
5028 3.164797489131488 -2.346435833041272 0
5029 1.673040970128961 -3.734562635283452 0
5030 0.8935867999433882 -3.754683903245929 0
5031 5.643574687190084 -0.5894820742484232 0
5032 -0.2354514513918952 -3.824732017831457 0
5033 6.665357933832937 -0.3356982133254038 0
5034 0.05517449753747622 -3.862641531934897 0
5035 2.788830646734596 -1.218145215029764 0
5036 -0.121635510098852 -0.906414960741932 0
5037 6.675836503060875 -3.670022848719183 0
5038 -0.4408704692730424 -3.037770203660792 0
5039 0.8056501580344575 -3.917588140537445 0
5040 -0.1179756732966617 -1.128644098803241 0
5041 2.583668300098107 -1.47622569131734 0
5042 -0.168274474710154 -3.742771663716465 0
5043 -0.1018282290353705 -2.60791608990502 0
5044 0.9213955108812292 -3.508263816465067 0
5045 -0.3760106684217679 -2.416836779495036 0
5046 1.09111533404469 -1.92302877674762 0
5047 0.2904028899145582 -0.1100475243896909 0
5048 0.00803535750613037 -2.822535270345453 0
5049 1.430235034487658 -3.278197164225442 0
5050 -0.4584915059581891 -3.134379730533069 0
5051 0.2593555324609577 -2.851125092827633 0
5052 -0.3875086714454533 -2.779623504487872 0
5053 -0.4141906705347393 -2.900218152994325 0
5054 -0.4064447414298202 -2.846252907083232 0
5055 0.7930846207768322 -0.1411457285063952 0
5056 -0.3781845932956435 -3.462896643880645 0
5057 0.3604113420955646 -3.780208659313562 0
5058 0.7702928136369779 -1.165053225863858 0
5059 5.236611698202065 -3.429855133358173 0
5060 0.01625640217771616 -2.747620486138266 0
5061 -0.03578534809875714 -0.9861319691447157 0
5062 4.723949888089199 -1.634539959954649 0
5063 1.21662354965516 -0.1984617582745693 0
5064 6.330206191030623 -2.995546747218227 0
5065 0.3489624656947731 -1.564248215886522 0
5066 3.824226281766295 -0.4612696735490723 0
5067 0.02262272740938505 -0.3678893760681657 0
5068 0.523725754433797 -0.1210047280382263 0
5069 -0.2500611504141252 -1.916352617722122 0
5070 2.263498319662952 -3.68101936240202 0
5071 0.912034663298244 -3.643358247244093 0
5072 0.01302993840992793 -0.8130554373509263 0
5073 3.47836590535827 -3.56426230506565 0
5074 -0.3081013567494612 -3.840636518257982 0
5075 3.124064102586775 -1.442737482203457 0
5076 1.369643637622546 -0.8410234188974809 0
5077 0.07008942162597524 -1.200569231819602 0
5078 -0.4731111666160697 -2.956080857772891 0
5079 -0.1645732607819134 -1.428805369475485 0
5080 0.1953898376309309 -1.841074553119462 0
5081 0.3727811067739033 -0.7904190472038788 0
5082 4.570222909672142 -2.587810149158233 0
5083 3.649168778513983 -2.39646453182942 0
5084 0.7636622379635496 -1.332835212405741 0
5085 -0.2122473385153575 -1.669935973956615 0
5086 -0.2547477331678195 -1.962024666003812 0
5087 0.5792277270084739 -2.152642423532274 0
5088 3.181887134159215 -3.348402044696208 0
5089 0.7270844752137611 -2.777627276561693 0
5090 -0.3070758018669909 -3.053975233451896 0
5091 -0.1540611897462772 -1.113786048189004 0
5092 0.2860548476885982 -1.306148024282593 0
5093 1.930001531010294 -1.590528089697155 0
5094 -0.2728475826747359 -1.785544019005123 0
5095 -0.4286678662097351 -3.001529381429875 0
5096 1.213810459733509 -1.404278224675428 0
5097 0.7622356586758807 -1.550516826604357 0
5098 1.261659782526514 -3.748727948334765 0
5099 0.2192849536560632 -2.486636020135681 0
5100 1.343114484794576 -2.299837797444584 0
5101 -0.3934091434730168 -3.096504265609638 0
5102 0.1312681841219275 -3.679881487451198 0
5103 -0.1858689034508491 -1.804880372812029 0
5104 -0.1546288926848355 -3.222392091971564 0
5105 -0.3533895820195524 -3.391869702725969 0
5106 3.289508459339189 -2.476521196498302 0
5107 -0.0931205028287625 -2.014729069702564 0
5108 1.779495595202178 -0.3867085081775478 0
5109 0.01754417286408158 -1.336672347225186 0
5110 1.22706939133385 -1.57617971513066 0
5111 2.145962971406296 -0.284207342638862 0
5112 1.167462452970423 -2.892383920587922 0
5113 -0.1161201790326703 -1.167807650190283 0
5114 0.291719546915523 -0.1718569004263737 0
5115 0.3711065496602057 -3.862674614182833 0
5116 0.4419794970249152 -2.094400907333436 0
5117 -0.005851883882830956 -1.83580043828394 0
5118 0.009275216720898958 -1.408766835352203 0
5119 1.559093535256982 -3.21038170213739 0
5120 -0.3759980151933104 -2.370307166685455 0
5121 -0.002900002827468294 -0.4532909718236875 0
5122 0.2963103298284755 -1.017420140920146 0
5123 0.514181556233586 -0.4124892762054812 0
5124 -0.500530266070298 -3.386656626829235 0
5125 -0.0324865096254113 -0.6448491642845439 0
5126 0.5356470442066618 -3.355809890702209 0
5127 1.59884068166528 -0.3429157459096164 0
5128 2.07602613800131 -2.510011532737481 0
5129 0.3787445097060429 -1.07249602391399 0
5130 4.972694806926485 -1.495315094911283 0
5131 -0.2917409719918111 -3.435073971861596 0
5132 -0.03692868821607004 -2.656131525425172 0
5133 -0.2202870722092681 -3.477008080755483 0
5134 0.7655626706412743 -1.44575700129482 0
5135 1.182132868305937 -1.904861481232134 0
5136 -0.1090401536412621 -0.8094289093960462 0
5137 0.7500357227813397 -3.534819504351337 0
5138 -0.5892206118459634 -3.962523125488835 0
$EndNodes
$Elements
10200
1 1 2 102 1 1 10
2 1 2 102 1 10 2
3 1 2 102 2 2 11
4 1 2 102 2 11 12
5 1 2 102 2 12 13
6 1 2 102 2 13 14
7 1 2 102 2 14 15
8 1 2 102 2 15 16
9 1 2 102 2 16 17
10 1 2 102 2 17 18
11 1 2 102 2 18 19
12 1 2 102 2 19 20
13 1 2 102 2 20 21
14 1 2 102 2 21 22
15 1 2 102 2 22 23
16 1 2 102 2 23 24
17 1 2 102 2 24 25
18 1 2 102 2 25 26
19 1 2 102 2 26 27
20 1 2 102 2 27 28
21 1 2 102 2 28 29
22 1 2 102 2 29 30
23 1 2 102 2 30 31
24 1 2 102 2 31 32
25 1 2 102 2 32 33
26 1 2 102 2 33 34
27 1 2 102 2 34 35
28 1 2 102 2 35 36
29 1 2 102 2 36 37
30 1 2 102 2 37 38
31 1 2 102 2 38 39
32 1 2 102 2 39 40
33 1 2 102 2 40 41
34 1 2 102 2 41 42
35 1 2 102 2 42 43
36 1 2 102 2 43 44
37 1 2 102 2 44 45
38 1 2 102 2 45 46
39 1 2 102 2 46 47
40 1 2 102 2 47 48
41 1 2 102 2 48 49
42 1 2 102 2 49 50
43 1 2 102 2 50 51
44 1 2 102 2 51 52
45 1 2 102 2 52 53
46 1 2 102 2 53 54
47 1 2 102 2 54 55
48 1 2 102 2 55 56
49 1 2 102 2 56 57
50 1 2 102 2 57 58
51 1 2 102 2 58 59
52 1 2 102 2 59 60
53 1 2 102 2 60 61
54 1 2 102 2 61 62
55 1 2 102 2 62 63
56 1 2 102 2 63 64
57 1 2 102 2 64 65
58 1 2 102 2 65 66
59 1 2 102 2 66 67
60 1 2 102 2 67 68
61 1 2 102 2 68 69
62 1 2 102 2 69 70
63 1 2 102 2 70 71
64 1 2 102 2 71 72
65 1 2 102 2 72 73
66 1 2 102 2 73 74
67 1 2 102 2 74 75
68 1 2 102 2 75 76
69 1 2 102 2 76 77
70 1 2 102 2 77 78
71 1 2 102 2 78 79
72 1 2 102 2 79 80
73 1 2 102 2 80 81
74 1 2 102 2 81 82
75 1 2 102 2 82 83
76 1 2 102 2 83 84
77 1 2 102 2 84 85
78 1 2 102 2 85 86
79 1 2 102 2 86 87
80 1 2 102 2 87 88
81 1 2 102 2 88 89
82 1 2 102 2 89 90
83 1 2 102 2 90 91
84 1 2 102 2 91 92
85 1 2 102 2 92 93
86 1 2 102 2 93 94
87 1 2 102 2 94 95
88 1 2 102 2 95 96
89 1 2 102 2 96 97
90 1 2 102 2 97 98
91 1 2 102 2 98 99
92 1 2 102 2 99 100
93 1 2 102 2 100 101
94 1 2 102 2 101 102
95 1 2 102 2 102 103
96 1 2 102 2 103 104
97 1 2 102 2 104 105
98 1 2 102 2 105 106
99 1 2 102 2 106 107
100 1 2 102 2 107 108
101 1 2 102 2 108 109
102 1 2 102 2 109 110
103 1 2 102 2 110 111
104 1 2 102 2 111 112
105 1 2 102 2 112 113
106 1 2 102 2 113 114
107 1 2 102 2 114 115
108 1 2 102 2 115 116
109 1 2 102 2 116 117
110 1 2 102 2 117 118
111 1 2 102 2 118 119
112 1 2 102 2 119 120
113 1 2 102 2 120 121
114 1 2 102 2 121 122
115 1 2 102 2 122 123
116 1 2 102 2 123 124
117 1 2 102 2 124 125
118 1 2 102 2 125 126
119 1 2 102 2 126 127
120 1 2 102 2 127 128
121 1 2 102 2 128 129
122 1 2 102 2 129 130
123 1 2 102 2 130 131
124 1 2 102 2 131 132
125 1 2 102 2 132 133
126 1 2 102 2 133 134
127 1 2 102 2 134 135
128 1 2 102 2 135 136
129 1 2 102 2 136 137
130 1 2 102 2 137 138
131 1 2 102 2 138 139
132 1 2 102 2 139 140
133 1 2 102 2 140 141
134 1 2 102 2 141 142
135 1 2 102 2 142 143
136 1 2 102 2 143 144
137 1 2 102 2 144 145
138 1 2 102 2 145 146
139 1 2 102 2 146 147
140 1 2 102 2 147 148
141 1 2 102 2 148 149
142 1 2 102 2 149 150
143 1 2 102 2 150 151
144 1 2 102 2 151 152
145 1 2 102 2 152 153
146 1 2 102 2 153 154
147 1 2 102 2 154 155
148 1 2 102 2 155 156
149 1 2 102 2 156 157
150 1 2 102 2 157 158
151 1 2 102 2 158 159
152 1 2 102 2 159 160
153 1 2 102 2 160 161
154 1 2 102 2 161 162
155 1 2 102 2 162 163
156 1 2 102 2 163 164
157 1 2 102 2 164 165
158 1 2 102 2 165 166
159 1 2 102 2 166 167
160 1 2 102 2 167 168
161 1 2 102 2 168 169
162 1 2 102 2 169 170
163 1 2 102 2 170 171
164 1 2 102 2 171 172
165 1 2 102 2 172 173
166 1 2 102 2 173 174
167 1 2 102 2 174 175
168 1 2 102 2 175 176
169 1 2 102 2 176 177
170 1 2 102 2 177 178
171 1 2 102 2 178 179
172 1 2 102 2 179 180
173 1 2 102 2 180 181
174 1 2 102 2 181 182
175 1 2 102 2 182 183
176 1 2 102 2 183 184
177 1 2 102 2 184 185
178 1 2 102 2 185 186
179 1 2 102 2 186 187
180 1 2 102 2 187 188
181 1 2 102 2 188 189
182 1 2 102 2 189 190
183 1 2 102 2 190 191
184 1 2 102 2 191 192
185 1 2 102 2 192 193
186 1 2 102 2 193 194
187 1 2 102 2 194 195
188 1 2 102 2 195 196
189 1 2 102 2 196 197
190 1 2 102 2 197 198
191 1 2 102 2 198 199
192 1 2 102 2 199 200
193 1 2 102 2 200 201
194 1 2 102 2 201 202
195 1 2 102 2 202 203
196 1 2 102 2 203 204
197 1 2 102 2 204 205
198 1 2 102 2 205 206
199 1 2 102 2 206 207
200 1 2 102 2 207 208
201 1 2 102 2 208 209
202 1 2 102 2 209 210
203 1 2 102 2 210 211
204 1 2 102 2 211 212
205 1 2 102 2 212 3
206 1 2 101 4 4 242
207 1 2 101 4 242 243
208 1 2 101 4 243 244
209 1 2 101 4 244 245
210 1 2 101 4 245 246
211 1 2 101 4 246 247
212 1 2 101 4 247 248
213 1 2 101 4 248 249
214 1 2 101 4 249 250
215 1 2 101 4 250 251
216 1 2 101 4 251 252
217 1 2 101 4 252 253
218 1 2 101 4 253 254
219 1 2 101 4 254 255
220 1 2 101 4 255 256
221 1 2 101 4 256 257
222 1 2 101 4 257 5
223 1 2 101 5 5 258
224 1 2 101 5 258 259
225 1 2 101 5 259 260
226 1 2 101 5 260 261
227 1 2 101 5 261 262
228 1 2 101 5 262 263
229 1 2 101 5 263 6
230 1 2 101 6 6 264
231 1 2 101 6 264 265
232 1 2 101 6 265 266
233 1 2 101 6 266 267
234 1 2 101 6 267 268
235 1 2 101 6 268 269
236 1 2 101 6 269 270
237 1 2 101 6 270 271
238 1 2 101 6 271 272
239 1 2 101 6 272 273
240 1 2 101 6 273 274
241 1 2 101 6 274 275
242 1 2 101 6 275 276
243 1 2 101 6 276 277
244 1 2 101 6 277 278
245 1 2 101 6 278 279
246 1 2 101 6 279 280
247 1 2 101 6 280 281
248 1 2 101 6 281 282
249 1 2 101 6 282 283
250 1 2 101 6 283 284
251 1 2 101 6 284 285
252 1 2 101 6 285 286
253 1 2 101 6 286 287
254 1 2 101 6 287 288
255 1 2 101 6 288 289
256 1 2 101 6 289 290
257 1 2 101 6 290 291
258 1 2 101 6 291 292
259 1 2 101 6 292 293
260 1 2 101 6 293 294
261 1 2 101 6 294 295
262 1 2 101 6 295 296
263 1 2 101 6 296 297
264 1 2 101 6 297 298
265 1 2 101 6 298 299
266 1 2 101 6 299 300
267 1 2 101 6 300 301
268 1 2 101 6 301 302
269 1 2 101 6 302 7
270 2 2 1 16 3051 3275 3052
271 2 2 1 16 1992 3114 3113
272 2 2 1 16 2406 3256 2529
273 2 2 1 16 1307 2434 1305
274 2 2 1 16 563 2168 214
275 2 2 1 16 606 2299 2237
276 2 2 1 16 1103 2480 1101
277 2 2 1 16 2424 3320 452
278 2 2 1 16 1629 2300 2162
279 2 2 1 16 2305 2959 1903
280 2 2 1 16 121 2836 434
281 2 2 1 16 2383 2917 985
282 2 2 1 16 1428 3291 3264
283 2 2 1 16 1095 2826 2141
284 2 2 1 16 1014 2786 2070
285 2 2 1 16 2752 3020 938
286 2 2 1 16 968 3361 2353
287 2 2 1 16 549 2718 96
288 2 2 1 16 458 2645 2192
289 2 2 1 16 2055 3021 2898
290 2 2 1 16 525 2820 2585
291 2 2 1 16 2194 2287 1460
292 2 2 1 16 1662 2832 1599
293 2 2 1 16 3264 3291 2097
294 2 2 1 16 575 3115 2060
295 2 2 1 16 2044 2779 2775
296 2 2 1 16 500 3139 2315
297 2 2 1 16 2011 3081 2144
298 2 2 1 16 2175 2768 1003
299 2 2 1 16 1627 2157 2127
300 2 2 1 16 2898 3021 1847
301 2 2 1 16 500 2315 2314
302 2 2 1 16 732 2826 729
303 2 2 1 16 1501 2959 2305
304 2 2 1 16 1485 2230 1818
305 2 2 1 16 546 2899 2135
306 2 2 1 16 2224 3497 794
307 2 2 1 16 2423 3320 2424
308 2 2 1 16 556 2341 2339
309 2 2 1 16 796 2377 840
310 2 2 1 16 2070 3076 1014
311 2 2 1 16 2601 2602 481
312 2 2 1 16 3066 3077 2053
313 2 2 1 16 2303 2304 1904
314 2 2 1 16 2141 2248 1095
315 2 2 1 16 551 3209 2328
316 2 2 1 16 1094 2530 2529
317 2 2 1 16 1768 2893 2381
318 2 2 1 16 430 2907 2327
319 2 2 1 16 96 2718 95
320 2 2 1 16 1836 3063 2298
321 2 2 1 16 2202 3027 257
322 2 2 1 16 2176 2743 515
323 2 2 1 16 1094 2810 2530
324 2 2 1 16 1884 3099 1521
325 2 2 1 16 794 2844 2224
326 2 2 1 16 2603 3248 481
327 2 2 1 16 2875 3563 2687
328 2 2 1 16 856 2665 832
329 2 2 1 16 3044 3101 1913
330 2 2 1 16 2377 3383 840
331 2 2 1 16 2523 3518 1632
332 2 2 1 16 2657 2745 2072
333 2 2 1 16 425 2725 2580
334 2 2 1 16 2006 3336 3309
335 2 2 1 16 423 2148 565
336 2 2 1 16 2264 2369 440
337 2 2 1 16 2256 2871 1646
338 2 2 1 16 489 2749 2507
339 2 2 1 16 1835 2955 2722
340 2 2 1 16 965 3361 968
341 2 2 1 16 514 2654 2191
342 2 2 1 16 2436 2917 2383
343 2 2 1 16 3019 3325 840
344 2 2 1 16 2237 2986 606
345 2 2 1 16 445 2466 171
346 2 2 1 16 2697 3185 2007
347 2 2 1 16 2043 3182 2658
348 2 2 1 16 2529 3256 1094
349 2 2 1 16 2585 2820 2587
350 2 2 1 16 2672 3282 3158
351 2 2 1 16 2841 2943 1980
352 2 2 1 16 2657 3293 2745
353 2 2 1 16 492 2259 2258
354 2 2 1 16 1792 2458 1508
355 2 2 1 16 2108 2491 2437
356 2 2 1 16 2508 3484 2117
357 2 2 1 16 1420 2288 1419
358 2 2 1 16 840 3383 3019
359 2 2 1 16 1980 2943 1979
360 2 2 1 16 2209 2226 2221
361 2 2 1 16 221 2545 220
362 2 2 1 16 2590 3025 1979
363 2 2 1 16 2470 3211 2569
364 2 2 1 16 2602 2603 481
365 2 2 1 16 3171 3224 2940
366 2 2 1 16 2494 2501 2496
367 2 2 1 16 2304 2305 1904
368 2 2 1 16 2287 2288 1460
369 2 2 1 16 3158 3500 2672
370 2 2 1 16 2501 3660 1408
371 2 2 1 16 571 3357 2088
372 2 2 1 16 1739 2932 2367
373 2 2 1 16 2578 3020 2752
374 2 2 1 16 627 2488 2487
375 2 2 1 16 1100 2900 2138
376 2 2 1 16 2063 3157 3034
377 2 2 1 16 475 2443 2441
378 2 2 1 16 2976 3239 1919
379 2 2 1 16 2305 2306 1501
380 2 2 1 16 1497 3190 2335
381 2 2 1 16 2328 3209 1959
382 2 2 1 16 171 2466 170
383 2 2 1 16 1979 2943 2590
384 2 2 1 16 3309 3336 2586
385 2 2 1 16 2244 3393 779
386 2 2 1 16 940 3200 2167
387 2 2 1 16 2288 2289 1419
388 2 2 1 16 627 2487 2486
389 2 2 1 16 2569 3211 441
390 2 2 1 16 1846 3522 2247
391 2 2 1 16 2429 3245 466
392 2 2 1 16 2631 3239 2976
393 2 2 1 16 658 2185 757
394 2 2 1 16 1751 3649 2170
395 2 2 1 16 1178 2480 1103
396 2 2 1 16 1508 2458 1405
397 2 2 1 16 1747 3115 575
398 2 2 1 16 2088 2110 1747
399 2 2 1 16 530 3249 2332
400 2 2 1 16 1548 2342 1872
401 2 2 1 16 1453 2972 2166
402 2 2 1 16 2329 2330 2081
403 2 2 1 16 1484 2523 1632
404 2 2 1 16 1922 2340 1639
405 2 2 1 16 1448 2363 1579
406 2 2 1 16 2230 2231 1818
407 2 2 1 16 2369 2370 440
408 2 2 1 16 1182 3275 3051
409 2 2 1 16 1209 2537 1098
410 2 2 1 16 2653 3227 2652
411 2 2 1 16 2563 3240 837
412 2 2 1 16 1490 2246 1864
413 2 2 1 16 1055 3077 3066
414 2 2 1 16 1310 2251 2250
415 2 2 1 16 2853 2951 1826
416 2 2 1 16 809 3193 3038
417 2 2 1 16 2135 3217 546
418 2 2 1 16 2534 2778 1807
419 2 2 1 16 472 2789 2255
420 2 2 1 16 2150 2245 1555
421 2 2 1 16 688 3185 2697
422 2 2 1 16 2580 3519 425
423 2 2 1 16 2345 2346 550
424 2 2 1 16 2228 2229 1533
425 2 2 1 16 3138 3464 456
426 2 2 1 16 2785 2963 2552
427 2 2 1 16 2263 2264 519
428 2 2 1 16 2334 3245 2429
429 2 2 1 16 1627 2301 2157
430 2 2 1 16 1555 2320 2150
431 2 2 1 16 2617 2950 1955
432 2 2 1 16 1629 2162 2155
433 2 2 1 16 122 2836 121
434 2 2 1 16 2236 2237 2217
435 2 2 1 16 2327 3458 430
436 2 2 1 16 2144 3352 2011
437 2 2 1 16 1427 2767 2277
438 2 2 1 16 2998 3077 2573
439 2 2 1 16 2032 3444 1174
440 2 2 1 16 2062 2082 2061
441 2 2 1 16 1834 3171 2294
442 2 2 1 16 538 2875 2687
443 2 2 1 16 2226 3234 2221
444 2 2 1 16 2238 2239 787
445 2 2 1 16 1912 3271 3117
446 2 2 1 16 1311 2251 1310
447 2 2 1 16 1397 2321 1688
448 2 2 1 16 469 3172 2800
449 2 2 1 16 2600 2602 2601
450 2 2 1 16 2191 2655 514
451 2 2 1 16 1305 2434 1353
452 2 2 1 16 1486 2230 1485
453 2 2 1 16 1846 2247 2246
454 2 2 1 16 2751 3520 2990
455 2 2 1 16 1028 2450 717
456 2 2 1 16 2306 2308 1501
457 2 2 1 16 1101 2480 2266
458 2 2 1 16 3468 3562 3043
459 2 2 1 16 3034 3157 249
460 2 2 1 16 2339 2866 556
461 2 2 1 16 3117 3271 2770
462 2 2 1 16 2330 3249 2081
463 2 2 1 16 658 3668 2185
464 2 2 1 16 211 2168 566
465 2 2 1 16 1003 3472 2175
466 2 2 1 16 448 3315 2181
467 2 2 1 16 1641 2339 2338
468 2 2 1 16 1833 2871 2256
469 2 2 1 16 2335 2609 1497
470 2 2 1 16 1825 3465 2198
471 2 2 1 16 2449 3153 1728
472 2 2 1 16 1911 2571 2279
473 2 2 1 16 481 3248 3034
474 2 2 1 16 1279 2295 1567
475 2 2 1 16 2287 2290 2288
476 2 2 1 16 1955 2951 2617
477 2 2 1 16 3141 3142 2827
478 2 2 1 16 1870 3227 2653
479 2 2 1 16 2287 3330 2290
480 2 2 1 16 2804 3049 1770
481 2 2 1 16 2808 3288 2164
482 2 2 1 16 2192 2654 458
483 2 2 1 16 2381 2623 1768
484 2 2 1 16 2507 2749 2661
485 2 2 1 16 485 3027 2773
486 2 2 1 16 1277 2609 1543
487 2 2 1 16 10 2148 424
488 2 2 1 16 2957 3646 2762
489 2 2 1 16 5 2202 257
490 2 2 1 16 2704 2887 1024
491 2 2 1 16 1268 2445 1568
492 2 2 1 16 2171 3565 1076
493 2 2 1 16 1375 2677 1357
494 2 2 1 16 1824 2963 2785
495 2 2 1 16 2213 2236 2217
496 2 2 1 16 2327 2907 2328
497 2 2 1 16 431 3232 2345
498 2 2 1 16 573 2088 1747
499 2 2 1 16 2169 3602 567
500 2 2 1 16 496 2474 2397
501 2 2 1 16 2836 3330 434
502 2 2 1 16 2725 3355 1866
503 2 2 1 16 2164 3288 2156
504 2 2 1 16 2446 3383 2377
505 2 2 1 16 2638 3108 1894
506 2 2 1 16 471 2896 2319
507 2 2 1 16 832 2665 833
508 2 2 1 16 766 2843 620
509 2 2 1 16 1208 2522 1609
510 2 2 1 16 818 2517 815
511 2 2 1 16 1812 2970 2543
512 2 2 1 16 2990 3520 2015
513 2 2 1 16 2236 3370 2922
514 2 2 1 16 2656 3315 3064
515 2 2 1 16 2060 2061 1456
516 2 2 1 16 1770 3049 2929
517 2 2 1 16 2378 2704 1024
518 2 2 1 16 612 2844 794
519 2 2 1 16 3110 3172 469
520 2 2 1 16 2218 2299 2225
521 2 2 1 16 1821 2343 1466
522 2 2 1 16 2381 2893 2380
523 2 2 1 16 2300 3476 2162
524 2 2 1 16 1391 2537 1209
525 2 2 1 16 2108 3515 2491
526 2 2 1 16 1641 2338 2337
527 2 2 1 16 677 2425 676
528 2 2 1 16 2117 2694 2508
529 2 2 1 16 1695 2863 2565
530 2 2 1 16 2307 2425 2306
531 2 2 1 16 1779 2832 1662
532 2 2 1 16 2748 3419 1853
533 2 2 1 16 2155 2607 1629
534 2 2 1 16 1338 2509 1337
535 2 2 1 16 213 2168 212
536 2 2 1 16 2927 3116 2926
537 2 2 1 16 567 2234 2169
538 2 2 1 16 214 2168 213
539 2 2 1 16 569 2115 1909
540 2 2 1 16 2367 2932 2366
541 2 2 1 16 2284 2889 542
542 2 2 1 16 2494 2496 2495
543 2 2 1 16 1953 2966 2349
544 2 2 1 16 850 3091 2810
545 2 2 1 16 1033 2608 2254
546 2 2 1 16 2513 3542 1515
547 2 2 1 16 2658 3416 2043
548 2 2 1 16 2812 3240 2563
549 2 2 1 16 2311 3242 2310
550 2 2 1 16 2413 3190 1497
551 2 2 1 16 2246 2247 1864
552 2 2 1 16 563 3198 2168
553 2 2 1 16 1579 2363 2331
554 2 2 1 16 1204 2612 1429
555 2 2 1 16 571 2088 573
556 2 2 1 16 614 2844 612
557 2 2 1 16 3004 3068 1139
558 2 2 1 16 2289 2292 2291
559 2 2 1 16 1217 3350 2867
560 2 2 1 16 2576 3649 1751
561 2 2 1 16 2920 3135 2840
562 2 2 1 16 1567 2295 2274
563 2 2 1 16 3119 3129 2174
564 2 2 1 16 2600 2601 2599
565 2 2 1 16 2722 2955 480
566 2 2 1 16 2412 2413 1497
567 2 2 1 16 424 2148 423
568 2 2 1 16 589 2238 787
569 2 2 1 16 562 3243 3176
570 2 2 1 16 2289 2291 1419
571 2 2 1 16 779 3393 2375
572 2 2 1 16 2292 2766 543
573 2 2 1 16 738 2826 732
574 2 2 1 16 2060 2062 2061
575 2 2 1 16 3064 3315 2073
576 2 2 1 16 2775 3488 2044
577 2 2 1 16 1008 2368 922
578 2 2 1 16 19 2654 18
579 2 2 1 16 1688 2321 2136
580 2 2 1 16 676 2425 2307
581 2 2 1 16 549 2780 2717
582 2 2 1 16 1310 2434 1307
583 2 2 1 16 1677 2242 2241
584 2 2 1 16 220 2545 498
585 2 2 1 16 2810 3091 2530
586 2 2 1 16 2019 2962 2634
587 2 2 1 16 1051 2398 2190
588 2 2 1 16 3349 3445 2101
589 2 2 1 16 3331 3411 507
590 2 2 1 16 2676 2954 1335
591 2 2 1 16 3176 3243 2271
592 2 2 1 16 784 2377 796
593 2 2 1 16 937 3200 940
594 2 2 1 16 1695 3268 2863
595 2 2 1 16 1922 2764 2340
596 2 2 1 16 1408 2776 2501
597 2 2 1 16 2382 2623 2381
598 2 2 1 16 1093 2694 2584
599 2 2 1 16 2502 3660 2501
600 2 2 1 16 2314 2316 500
601 2 2 1 16 2742 2831 2128
602 2 2 1 16 218 2495 217
603 2 2 1 16 1117 2605 1115
604 2 2 1 16 1076 3543 2171
605 2 2 1 16 627 2486 613
606 2 2 1 16 2186 2669 487
607 2 2 1 16 2379 2954 2676
608 2 2 1 16 411 2724 517
609 2 2 1 16 1803 2257 955
610 2 2 1 16 1699 2328 1959
611 2 2 1 16 2253 2549 457
612 2 2 1 16 2138 3047 1100
613 2 2 1 16 680 2425 677
614 2 2 1 16 2347 3138 560
615 2 2 1 16 444 3094 2637
616 2 2 1 16 2088 2174 2110
617 2 2 1 16 717 2450 719
618 2 2 1 16 1101 2266 949
619 2 2 1 16 2867 3350 2225
620 2 2 1 16 2827 3418 3141
621 2 2 1 16 1777 2370 2369
622 2 2 1 16 2927 3334 1989
623 2 2 1 16 2280 3233 987
624 2 2 1 16 479 3144 3080
625 2 2 1 16 2717 2780 1842
626 2 2 1 16 212 2168 211
627 2 2 1 16 2746 3080 2010
628 2 2 1 16 1837 3063 1836
629 2 2 1 16 1534 2228 1533
630 2 2 1 16 1521 3099 1685
631 2 2 1 16 2166 2973 1453
632 2 2 1 16 2309 2311 2310
633 2 2 1 16 1713 3445 3349
634 2 2 1 16 2479 3527 2478
635 2 2 1 16 703 2596 706
636 2 2 1 16 2304 2307 2306
637 2 2 1 16 2688 3502 467
638 2 2 1 16 2428 2429 536
639 2 2 1 16 1894 3494 2638
640 2 2 1 16 1853 3155 2748
641 2 2 1 16 3003 3004 1139
642 2 2 1 16 2726 3355 2725
643 2 2 1 16 1568 2445 2283
644 2 2 1 16 2325 2327 1699
645 2 2 1 16 987 3233 988
646 2 2 1 16 3 213 212
647 2 2 1 16 1547 2342 1548
648 2 2 1 16 1 10 424
649 2 2 1 16 2234 3411 3331
650 2 2 1 16 2181 2939 448
651 2 2 1 16 1464 3484 2508
652 2 2 1 16 2052 3410 2655
653 2 2 1 16 1240 3038 2189
654 2 2 1 16 1593 2461 2386
655 2 2 1 16 2382 3317 2623
656 2 2 1 16 2834 3393 2945
657 2 2 1 16 1577 2423 1756
658 2 2 1 16 1011 2382 912
659 2 2 1 16 492 3414 2259
660 2 2 1 16 2145 2343 1821
661 2 2 1 16 2148 2512 565
662 2 2 1 16 2307 3400 2946
663 2 2 1 16 2127 3665 3356
664 2 2 1 16 858 2240 2238
665 2 2 1 16 3003 3109 1885
666 2 2 1 16 3113 3422 1992
667 2 2 1 16 2478 3527 2122
668 2 2 1 16 1157 3343 2182
669 2 2 1 16 1866 2365 1578
670 2 2 1 16 2441 2443 2442
671 2 2 1 16 1992 3166 3114
672 2 2 1 16 3253 3372 801
673 2 2 1 16 2544 2554 1806
674 2 2 1 16 1816 3449 2683
675 2 2 1 16 2778 3280 1807
676 2 2 1 16 1763 2269 2146
677 2 2 1 16 2459 2554 2544
678 2 2 1 16 1357 2677 1330
679 2 2 1 16 2144 3081 1264
680 2 2 1 16 3060 3088 3004
681 2 2 1 16 815 2517 813
682 2 2 1 16 2334 2429 2333
683 2 2 1 16 2090 3372 3253
684 2 2 1 16 1723 2442 2096
685 2 2 1 16 2543 3168 1812
686 2 2 1 16 2053 3077 2998
687 2 2 1 16 1460 2288 1420
688 2 2 1 16 2489 3030 2641
689 2 2 1 16 2846 3164 2475
690 2 2 1 16 2349 2966 1141
691 2 2 1 16 1139 3109 3003
692 2 2 1 16 246 3080 2746
693 2 2 1 16 2634 2962 752
694 2 2 1 16 2397 2474 1748
695 2 2 1 16 651 2484 802
696 2 2 1 16 2926 3116 1409
697 2 2 1 16 2707 3544 2129
698 2 2 1 16 2077 3329 3258
699 2 2 1 16 1159 3234 2226
700 2 2 1 16 2762 3421 2957
701 2 2 1 16 2299 2867 2225
702 2 2 1 16 3202 3249 2849
703 2 2 1 16 1354 2951 2853
704 2 2 1 16 3038 3193 2189
705 2 2 1 16 1143 2300 1629
706 2 2 1 16 2929 3049 1990
707 2 2 1 16 2255 2780 472
708 2 2 1 16 2245 3235 769
709 2 2 1 16 2296 2684 2274
710 2 2 1 16 2683 3267 1816
711 2 2 1 16 2193 3496 1709
712 2 2 1 16 217 2495 508
713 2 2 1 16 2128 2831 2355
714 2 2 1 16 727 2837 725
715 2 2 1 16 674 3562 3468
716 2 2 1 16 1406 2456 2227
717 2 2 1 16 2625 2720 1122
718 2 2 1 16 3281 3402 2089
719 2 2 1 16 2571 3462 2279
720 2 2 1 16 2250 2434 1310
721 2 2 1 16 1234 2297 1612
722 2 2 1 16 2182 3140 1157
723 2 2 1 16 2970 3073 2698
724 2 2 1 16 1394 2665 856
725 2 2 1 16 1913 3101 2807
726 2 2 1 16 1684 2755 2518
727 2 2 1 16 2646 3385 3239
728 2 2 1 16 550 3048 2345
729 2 2 1 16 1609 2522 2312
730 2 2 1 16 2894 3406 2902
731 2 2 1 16 1989 3196 2927
732 2 2 1 16 1810 2390 2350
733 2 2 1 16 662 2243 872
734 2 2 1 16 2327 2328 1699
735 2 2 1 16 3258 3329 989
736 2 2 1 16 611 2490 627
737 2 2 1 16 660 2243 662
738 2 2 1 16 1899 2547 2546
739 2 2 1 16 515 2924 2176
740 2 2 1 16 1429 2612 1956
741 2 2 1 16 2165 3502 2688
742 2 2 1 16 2655 3524 2052
743 2 2 1 16 2108 2437 1594
744 2 2 1 16 1212 2395 799
745 2 2 1 16 1447 2363 1448
746 2 2 1 16 1777 3506 2370
747 2 2 1 16 2488 3029 2958
748 2 2 1 16 2294 3397 1834
749 2 2 1 16 2560 3263 2973
750 2 2 1 16 3206 3396 1952
751 2 2 1 16 1615 2547 1899
752 2 2 1 16 3094 3191 2637
753 2 2 1 16 769 3433 2245
754 2 2 1 16 2442 2443 2096
755 2 2 1 16 1543 2609 2335
756 2 2 1 16 1610 2272 1958
757 2 2 1 16 2541 2642 1884
758 2 2 1 16 2200 2991 255
759 2 2 1 16 2423 2424 1756
760 2 2 1 16 2094 2412 1680
761 2 2 1 16 1193 3500 3158
762 2 2 1 16 1394 2664 2531
763 2 2 1 16 1742 2329 2081
764 2 2 1 16 2360 2361 2359
765 2 2 1 16 1181 2605 1117
766 2 2 1 16 2309 2310 1867
767 2 2 1 16 1459 2804 1770
768 2 2 1 16 2127 3356 2128
769 2 2 1 16 2475 3501 2846
770 2 2 1 16 1554 2281 1962
771 2 2 1 16 1940 2320 1555
772 2 2 1 16 2799 3144 479
773 2 2 1 16 2322 2323 1789
774 2 2 1 16 516 3513 2462
775 2 2 1 16 2107 2547 1615
776 2 2 1 16 1515 3542 2604
777 2 2 1 16 1951 3400 2307
778 2 2 1 16 1709 3195 2193
779 2 2 1 16 543 2800 2292
780 2 2 1 16 575 2060 577
781 2 2 1 16 577 2060 1456
782 2 2 1 16 2347 3464 3138
783 2 2 1 16 922 2368 923
784 2 2 1 16 2717 2718 549
785 2 2 1 16 2756 3183 1283
786 2 2 1 16 2882 3242 2311
787 2 2 1 16 2167 3377 940
788 2 2 1 16 2687 3563 2093
789 2 2 1 16 2066 2267 1198
790 2 2 1 16 2775 2779 1784
791 2 2 1 16 2465 2744 443
792 2 2 1 16 2716 2977 2536
793 2 2 1 16 1590 2309 1867
794 2 2 1 16 2504 3150 800
795 2 2 1 16 2322 2324 2323
796 2 2 1 16 2762 3646 2410
797 2 2 1 16 2112 2784 2111
798 2 2 1 16 1174 3444 3151
799 2 2 1 16 1844 2479 2478
800 2 2 1 16 484 2920 2840
801 2 2 1 16 2273 3641 2902
802 2 2 1 16 569 1909 571
803 2 2 1 16 599 2417 601
804 2 2 1 16 2461 2521 2386
805 2 2 1 16 2170 3555 1751
806 2 2 1 16 566 3198 2587
807 2 2 1 16 2937 3154 1727
808 2 2 1 16 1641 2337 1433
809 2 2 1 16 2013 3388 2235
810 2 2 1 16 1426 3101 3044
811 2 2 1 16 1490 2267 2246
812 2 2 1 16 2207 2226 2209
813 2 2 1 16 2258 2260 492
814 2 2 1 16 1250 2767 1427
815 2 2 1 16 573 1747 575
816 2 2 1 16 548 2510 2313
817 2 2 1 16 3081 3291 1428
818 2 2 1 16 2843 3432 620
819 2 2 1 16 2720 3283 1122
820 2 2 1 16 2719 3120 2736
821 2 2 1 16 1907 3598 2637
822 2 2 1 16 2657 3315 448
823 2 2 1 16 2198 3423 1825
824 2 2 1 16 1680 2412 1255
825 2 2 1 16 442 2977 2716
826 2 2 1 16 2435 2821 1435
827 2 2 1 16 2479 2858 533
828 2 2 1 16 2521 3619 2179
829 2 2 1 16 1931 3220 2389
830 2 2 1 16 1186 3084 2356
831 2 2 1 16 1311 2809 2251
832 2 2 1 16 2509 2832 1337
833 2 2 1 16 2333 2428 1745
834 2 2 1 16 2333 2429 2428
835 2 2 1 16 1427 2360 2358
836 2 2 1 16 2642 3099 1884
837 2 2 1 16 2129 2987 2707
838 2 2 1 16 2894 2902 545
839 2 2 1 16 912 2382 913
840 2 2 1 16 736 2452 742
841 2 2 1 16 1018 2900 1100
842 2 2 1 16 2841 3236 2680
843 2 2 1 16 2273 2902 2272
844 2 2 1 16 2190 2733 1051
845 2 2 1 16 1643 3512 3402
846 2 2 1 16 2566 2863 2026
847 2 2 1 16 3093 3177 1637
848 2 2 1 16 2922 3222 2986
849 2 2 1 16 1441 2322 1789
850 2 2 1 16 2379 2676 1714
851 2 2 1 16 491 3619 2521
852 2 2 1 16 2450 3153 2449
853 2 2 1 16 2221 3370 2236
854 2 2 1 16 2730 2838 1480
855 2 2 1 16 2226 3583 1159
856 2 2 1 16 858 3334 2240
857 2 2 1 16 2508 2694 1093
858 2 2 1 16 221 3197 2545
859 2 2 1 16 2126 3567 2184
860 2 2 1 16 2227 2455 1406
861 2 2 1 16 2570 2664 1394
862 2 2 1 16 2062 2347 2082
863 2 2 1 16 412 2724 411
864 2 2 1 16 890 2293 1052
865 2 2 1 16 2452 2532 742
866 2 2 1 16 713 2548 716
867 2 2 1 16 2319 3367 471
868 2 2 1 16 1654 2325 1699
869 2 2 1 16 1284 2321 1397
870 2 2 1 16 3172 3487 2292
871 2 2 1 16 445 3516 2466
872 2 2 1 16 2332 3456 530
873 2 2 1 16 926 2367 2366
874 2 2 1 16 2187 3063 1837
875 2 2 1 16 2784 3517 2111
876 2 2 1 16 1907 2637 2228
877 2 2 1 16 2217 2299 2218
878 2 2 1 16 1954 3170 3042
879 2 2 1 16 1829 3652 2944
880 2 2 1 16 2533 2777 2534
881 2 2 1 16 2076 2453 2075
882 2 2 1 16 1812 3073 2970
883 2 2 1 16 1649 2378 900
884 2 2 1 16 2494 2502 2501
885 2 2 1 16 2789 3347 2255
886 2 2 1 16 2277 3508 1427
887 2 2 1 16 2928 3372 2090
888 2 2 1 16 453 2747 2701
889 2 2 1 16 1188 2609 1277
890 2 2 1 16 443 3451 2465
891 2 2 1 16 916 2381 2380
892 2 2 1 16 2928 3599 3372
893 2 2 1 16 2332 3249 2330
894 2 2 1 16 1844 2478 1473
895 2 2 1 16 1904 2305 1903
896 2 2 1 16 1100 2825 2416
897 2 2 1 16 2247 3522 2885
898 2 2 1 16 611 3684 2490
899 2 2 1 16 3052 3275 2130
900 2 2 1 16 2268 2581 1014
901 2 2 1 16 1578 2365 1371
902 2 2 1 16 2026 3569 2566
903 2 2 1 16 886 2302 1009
904 2 2 1 16 487 3356 2186
905 2 2 1 16 2777 2778 2534
906 2 2 1 16 458 2738 2645
907 2 2 1 16 729 2826 1095
908 2 2 1 16 1174 3440 2032
909 2 2 1 16 2243 3567 2242
910 2 2 1 16 1014 2581 1000
911 2 2 1 16 1220 3169 3058
912 2 2 1 16 2358 2360 2359
913 2 2 1 16 552 3156 2390
914 2 2 1 16 2211 2236 2213
915 2 2 1 16 577 1456 579
916 2 2 1 16 1157 3523 3343
917 2 2 1 16 757 2243 660
918 2 2 1 16 1599 2832 2509
919 2 2 1 16 2462 3513 2461
920 2 2 1 16 2885 3216 2247
921 2 2 1 16 722 2449 2448
922 2 2 1 16 3343 3523 2731
923 2 2 1 16 1391 3345 2805
924 2 2 1 16 2584 2694 1895
925 2 2 1 16 2198 3465 2199
926 2 2 1 16 1945 3275 3036
927 2 2 1 16 2005 2839 2444
928 2 2 1 16 799 2395 846
929 2 2 1 16 2643 3371 439
930 2 2 1 16 2237 2299 2217
931 2 2 1 16 1194 2416 1638
932 2 2 1 16 2607 3591 1132
933 2 2 1 16 1829 2944 2528
934 2 2 1 16 1792 3604 2824
935 2 2 1 16 1177 2445 1268
936 2 2 1 16 2153 2394 894
937 2 2 1 16 1097 2522 1208
938 2 2 1 16 2031 3177 3093
939 2 2 1 16 1301 2982 2197
940 2 2 1 16 1916 2317 1877
941 2 2 1 16 2375 3393 2834
942 2 2 1 16 1533 2230 1486
943 2 2 1 16 2241 3586 1677
944 2 2 1 16 2980 3461 2178
945 2 2 1 16 2254 2611 1033
946 2 2 1 16 2481 2572 459
947 2 2 1 16 2342 3083 1872
948 2 2 1 16 2178 3194 2980
949 2 2 1 16 2115 2719 1909
950 2 2 1 16 2393 3424 2873
951 2 2 1 16 1682 2346 2344
952 2 2 1 16 2593 3467 2034
953 2 2 1 16 2386 2702 1593
954 2 2 1 16 2082 2083 2061
955 2 2 1 16 1466 2343 1258
956 2 2 1 16 447 2952 2355
957 2 2 1 16 2687 2688 538
958 2 2 1 16 1180 2295 1279
959 2 2 1 16 2492 2495 218
960 2 2 1 16 2550 2829 1470
961 2 2 1 16 3125 3287 2912
962 2 2 1 16 2269 3595 2146
963 2 2 1 16 998 2786 1014
964 2 2 1 16 2953 2982 1344
965 2 2 1 16 1189 2472 1088
966 2 2 1 16 1822 3403 2248
967 2 2 1 16 255 3363 2200
968 2 2 1 16 2873 3675 2393
969 2 2 1 16 2661 2749 520
970 2 2 1 16 2562 3651 459
971 2 2 1 16 1891 2799 2763
972 2 2 1 16 3004 3088 3068
973 2 2 1 16 2191 2654 2192
974 2 2 1 16 1198 2267 1490
975 2 2 1 16 1682 2344 1584
976 2 2 1 16 1810 2350 1656
977 2 2 1 16 2184 3528 2126
978 2 2 1 16 2958 3029 1415
979 2 2 1 16 555 3460 2443
980 2 2 1 16 803 3038 1240
981 2 2 1 16 2288 2290 2289
982 2 2 1 16 1787 3049 2804
983 2 2 1 16 1834 3224 3171
984 2 2 1 16 1934 2829 2550
985 2 2 1 16 2531 2665 1394
986 2 2 1 16 779 3235 2244
987 2 2 1 16 2488 2958 2487
988 2 2 1 16 3356 3665 2186
989 2 2 1 16 2768 3069 1003
990 2 2 1 16 2751 2990 460
991 2 2 1 16 1186 2356 1058
992 2 2 1 16 3111 3120 2719
993 2 2 1 16 2346 2555 550
994 2 2 1 16 1856 3287 3125
995 2 2 1 16 2727 3050 1333
996 2 2 1 16 2387 2740 1774
997 2 2 1 16 1100 3047 2825
998 2 2 1 16 2222 2226 2207
999 2 2 1 16 3255 3348 2677
1000 2 2 1 16 2427 3032 2673
1001 2 2 1 16 2328 3181 551
1002 2 2 1 16 1287 2551 1644
1003 2 2 1 16 2455 3013 1037
1004 2 2 1 16 3357 3446 2174
1005 2 2 1 16 1427 2358 1252
1006 2 2 1 16 1639 2340 1641
1007 2 2 1 16 1064 2297 1234
1008 2 2 1 16 2922 2986 2237
1009 2 2 1 16 1866 2969 2365
1010 2 2 1 16 1760 2269 1763
1011 2 2 1 16 18 2654 514
1012 2 2 1 16 458 2654 19
1013 2 2 1 16 1507 2803 1459
1014 2 2 1 16 2720 3472 1012
1015 2 2 1 16 1405 2458 1406
1016 2 2 1 16 2587 3198 2699
1017 2 2 1 16 2165 2688 2558
1018 2 2 1 16 3005 3060 3004
1019 2 2 1 16 1551 2329 1742
1020 2 2 1 16 2493 3386 2550
1021 2 2 1 16 260 2261 259
1022 2 2 1 16 2622 2955 1835
1023 2 2 1 16 2254 2608 2417
1024 2 2 1 16 1202 2642 2541
1025 2 2 1 16 1714 2677 1375
1026 2 2 1 16 261 568 509
1027 2 2 1 16 1720 2442 1723
1028 2 2 1 16 1918 3558 2997
1029 2 2 1 16 1929 2456 2152
1030 2 2 1 16 2750 3304 3292
1031 2 2 1 16 1267 3680 2941
1032 2 2 1 16 1617 3332 2172
1033 2 2 1 16 613 2486 616
1034 2 2 1 16 1341 2509 1338
1035 2 2 1 16 2205 2222 2207
1036 2 2 1 16 949 2266 951
1037 2 2 1 16 1768 2623 2540
1038 2 2 1 16 2264 3246 519
1039 2 2 1 16 1145 2300 1143
1040 2 2 1 16 2594 2595 702
1041 2 2 1 16 519 3541 2263
1042 2 2 1 16 2197 2982 2953
1043 2 2 1 16 955 2257 957
1044 2 2 1 16 581 1174 583
1045 2 2 1 16 2281 3667 1962
1046 2 2 1 16 2054 3512 1643
1047 2 2 1 16 2518 2755 1616
1048 2 2 1 16 568 3662 509
1049 2 2 1 16 646 2484 651
1050 2 2 1 16 2176 3553 2743
1051 2 2 1 16 1948 2987 2129
1052 2 2 1 16 2626 2886 435
1053 2 2 1 16 251 2601 481
1054 2 2 1 16 1433 2337 1195
1055 2 2 1 16 1239 2308 1165
1056 2 2 1 16 1801 2936 2618
1057 2 2 1 16 2573 3077 1006
1058 2 2 1 16 699 2594 702
1059 2 2 1 16 2507 3533 489
1060 2 2 1 16 2005 3566 2839
1061 2 2 1 16 2622 3405 503
1062 2 2 1 16 493 3322 2579
1063 2 2 1 16 2596 3429 706
1064 2 2 1 16 3036 3275 1182
1065 2 2 1 16 2175 3472 2720
1066 2 2 1 16 2201 2203 2202
1067 2 2 1 16 1874 3422 3097
1068 2 2 1 16 2736 3120 499
1069 2 2 1 16 2223 3497 2224
1070 2 2 1 16 2345 3232 2324
1071 2 2 1 16 1090 2843 766
1072 2 2 1 16 1115 2605 2559
1073 2 2 1 16 1617 2349 1135
1074 2 2 1 16 2137 2477 1764
1075 2 2 1 16 1992 3422 1874
1076 2 2 1 16 506 2754 2473
1077 2 2 1 16 3015 3108 1356
1078 2 2 1 16 793 2668 781
1079 2 2 1 16 2603 3206 1952
1080 2 2 1 16 3388 3477 2235
1081 2 2 1 16 259 504 258
1082 2 2 1 16 757 3567 2243
1083 2 2 1 16 2006 3309 2538
1084 2 2 1 16 2121 2439 1692
1085 2 2 1 16 2916 2992 2270
1086 2 2 1 16 1826 2951 1955
1087 2 2 1 16 2390 3156 2350
1088 2 2 1 16 944 2352 945
1089 2 2 1 16 818 3568 2517
1090 2 2 1 16 1035 2391 1106
1091 2 2 1 16 983 3639 2372
1092 2 2 1 16 544 2891 2286
1093 2 2 1 16 1629 2607 1132
1094 2 2 1 16 2550 3387 2493
1095 2 2 1 16 2518 2756 1684
1096 2 2 1 16 2203 2205 2204
1097 2 2 1 16 2094 2413 2412
1098 2 2 1 16 505 3111 2719
1099 2 2 1 16 2389 2741 1931
1100 2 2 1 16 2345 3048 431
1101 2 2 1 16 2676 3255 2677
1102 2 2 1 16 1980 3236 2841
1103 2 2 1 16 2086 2887 2196
1104 2 2 1 16 710 2551 1287
1105 2 2 1 16 2435 3304 2750
1106 2 2 1 16 926 2366 927
1107 2 2 1 16 2803 2804 1459
1108 2 2 1 16 2645 2738 2660
1109 2 2 1 16 1925 2393 2270
1110 2 2 1 16 2103 3395 2511
1111 2 2 1 16 1095 2837 727
1112 2 2 1 16 262 2275 568
1113 2 2 1 16 2544 3107 2543
1114 2 2 1 16 2386 2521 2179
1115 2 2 1 16 3239 3385 1919
1116 2 2 1 16 3276 3332 1125
1117 2 2 1 16 2417 2608 601
1118 2 2 1 16 2157 3665 2127
1119 2 2 1 16 1086 2463 977
1120 2 2 1 16 1689 2475 2351
1121 2 2 1 16 2086 3364 2887
1122 2 2 1 16 2635 2700 2636
1123 2 2 1 16 2958 3030 2489
1124 2 2 1 16 2418 2421 1687
1125 2 2 1 16 2314 2315 1916
1126 2 2 1 16 257 3027 485
1127 2 2 1 16 682 2384 683
1128 2 2 1 16 1053 3085 2786
1129 2 2 1 16 916 2380 917
1130 2 2 1 16 1874 1907 1620
1131 2 2 1 16 2973 3263 1453
1132 2 2 1 16 2105 2430 1791
1133 2 2 1 16 2099 3368 2312
1134 2 2 1 16 1777 2369 1778
1135 2 2 1 16 2185 3567 757
1136 2 2 1 16 1717 2821 2435
1137 2 2 1 16 2459 2544 1343
1138 2 2 1 16 722 2448 723
1139 2 2 1 16 1818 1865 1578
1140 2 2 1 16 1646 3078 2256
1141 2 2 1 16 2292 3487 2291
1142 2 2 1 16 2058 2462 2460
1143 2 2 1 16 2415 3522 1846
1144 2 2 1 16 560 3418 2347
1145 2 2 1 16 2231 2579 1818
1146 2 2 1 16 2238 2240 2239
1147 2 2 1 16 1837 3058 2187
1148 2 2 1 16 2646 3239 944
1149 2 2 1 16 2221 2236 2211
1150 2 2 1 16 2558 2688 2687
1151 2 2 1 16 1677 2243 2242
1152 2 2 1 16 2195 2854 2357
1153 2 2 1 16 1460 3002 2194
1154 2 2 1 16 1480 3148 2730
1155 2 2 1 16 2364 2871 1833
1156 2 2 1 16 2294 3171 2293
1157 2 2 1 16 1267 2941 2561
1158 2 2 1 16 1501 2308 1239
1159 2 2 1 16 1464 2508 1238
1160 2 2 1 16 2739 3124 2048
1161 2 2 1 16 1106 2612 1204
1162 2 2 1 16 1088 2472 1086
1163 2 2 1 16 632 3707 3090
1164 2 2 1 16 3292 3651 2562
1165 2 2 1 16 2304 2306 2305
1166 2 2 1 16 1558 2628 1814
1167 2 2 1 16 2372 3561 983
1168 2 2 1 16 2374 2377 784
1169 2 2 1 16 1687 2423 1577
1170 2 2 1 16 2006 2538 1582
1171 2 2 1 16 2805 3559 1391
1172 2 2 1 16 1909 3357 571
1173 2 2 1 16 900 2378 901
1174 2 2 1 16 1015 2416 1194
1175 2 2 1 16 2133 3506 1777
1176 2 2 1 16 1086 2472 2463
1177 2 2 1 16 1377 2624 1622
1178 2 2 1 16 3220 3491 2389
1179 2 2 1 16 1540 2333 1745
1180 2 2 1 16 1389 2309 1590
1181 2 2 1 16 2174 3446 3119
1182 2 2 1 16 1620 2228 1534
1183 2 2 1 16 2786 3085 2070
1184 2 2 1 16 1860 3154 2937
1185 2 2 1 16 1594 2437 1458
1186 2 2 1 16 1661 2437 2133
1187 2 2 1 16 2484 3603 802
1188 2 2 1 16 2245 3433 1555
1189 2 2 1 16 2938 3105 1010
1190 2 2 1 16 1446 2281 1554
1191 2 2 1 16 2460 2462 2461
1192 2 2 1 16 2437 2491 2133
1193 2 2 1 16 2483 2484 646
1194 2 2 1 16 2834 2945 1442
1195 2 2 1 16 2041 2470 1636
1196 2 2 1 16 2705 2864 2568
1197 2 2 1 16 1880 3349 3290
1198 2 2 1 16 2441 2919 475
1199 2 2 1 16 2104 2802 2667
1200 2 2 1 16 2518 3183 2756
1201 2 2 1 16 1690 2553 1412
1202 2 2 1 16 894 2394 895
1203 2 2 1 16 1041 2301 1236
1204 2 2 1 16 656 3668 658
1205 2 2 1 16 2205 2207 2206
1206 2 2 1 16 591 2781 593
1207 2 2 1 16 1045 2515 1616
1208 2 2 1 16 1991 3325 3019
1209 2 2 1 16 2184 3567 2185
1210 2 2 1 16 2121 3371 2643
1211 2 2 1 16 3016 3295 2140
1212 2 2 1 16 2339 2341 2338
1213 2 2 1 16 2456 2457 2152
1214 2 2 1 16 1862 3552 2984
1215 2 2 1 16 2373 3639 2472
1216 2 2 1 16 2425 3511 2306
1217 2 2 1 16 3189 3395 2103
1218 2 2 1 16 587 2238 589
1219 2 2 1 16 457 3212 2253
1220 2 2 1 16 2107 3621 2547
1221 2 2 1 16 503 3607 2622
1222 2 2 1 16 2259 2465 1804
1223 2 2 1 16 1044 2533 810
1224 2 2 1 16 1517 2318 1633
1225 2 2 1 16 2667 2668 842
1226 2 2 1 16 2575 3512 2054
1227 2 2 1 16 2410 2999 2762
1228 2 2 1 16 2577 2661 520
1229 2 2 1 16 2058 2460 1580
1230 2 2 1 16 1428 3264 2514
1231 2 2 1 16 842 3687 2667
1232 2 2 1 16 2197 3674 1301
1233 2 2 1 16 852 2411 853
1234 2 2 1 16 2272 2902 1958
1235 2 2 1 16 858 2238 587
1236 2 2 1 16 542 3265 2284
1237 2 2 1 16 556 2921 2341
1238 2 2 1 16 1041 2574 2301
1239 2 2 1 16 2306 3511 2308
1240 2 2 1 16 2546 2835 1899
1241 2 2 1 16 2209 2221 2211
1242 2 2 1 16 1451 2272 1610
1243 2 2 1 16 734 2452 736
1244 2 2 1 16 261 509 260
1245 2 2 1 16 2580 2725 1865
1246 2 2 1 16 1491 2392 1844
1247 2 2 1 16 1806 2528 1805
1248 2 2 1 16 231 2562 459
1249 2 2 1 16 2723 2990 2003
1250 2 2 1 16 227 2564 463
1251 2 2 1 16 3058 3169 2187
1252 2 2 1 16 1485 1578 1371
1253 2 2 1 16 225 2566 512
1254 2 2 1 16 2918 3228 3083
1255 2 2 1 16 599 2711 2417
1256 2 2 1 16 223 2567 482
1257 2 2 1 16 1783 3573 2451
1258 2 2 1 16 531 3539 3308
1259 2 2 1 16 1419 2291 1384
1260 2 2 1 16 3107 3168 2543
1261 2 2 1 16 634 2588 638
1262 2 2 1 16 2217 2218 2216
1263 2 2 1 16 2203 2563 2205
1264 2 2 1 16 2011 3291 3081
1265 2 2 1 16 706 3152 2551
1266 2 2 1 16 1236 2301 1627
1267 2 2 1 16 1675 2644 1505
1268 2 2 1 16 1903 2959 2817
1269 2 2 1 16 1008 3611 2368
1270 2 2 1 16 2447 3615 733
1271 2 2 1 16 2367 3542 1739
1272 2 2 1 16 849 2471 824
1273 2 2 1 16 1867 2432 1718
1274 2 2 1 16 1485 1818 1578
1275 2 2 1 16 2548 2929 716
1276 2 2 1 16 778 2374 784
1277 2 2 1 16 2497 2597 508
1278 2 2 1 16 2364 3237 1199
1279 2 2 1 16 3535 3637 2669
1280 2 2 1 16 2409 3256 2406
1281 2 2 1 16 2534 3193 809
1282 2 2 1 16 2474 2739 2048
1283 2 2 1 16 1115 2559 931
1284 2 2 1 16 2735 3050 2727
1285 2 2 1 16 2537 3130 1098
1286 2 2 1 16 262 568 261
1287 2 2 1 16 2598 3587 3416
1288 2 2 1 16 872 2243 1677
1289 2 2 1 16 1703 2675 1782
1290 2 2 1 16 1440 3544 2707
1291 2 2 1 16 3312 3575 3311
1292 2 2 1 16 585 858 587
1293 2 2 1 16 3122 3583 2222
1294 2 2 1 16 976 2396 1087
1295 2 2 1 16 2916 3675 427
1296 2 2 1 16 2312 3545 2099
1297 2 2 1 16 1607 2526 1444
1298 2 2 1 16 1028 3153 2450
1299 2 2 1 16 728 2447 733
1300 2 2 1 16 2192 2645 2644
1301 2 2 1 16 2495 2496 508
1302 2 2 1 16 733 2451 731
1303 2 2 1 16 1000 2581 1002
1304 2 2 1 16 2229 2230 1533
1305 2 2 1 16 2424 3535 2669
1306 2 2 1 16 2207 2209 2208
1307 2 2 1 16 2296 3698 2684
1308 2 2 1 16 1423 2322 1441
1309 2 2 1 16 579 2934 581
1310 2 2 1 16 1076 2592 693
1311 2 2 1 16 1104 2631 1211
1312 2 2 1 16 2351 3164 464
1313 2 2 1 16 2120 2607 1852
1314 2 2 1 16 1832 2864 2705
1315 2 2 1 16 2515 2516 1616
1316 2 2 1 16 907 3708 2938
1317 2 2 1 16 1875 1992 1874
1318 2 2 1 16 1643 3402 3281
1319 2 2 1 16 2934 3408 581
1320 2 2 1 16 2391 2612 1106
1321 2 2 1 16 2679 2696 2411
1322 2 2 1 16 2724 3112 517
1323 2 2 1 16 800 3282 2504
1324 2 2 1 16 2324 3232 2323
1325 2 2 1 16 567 3602 2613
1326 2 2 1 16 719 2450 722
1327 2 2 1 16 2558 2687 1755
1328 2 2 1 16 1800 2476 1999
1329 2 2 1 16 2121 2643 2439
1330 2 2 1 16 2574 2753 2301
1331 2 2 1 16 440 3246 2264
1332 2 2 1 16 2307 2946 676
1333 2 2 1 16 2066 2948 2267
1334 2 2 1 16 2678 2756 1283
1335 2 2 1 16 2094 2414 2413
1336 2 2 1 16 1894 3108 3015
1337 2 2 1 16 2709 2999 2410
1338 2 2 1 16 2832 3608 1337
1339 2 2 1 16 597 3681 2711
1340 2 2 1 16 923 2368 926
1341 2 2 1 16 2301 2753 2157
1342 2 2 1 16 1038 2455 1037
1343 2 2 1 16 219 2492 218
1344 2 2 1 16 1852 2607 2155
1345 2 2 1 16 1409 3194 2926
1346 2 2 1 16 2218 2225 2223
1347 2 2 1 16 2041 3211 2470
1348 2 2 1 16 2667 2802 2666
1349 2 2 1 16 2313 2789 548
1350 2 2 1 16 3177 3615 2447
1351 2 2 1 16 1789 2717 1842
1352 2 2 1 16 1958 2630 1754
1353 2 2 1 16 1377 1458 1365
1354 2 2 1 16 892 3199 878
1355 2 2 1 16 1487 3116 2927
1356 2 2 1 16 2172 3493 1617
1357 2 2 1 16 2898 3498 2055
1358 2 2 1 16 2174 3610 2110
1359 2 2 1 16 1652 2325 1654
1360 2 2 1 16 2980 3194 1409
1361 2 2 1 16 1641 2340 2339
1362 2 2 1 16 652 2535 656
1363 2 2 1 16 1337 3608 2727
1364 2 2 1 16 1731 2436 2383
1365 2 2 1 16 1649 2704 2378
1366 2 2 1 16 1904 3605 2303
1367 2 2 1 16 1049 2552 1230
1368 2 2 1 16 2175 2720 2021
1369 2 2 1 16 2213 2217 2216
1370 2 2 1 16 1582 2538 1407
1371 2 2 1 16 485 2773 2772
1372 2 2 1 16 238 2606 502
1373 2 2 1 16 2438 2441 1719
1374 2 2 1 16 1371 2365 1362
1375 2 2 1 16 1687 2557 2418
1376 2 2 1 16 632 2835 2546
1377 2 2 1 16 2227 2456 1929
1378 2 2 1 16 2627 2660 513
1379 2 2 1 16 2061 2084 1456
1380 2 2 1 16 1028 3435 3153
1381 2 2 1 16 2289 2766 2292
1382 2 2 1 16 2297 3666 1612
1383 2 2 1 16 913 2382 916
1384 2 2 1 16 258 2201 5
1385 2 2 1 16 2209 2211 2210
1386 2 2 1 16 2456 2458 2457
1387 2 2 1 16 2140 3295 1795
1388 2 2 1 16 1155 2436 1242
1389 2 2 1 16 638 2588 1048
1390 2 2 1 16 2014 2714 2713
1391 2 2 1 16 2849 3249 530
1392 2 2 1 16 1349 2624 1377
1393 2 2 1 16 1440 2707 790
1394 2 2 1 16 2385 3565 2171
1395 2 2 1 16 1691 2478 2122
1396 2 2 1 16 1089 2658 1191
1397 2 2 1 16 2491 3515 462
1398 2 2 1 16 2087 3105 2938
1399 2 2 1 16 1255 2412 1218
1400 2 2 1 16 3371 3527 2859
1401 2 2 1 16 1428 2514 1282
1402 2 2 1 16 1483 2475 1689
1403 2 2 1 16 2365 3671 1362
1404 2 2 1 16 1412 2553 1206
1405 2 2 1 16 2228 2637 2229
1406 2 2 1 16 2290 3330 2836
1407 2 2 1 16 1473 2478 1471
1408 2 2 1 16 1238 2508 1092
1409 2 2 1 16 3413 3570 1960
1410 2 2 1 16 813 2517 2515
1411 2 2 1 16 781 2668 2659
1412 2 2 1 16 557 2992 2916
1413 2 2 1 16 1862 2108 1594
1414 2 2 1 16 812 2515 1045
1415 2 2 1 16 1377 1594 1458
1416 2 2 1 16 2211 2213 2212
1417 2 2 1 16 1331 2459 1343
1418 2 2 1 16 1955 3170 1954
1419 2 2 1 16 1593 2702 1382
1420 2 2 1 16 1714 2675 2379
1421 2 2 1 16 2259 2744 2465
1422 2 2 1 16 606 2867 2299
1423 2 2 1 16 1267 2561 835
1424 2 2 1 16 1814 2525 2524
1425 2 2 1 16 2009 2903 2901
1426 2 2 1 16 2649 3362 490
1427 2 2 1 16 842 2668 793
1428 2 2 1 16 618 2483 646
1429 2 2 1 16 470 2892 2630
1430 2 2 1 16 2393 3675 2270
1431 2 2 1 16 589 787 591
1432 2 2 1 16 232 2562 231
1433 2 2 1 16 228 2564 227
1434 2 2 1 16 810 2533 807
1435 2 2 1 16 1066 1904 1903
1436 2 2 1 16 1586 2536 1819
1437 2 2 1 16 263 2275 262
1438 2 2 1 16 3290 3349 2101
1439 2 2 1 16 835 2561 831
1440 2 2 1 16 226 2566 225
1441 2 2 1 16 2553 2612 2391
1442 2 2 1 16 2172 3332 3276
1443 2 2 1 16 224 2567 223
1444 2 2 1 16 702 2596 703
1445 2 2 1 16 2733 3210 637
1446 2 2 1 16 2195 3180 2854
1447 2 2 1 16 2110 3610 3378
1448 2 2 1 16 533 3527 2479
1449 2 2 1 16 522 3633 2569
1450 2 2 1 16 1002 2581 1006
1451 2 2 1 16 3205 3271 1912
1452 2 2 1 16 1349 1365 1341
1453 2 2 1 16 2213 2216 2215
1454 2 2 1 16 1621 1874 1620
1455 2 2 1 16 852 2679 2411
1456 2 2 1 16 682 3221 2384
1457 2 2 1 16 1725 2387 1774
1458 2 2 1 16 3232 3389 2718
1459 2 2 1 16 1874 3097 1907
1460 2 2 1 16 1108 1284 1161
1461 2 2 1 16 2907 3181 2328
1462 2 2 1 16 2446 2979 1902
1463 2 2 1 16 1184 1423 1185
1464 2 2 1 16 1150 1395 1180
1465 2 2 1 16 2029 3057 2805
1466 2 2 1 16 1104 1177 1103
1467 2 2 1 16 1027 1097 1026
1468 2 2 1 16 1005 1108 1008
1469 2 2 1 16 1864 2098 1706
1470 2 2 1 16 1688 2009 2008
1471 2 2 1 16 2071 2649 2648
1472 2 2 1 16 2298 3300 1836
1473 2 2 1 16 1325 2542 1324
1474 2 2 1 16 32 3241 3131
1475 2 2 1 16 1116 1150 1117
1476 2 2 1 16 1010 1184 1011
1477 2 2 1 16 1917 2314 1916
1478 2 2 1 16 2361 2362 2359
1479 2 2 1 16 2556 2765 2045
1480 2 2 1 16 1950 2987 1948
1481 2 2 1 16 2218 2223 2219
1482 2 2 1 16 1567 2273 2272
1483 2 2 1 16 1490 1706 1432
1484 2 2 1 16 2355 2831 447
1485 2 2 1 16 1583 2324 2322
1486 2 2 1 16 1769 2313 1785
1487 2 2 1 16 627 2490 2488
1488 2 2 1 16 2317 3588 1877
1489 2 2 1 16 628 2610 632
1490 2 2 1 16 846 2395 1066
1491 2 2 1 16 1349 1377 1365
1492 2 2 1 16 1740 2319 2318
1493 2 2 1 16 1568 2281 1446
1494 2 2 1 16 2564 2565 463
1495 2 2 1 16 3492 3654 1199
1496 2 2 1 16 1102 1103 1101
1497 2 2 1 16 511 3517 2784
1498 2 2 1 16 1962 2415 1846
1499 2 2 1 16 1650 1652 1651
1500 2 2 1 16 1025 1026 980
1501 2 2 1 16 1069 2556 868
1502 2 2 1 16 2270 3675 2916
1503 2 2 1 16 1609 2309 1389
1504 2 2 1 16 1089 1188 1088
1505 2 2 1 16 2240 3334 2927
1506 2 2 1 16 2578 2752 1794
1507 2 2 1 16 1748 2474 1735
1508 2 2 1 16 2076 2454 2453
1509 2 2 1 16 583 3151 585
1510 2 2 1 16 1755 2093 1680
1511 2 2 1 16 1150 1180 1117
1512 2 2 1 16 1029 1650 1649
1513 2 2 1 16 1792 3382 2458
1514 2 2 1 16 1655 2326 2325
1515 2 2 1 16 1915 1916 1877
1516 2 2 1 16 969 2598 972
1517 2 2 1 16 1104 1210 1177
1518 2 2 1 16 1287 1507 1459
1519 2 2 1 16 1087 1088 1086
1520 2 2 1 16 1287 1459 1286
1521 2 2 1 16 1543 2333 1540
1522 2 2 1 16 466 3223 2429
1523 2 2 1 16 1814 2524 1560
1524 2 2 1 16 1102 1104 1103
1525 2 2 1 16 239 2606 238
1526 2 2 1 16 2605 3263 2560
1527 2 2 1 16 2610 3707 632
1528 2 2 1 16 1567 2272 1451
1529 2 2 1 16 2496 2497 508
1530 2 2 1 16 460 2990 2723
1531 2 2 1 16 459 2572 230
1532 2 2 1 16 1102 2631 1104
1533 2 2 1 16 1568 2282 2281
1534 2 2 1 16 1458 1661 1599
1535 2 2 1 16 1216 1471 1215
1536 2 2 1 16 2082 2827 2083
1537 2 2 1 16 1592 3108 2638
1538 2 2 1 16 1384 2291 1538
1539 2 2 1 16 2566 3569 512
1540 2 2 1 16 2414 2870 2520
1541 2 2 1 16 2160 3562 670
1542 2 2 1 16 1116 1117 1115
1543 2 2 1 16 1458 2437 1661
1544 2 2 1 16 1284 1397 1161
1545 2 2 1 16 1108 1161 1008
1546 2 2 1 16 1054 1215 1053
1547 2 2 1 16 2249 3420 2092
1548 2 2 1 16 457 2549 234
1549 2 2 1 16 1490 1864 1706
1550 2 2 1 16 2227 3013 2455
1551 2 2 1 16 2546 2547 633
1552 2 2 1 16 888 2293 890
1553 2 2 1 16 1042 2552 1049
1554 2 2 1 16 2626 3265 2886
1555 2 2 1 16 2390 2909 552
1556 2 2 1 16 2421 2423 1687
1557 2 2 1 16 2323 3232 2718
1558 2 2 1 16 1027 1113 1097
1559 2 2 1 16 2451 2452 734
1560 2 2 1 16 1688 2008 1562
1561 2 2 1 16 3151 3521 585
1562 2 2 1 16 1171 1248 1169
1563 2 2 1 16 591 3676 2781
1564 2 2 1 16 1025 1027 1026
1565 2 2 1 16 1011 3317 2382
1566 2 2 1 16 2483 2485 2484
1567 2 2 1 16 1803 3659 2257
1568 2 2 1 16 2017 3463 3305
1569 2 2 1 16 2141 2142 1821
1570 2 2 1 16 1257 1258 1224
1571 2 2 1 16 1661 2133 1777
1572 2 2 1 16 1609 2311 2309
1573 2 2 1 16 1891 3144 2799
1574 2 2 1 16 1597 2438 1719
1575 2 2 1 16 1055 2985 1056
1576 2 2 1 16 2429 3223 536
1577 2 2 1 16 2338 2342 1547
1578 2 2 1 16 1005 1008 922
1579 2 2 1 16 1164 2578 1387
1580 2 2 1 16 1198 1490 1432
1581 2 2 1 16 1384 1538 1210
1582 2 2 1 16 1087 2658 1089
1583 2 2 1 16 1397 1688 1562
1584 2 2 1 16 2516 2518 1616
1585 2 2 1 16 2719 3485 505
1586 2 2 1 16 1423 1441 1185
1587 2 2 1 16 2284 3110 2889
1588 2 2 1 16 1279 1567 1451
1589 2 2 1 16 1610 1958 1754
1590 2 2 1 16 615 2635 604
1591 2 2 1 16 2502 3387 1470
1592 2 2 1 16 1184 1185 1011
1593 2 2 1 16 2192 2644 1675
1594 2 2 1 16 2579 3322 2580
1595 2 2 1 16 1009 2294 2293
1596 2 2 1 16 930 1116 1115
1597 2 2 1 16 1198 1432 1113
1598 2 2 1 16 1313 2809 1311
1599 2 2 1 16 686 1220 688
1600 2 2 1 16 2587 2820 566
1601 2 2 1 16 1444 2526 1229
1602 2 2 1 16 1441 1789 1520
1603 2 2 1 16 1263 1264 1262
1604 2 2 1 16 733 3082 2451
1605 2 2 1 16 1225 2570 1394
1606 2 2 1 16 2154 3099 1672
1607 2 2 1 16 920 1005 922
1608 2 2 1 16 763 1555 761
1609 2 2 1 16 2547 3621 2588
1610 2 2 1 16 1517 1633 1395
1611 2 2 1 16 1847 3021 1512
1612 2 2 1 16 2375 2376 2374
1613 2 2 1 16 906 3708 907
1614 2 2 1 16 464 3452 2351
1615 2 2 1 16 706 3429 3152
1616 2 2 1 16 1614 1735 1613
1617 2 2 1 16 1740 2318 1517
1618 2 2 1 16 2709 3072 755
1619 2 2 1 16 1789 1842 1520
1620 2 2 1 16 2619 3595 2269
1621 2 2 1 16 2471 2785 2552
1622 2 2 1 16 868 2556 848
1623 2 2 1 16 948 1102 1101
1624 2 2 1 16 910 1010 912
1625 2 2 1 16 2918 3083 428
1626 2 2 1 16 2701 3163 453
1627 2 2 1 16 1268 1568 1446
1628 2 2 1 16 710 1287 1286
1629 2 2 1 16 2071 3362 2649
1630 2 2 1 16 884 2302 886
1631 2 2 1 16 779 2374 778
1632 2 2 1 16 1612 1613 1249
1633 2 2 1 16 1554 1962 1846
1634 2 2 1 16 2265 3065 2397
1635 2 2 1 16 2248 2837 1095
1636 2 2 1 16 954 1961 1803
1637 2 2 1 16 2579 2580 1865
1638 2 2 1 16 1654 1699 1658
1639 2 2 1 16 904 1024 906
1640 2 2 1 16 1769 1785 1537
1641 2 2 1 16 2154 3606 3099
1642 2 2 1 16 1010 1011 912
1643 2 2 1 16 2293 3171 1052
1644 2 2 1 16 1218 1497 1190
1645 2 2 1 16 2536 2977 1819
1646 2 2 1 16 2449 3033 2448
1647 2 2 1 16 802 803 743
1648 2 2 1 16 1416 1680 1255
1649 2 2 1 16 2673 3032 2971
1650 2 2 1 16 1362 3671 2624
1651 2 2 1 16 536 2703 2428
1652 2 2 1 16 3237 3492 1199
1653 2 2 1 16 748 2634 752
1654 2 2 1 16 2885 3522 541
1655 2 2 1 16 1483 1689 1412
1656 2 2 1 16 2313 2510 1785
1657 2 2 1 16 1806 2554 2528
1658 2 2 1 16 1207 1412 1206
1659 2 2 1 16 1772 2713 2056
1660 2 2 1 16 2427 3500 1193
1661 2 2 1 16 960 1025 980
1662 2 2 1 16 1208 1609 1389
1663 2 2 1 16 1089 1190 1188
1664 2 2 1 16 1844 3678 2479
1665 2 2 1 16 2358 2359 1447
1666 2 2 1 16 2146 2466 2137
1667 2 2 1 16 1471 1691 1472
1668 2 2 1 16 2331 2332 2330
1669 2 2 1 16 597 2711 599
1670 2 2 1 16 1652 1654 1651
1671 2 2 1 16 898 1029 900
1672 2 2 1 16 1583 2322 1423
1673 2 2 1 16 1590 1867 1718
1674 2 2 1 16 1718 2432 2165
1675 2 2 1 16 842 3475 2433
1676 2 2 1 16 2396 2658 1087
1677 2 2 1 16 1087 1089 1088
1678 2 2 1 16 446 3277 2265
1679 2 2 1 16 1257 1466 1258
1680 2 2 1 16 539 2878 2432
1681 2 2 1 16 1036 1206 1034
1682 2 2 1 16 1653 1655 1652
1683 2 2 1 16 2420 2660 2627
1684 2 2 1 16 1650 1651 1649
1685 2 2 1 16 1691 2121 1692
1686 2 2 1 16 1074 2575 1674
1687 2 2 1 16 1543 2334 2333
1688 2 2 1 16 1735 2048 1736
1689 2 2 1 16 876 878 877
1690 2 2 1 16 1416 1755 1680
1691 2 2 1 16 874 876 875
1692 2 2 1 16 2326 2327 2325
1693 2 2 1 16 2351 2464 2024
1694 2 2 1 16 941 2646 944
1695 2 2 1 16 1491 1844 1473
1696 2 2 1 16 2626 3667 2281
1697 2 2 1 16 716 3594 1028
1698 2 2 1 16 508 2597 216
1699 2 2 1 16 2494 3387 2502
1700 2 2 1 16 1218 2412 1497
1701 2 2 1 16 1699 1959 1658
1702 2 2 1 16 2504 3335 3150
1703 2 2 1 16 1763 2137 1764
1704 2 2 1 16 1194 1433 1195
1705 2 2 1 16 2616 2617 2615
1706 2 2 1 16 1188 1277 1189
1707 2 2 1 16 1820 2141 1821
1708 2 2 1 16 872 874 873
1709 2 2 1 16 2618 2936 2615
1710 2 2 1 16 2598 3416 972
1711 2 2 1 16 1037 3013 2900
1712 2 2 1 16 2462 2968 516
1713 2 2 1 16 1576 2392 1491
1714 2 2 1 16 995 1053 996
1715 2 2 1 16 1424 1583 1423
1716 2 2 1 16 1820 1821 1466
1717 2 2 1 16 2824 3382 1792
1718 2 2 1 16 763 1940 1555
1719 2 2 1 16 2344 2345 2324
1720 2 2 1 16 1263 2144 1264
1721 2 2 1 16 1579 2330 2329
1722 2 2 1 16 1015 1194 1023
1723 2 2 1 16 1807 3193 2534
1724 2 2 1 16 1793 2005 1582
1725 2 2 1 16 804 805 803
1726 2 2 1 16 1234 1249 1235
1727 2 2 1 16 1811 2388 1810
1728 2 2 1 16 890 1052 894
1729 2 2 1 16 1742 2080 2074
1730 2 2 1 16 2634 3427 3306
1731 2 2 1 16 1993 2077 1994
1732 2 2 1 16 2538 2776 1408
1733 2 2 1 16 2595 3625 3454
1734 2 2 1 16 425 2726 2725
1735 2 2 1 16 1277 1540 1278
1736 2 2 1 16 1429 1582 1407
1737 2 2 1 16 1540 1745 1541
1738 2 2 1 16 1828 2264 2263
1739 2 2 1 16 1745 2102 1831
1740 2 2 1 16 2543 2970 2542
1741 2 2 1 16 1065 2647 1192
1742 2 2 1 16 728 733 731
1743 2 2 1 16 3358 3599 1702
1744 2 2 1 16 1731 1993 1732
1745 2 2 1 16 2747 3466 2701
1746 2 2 1 16 2660 2738 513
1747 2 2 1 16 2497 2699 2597
1748 2 2 1 16 726 2447 728
1749 2 2 1 16 2017 3305 1940
1750 2 2 1 16 1879 3063 1881
1751 2 2 1 16 1661 1777 1662
1752 2 2 1 16 731 2451 734
1753 2 2 1 16 2505 2507 1607
1754 2 2 1 16 2451 3573 2452
1755 2 2 1 16 736 742 740
1756 2 2 1 16 2066 3188 2948
1757 2 2 1 16 976 1086 977
1758 2 2 1 16 1029 1649 900
1759 2 2 1 16 1723 2096 1725
1760 2 2 1 16 1277 1543 1540
1761 2 2 1 16 1097 1208 1098
1762 2 2 1 16 1655 2325 1652
1763 2 2 1 16 779 2375 2374
1764 2 2 1 16 976 1087 1086
1765 2 2 1 16 183 2739 182
1766 2 2 1 16 1745 2428 2102
1767 2 2 1 16 2758 2785 849
1768 2 2 1 16 2559 2560 936
1769 2 2 1 16 2168 3198 566
1770 2 2 1 16 1149 1257 1224
1771 2 2 1 16 826 2539 849
1772 2 2 1 16 886 1009 888
1773 2 2 1 16 1285 1537 1284
1774 2 2 1 16 2286 3366 544
1775 2 2 1 16 2576 2759 1112
1776 2 2 1 16 806 807 805
1777 2 2 1 16 1132 3591 1130
1778 2 2 1 16 1216 1473 1471
1779 2 2 1 16 1054 1216 1215
1780 2 2 1 16 2443 3270 555
1781 2 2 1 16 651 743 652
1782 2 2 1 16 2188 3693 483
1783 2 2 1 16 1208 1389 1209
1784 2 2 1 16 1260 1263 1262
1785 2 2 1 16 2279 3205 1911
1786 2 2 1 16 1389 1590 1390
1787 2 2 1 16 1840 2711 2158
1788 2 2 1 16 968 2598 969
1789 2 2 1 16 1767 1769 1537
1790 2 2 1 16 758 763 761
1791 2 2 1 16 630 2546 633
1792 2 2 1 16 1590 1718 1608
1793 2 2 1 16 3333 3601 1985
1794 2 2 1 16 1718 2165 1906
1795 2 2 1 16 1576 2511 2392
1796 2 2 1 16 2388 2390 1810
1797 2 2 1 16 1242 2436 1619
1798 2 2 1 16 2095 2265 1750
1799 2 2 1 16 2183 2427 2182
1800 2 2 1 16 646 651 647
1801 2 2 1 16 1632 2475 1483
1802 2 2 1 16 2096 2387 1725
1803 2 2 1 16 2316 3434 500
1804 2 2 1 16 1266 1428 1282
1805 2 2 1 16 1207 1483 1412
1806 2 2 1 16 2722 3410 2052
1807 2 2 1 16 2651 3118 749
1808 2 2 1 16 1135 2349 1137
1809 2 2 1 16 1137 2349 1141
1810 2 2 1 16 595 749 597
1811 2 2 1 16 1177 1268 1178
1812 2 2 1 16 2205 2206 2204
1813 2 2 1 16 1052 2153 894
1814 2 2 1 16 977 2463 979
1815 2 2 1 16 1036 1207 1206
1816 2 2 1 16 1656 2350 1655
1817 2 2 1 16 1471 2478 1691
1818 2 2 1 16 960 980 961
1819 2 2 1 16 1463 2467 1464
1820 2 2 1 16 882 991 884
1821 2 2 1 16 1470 3660 2502
1822 2 2 1 16 1691 2122 2121
1823 2 2 1 16 1548 1872 1597
1824 2 2 1 16 1814 2952 2525
1825 2 2 1 16 747 3427 2634
1826 2 2 1 16 895 2394 898
1827 2 2 1 16 2142 3279 2145
1828 2 2 1 16 2494 2495 2492
1829 2 2 1 16 995 1054 1053
1830 2 2 1 16 973 2396 976
1831 2 2 1 16 2487 2489 2485
1832 2 2 1 16 771 779 778
1833 2 2 1 16 2203 2204 2202
1834 2 2 1 16 1396 1517 1395
1835 2 2 1 16 1638 1639 1433
1836 2 2 1 16 683 2384 686
1837 2 2 1 16 2054 3564 2575
1838 2 2 1 16 1692 2439 1694
1839 2 2 1 16 1772 2822 2713
1840 2 2 1 16 901 2378 904
1841 2 2 1 16 1731 2383 1993
1842 2 2 1 16 2183 3032 2427
1843 2 2 1 16 879 892 878
1844 2 2 1 16 869 2574 1041
1845 2 2 1 16 893 992 892
1846 2 2 1 16 1155 2917 2436
1847 2 2 1 16 1169 2300 1145
1848 2 2 1 16 1268 1446 1291
1849 2 2 1 16 796 840 838
1850 2 2 1 16 993 1015 992
1851 2 2 1 16 1289 1547 1546
1852 2 2 1 16 1258 1260 1259
1853 2 2 1 16 1149 1224 1223
1854 2 2 1 16 1790 2119 1792
1855 2 2 1 16 1465 1508 1405
1856 2 2 1 16 1141 1149 1148
1857 2 2 1 16 954 1803 955
1858 2 2 1 16 1446 1554 1552
1859 2 2 1 16 1554 1846 1845
1860 2 2 1 16 1764 2477 1766
1861 2 2 1 16 2337 2338 1547
1862 2 2 1 16 1066 2395 1904
1863 2 2 1 16 2387 3636 2740
1864 2 2 1 16 1818 2579 1865
1865 2 2 1 16 1738 1740 1517
1866 2 2 1 16 625 2610 628
1867 2 2 1 16 979 2463 983
1868 2 2 1 16 1404 1405 1118
1869 2 2 1 16 1640 1922 1639
1870 2 2 1 16 3355 3552 1862
1871 2 2 1 16 2189 3438 1240
1872 2 2 1 16 2606 3203 2069
1873 2 2 1 16 662 872 664
1874 2 2 1 16 2376 2446 2377
1875 2 2 1 16 1264 1266 1265
1876 2 2 1 16 1509 1790 1508
1877 2 2 1 16 728 731 729
1878 2 2 1 16 1804 2465 1625
1879 2 2 1 16 1763 2146 2137
1880 2 2 1 16 1743 2679 1991
1881 2 2 1 16 802 804 803
1882 2 2 1 16 1260 1262 1261
1883 2 2 1 16 2834 3230 2376
1884 2 2 1 16 1828 2263 1829
1885 2 2 1 16 917 2380 920
1886 2 2 1 16 726 728 727
1887 2 2 1 16 1058 2356 1060
1888 2 2 1 16 1865 1866 1578
1889 2 2 1 16 731 734 732
1890 2 2 1 16 1333 2459 1331
1891 2 2 1 16 2619 2857 497
1892 2 2 1 16 1791 2430 1790
1893 2 2 1 16 2408 3072 2709
1894 2 2 1 16 916 2382 2381
1895 2 2 1 16 1092 2508 1093
1896 2 2 1 16 1557 2628 1558
1897 2 2 1 16 734 736 735
1898 2 2 1 16 3080 3144 2010
1899 2 2 1 16 1056 1186 1058
1900 2 2 1 16 39 3415 3226
1901 2 2 1 16 948 1101 949
1902 2 2 1 16 2000 2195 2002
1903 2 2 1 16 1009 2293 888
1904 2 2 1 16 1689 2351 2024
1905 2 2 1 16 2519 3568 827
1906 2 2 1 16 1584 2344 1583
1907 2 2 1 16 1987 3333 1985
1908 2 2 1 16 771 778 772
1909 2 2 1 16 1429 1793 1582
1910 2 2 1 16 2339 3688 2866
1911 2 2 1 16 654 2614 746
1912 2 2 1 16 736 740 737
1913 2 2 1 16 707 2551 710
1914 2 2 1 16 859 1036 1034
1915 2 2 1 16 1689 2024 1690
1916 2 2 1 16 758 761 759
1917 2 2 1 16 1673 2154 1672
1918 2 2 1 16 778 784 780
1919 2 2 1 16 1266 1282 1281
1920 2 2 1 16 769 771 770
1921 2 2 1 16 1250 1427 1252
1922 2 2 1 16 1106 1204 1107
1923 2 2 1 16 784 796 785
1924 2 2 1 16 1204 1407 1205
1925 2 2 1 16 1007 1055 1013
1926 2 2 1 16 1448 1579 1514
1927 2 2 1 16 2466 3516 2137
1928 2 2 1 16 658 757 660
1929 2 2 1 16 740 747 741
1930 2 2 1 16 653 3072 2620
1931 2 2 1 16 1556 2582 2420
1932 2 2 1 16 3043 3562 2160
1933 2 2 1 16 1619 2436 1731
1934 2 2 1 16 749 3681 597
1935 2 2 1 16 2498 2499 2497
1936 2 2 1 16 3084 3649 2356
1937 2 2 1 16 747 2634 748
1938 2 2 1 16 752 758 753
1939 2 2 1 16 796 838 797
1940 2 2 1 16 1071 1092 1072
1941 2 2 1 16 1766 2476 1800
1942 2 2 1 16 1060 1112 1062
1943 2 2 1 16 972 2396 973
1944 2 2 1 16 838 852 839
1945 2 2 1 16 2005 2444 2006
1946 2 2 1 16 2201 3695 2203
1947 2 2 1 16 1045 1047 1046
1948 2 2 1 16 2089 3402 2453
1949 2 2 1 16 808 810 807
1950 2 2 1 16 878 880 877
1951 2 2 1 16 1252 2358 1254
1952 2 2 1 16 804 806 805
1953 2 2 1 16 1800 1999 1998
1954 2 2 1 16 1694 1861 1758
1955 2 2 1 16 1872 2438 1597
1956 2 2 1 16 1505 2644 1504
1957 2 2 1 16 2417 2711 1840
1958 2 2 1 16 1282 1426 1425
1959 2 2 1 16 876 877 875
1960 2 2 1 16 927 2366 930
1961 2 2 1 16 1750 2397 1748
1962 2 2 1 16 1047 1071 1070
1963 2 2 1 16 1614 1748 1735
1964 2 2 1 16 988 995 990
1965 2 2 1 16 716 1028 717
1966 2 2 1 16 1551 1742 1741
1967 2 2 1 16 1254 1447 1431
1968 2 2 1 16 998 1014 1000
1969 2 2 1 16 1504 2644 2583
1970 2 2 1 16 859 1034 860
1971 2 2 1 16 1635 2468 2467
1972 2 2 1 16 1387 2578 1666
1973 2 2 1 16 1064 1234 1233
1974 2 2 1 16 2929 3594 716
1975 2 2 1 16 2676 2677 1714
1976 2 2 1 16 1760 1763 1762
1977 2 2 1 16 1657 3570 2887
1978 2 2 1 16 1213 1238 1092
1979 2 2 1 16 2695 2869 2692
1980 2 2 1 16 2899 3367 2135
1981 2 2 1 16 2359 2363 1447
1982 2 2 1 16 1612 1614 1613
1983 2 2 1 16 812 1045 1044
1984 2 2 1 16 874 875 873
1985 2 2 1 16 1194 1195 1023
1986 2 2 1 16 2242 3567 2126
1987 2 2 1 16 1694 2439 1861
1988 2 2 1 16 1002 1006 1004
1989 2 2 1 16 1585 2505 1607
1990 2 2 1 16 1547 1548 1546
1991 2 2 1 16 642 2652 645
1992 2 2 1 16 1014 3076 2268
1993 2 2 1 16 807 2533 809
1994 2 2 1 16 984 987 986
1995 2 2 1 16 2249 3530 2532
1996 2 2 1 16 2592 2593 698
1997 2 2 1 16 1660 1810 1656
1998 2 2 1 16 2940 3224 1841
1999 2 2 1 16 1735 2474 2048
2000 2 2 1 16 849 2785 2471
2001 2 2 1 16 926 2368 2367
2002 2 2 1 16 1443 1463 1238
2003 2 2 1 16 2302 3266 1009
2004 2 2 1 16 1570 1635 1463
2005 2 2 1 16 651 802 743
2006 2 2 1 16 725 2837 730
2007 2 2 1 16 933 2559 936
2008 2 2 1 16 633 2588 634
2009 2 2 1 16 811 812 810
2010 2 2 1 16 931 2559 933
2011 2 2 1 16 1204 1429 1407
2012 2 2 1 16 1644 1700 1507
2013 2 2 1 16 1355 2629 1304
2014 2 2 1 16 1619 1731 1730
2015 2 2 1 16 2014 3520 3375
2016 2 2 1 16 991 2302 884
2017 2 2 1 16 710 1286 711
2018 2 2 1 16 2592 3467 2593
2019 2 2 1 16 1648 1682 1584
2020 2 2 1 16 1234 1612 1249
2021 2 2 1 16 1406 2458 2456
2022 2 2 1 16 1372 1485 1371
2023 2 2 1 16 2805 3057 1733
2024 2 2 1 16 2614 2616 2615
2025 2 2 1 16 940 2646 941
2026 2 2 1 16 1514 2329 1551
2027 2 2 1 16 1696 2629 1355
2028 2 2 1 16 1504 2583 2582
2029 2 2 1 16 2035 2036 1868
2030 2 2 1 16 2475 3164 2351
2031 2 2 1 16 1636 2470 1635
2032 2 2 1 16 1113 2522 1097
2033 2 2 1 16 813 2515 812
2034 2 2 1 16 979 983 982
2035 2 2 1 16 2443 3460 2096
2036 2 2 1 16 1794 2140 1795
2037 2 2 1 16 1766 2477 2476
2038 2 2 1 16 1940 3305 2320
2039 2 2 1 16 2190 3210 2733
2040 2 2 1 16 973 976 975
2041 2 2 1 16 1639 1641 1433
2042 2 2 1 16 1701 1868 1700
2043 2 2 1 16 1345 2923 2809
2044 2 2 1 16 1180 1279 1181
2045 2 2 1 16 1015 1023 992
2046 2 2 1 16 2379 2675 1703
2047 2 2 1 16 2354 3130 2537
2048 2 2 1 16 1622 1862 1594
2049 2 2 1 16 1282 2514 1426
2050 2 2 1 16 2472 2890 2373
2051 2 2 1 16 567 3411 2234
2052 2 2 1 16 1666 2578 1794
2053 2 2 1 16 872 873 664
2054 2 2 1 16 2015 3520 2014
2055 2 2 1 16 2884 2936 1801
2056 2 2 1 16 1328 2542 1325
2057 2 2 1 16 2326 3458 2327
2058 2 2 1 16 820 2689 2568
2059 2 2 1 16 1907 2228 1620
2060 2 2 1 16 969 972 971
2061 2 2 1 16 1210 2445 1177
2062 2 2 1 16 2207 2208 2206
2063 2 2 1 16 622 2865 619
2064 2 2 1 16 498 2492 219
2065 2 2 1 16 2071 2648 1527
2066 2 2 1 16 1211 1384 1210
2067 2 2 1 16 623 625 624
2068 2 2 1 16 1156 2712 1154
2069 2 2 1 16 2119 3604 1792
2070 2 2 1 16 1802 2728 873
2071 2 2 1 16 2051 2286 2194
2072 2 2 1 16 1754 2051 1892
2073 2 2 1 16 1279 1451 1280
2074 2 2 1 16 1610 1754 1611
2075 2 2 1 16 2414 2520 2413
2076 2 2 1 16 1451 1610 1452
2077 2 2 1 16 2632 2771 756
2078 2 2 1 16 1060 2356 1112
2079 2 2 1 16 689 2697 692
2080 2 2 1 16 2512 3176 2091
2081 2 2 1 16 1006 2581 2573
2082 2 2 1 16 1461 2570 1225
2083 2 2 1 16 1957 3135 2920
2084 2 2 1 16 1999 3207 2000
2085 2 2 1 16 483 2599 253
2086 2 2 1 16 1927 2393 1925
2087 2 2 1 16 2599 2601 252
2088 2 2 1 16 1579 2331 2330
2089 2 2 1 16 583 585 584
2090 2 2 1 16 1195 2337 1289
2091 2 2 1 16 2283 2284 2282
2092 2 2 1 16 1034 2391 1035
2093 2 2 1 16 1580 2460 1413
2094 2 2 1 16 2493 2494 2492
2095 2 2 1 16 1200 2364 1199
2096 2 2 1 16 618 646 622
2097 2 2 1 16 581 583 582
2098 2 2 1 16 1062 2297 1064
2099 2 2 1 16 823 1042 827
2100 2 2 1 16 1331 1343 1328
2101 2 2 1 16 1343 2543 2542
2102 2 2 1 16 1018 1100 1016
2103 2 2 1 16 1385 1419 1384
2104 2 2 1 16 965 968 967
2105 2 2 1 16 1742 2081 2080
2106 2 2 1 16 1172 1199 1171
2107 2 2 1 16 945 2352 948
2108 2 2 1 16 1040 1118 1038
2109 2 2 1 16 1022 1037 1020
2110 2 2 1 16 1042 1049 1043
2111 2 2 1 16 2008 2135 2134
2112 2 2 1 16 2971 3032 2220
2113 2 2 1 16 2181 2656 1686
2114 2 2 1 16 2298 3063 1879
2115 2 2 1 16 2399 2664 2570
2116 2 2 1 16 1249 2767 1250
2117 2 2 1 16 623 624 615
2118 2 2 1 16 1229 2526 1231
2119 2 2 1 16 1049 1229 1050
2120 2 2 1 16 1407 2538 1408
2121 2 2 1 16 1925 2270 1923
2122 2 2 1 16 2952 3131 2525
2123 2 2 1 16 1929 2151 1927
2124 2 2 1 16 693 2592 695
2125 2 2 1 16 1133 1617 1135
2126 2 2 1 16 1016 2416 1015
2127 2 2 1 16 3042 3170 1601
2128 2 2 1 16 1193 3140 2427
2129 2 2 1 16 1536 1620 1534
2130 2 2 1 16 1170 1171 1169
2131 2 2 1 16 930 1115 931
2132 2 2 1 16 2357 2854 446
2133 2 2 1 16 957 960 959
2134 2 2 1 16 2471 2552 1042
2135 2 2 1 16 616 2483 618
2136 2 2 1 16 1254 2358 1447
2137 2 2 1 16 2266 2480 1961
2138 2 2 1 16 1793 2920 2005
2139 2 2 1 16 2248 3403 2837
2140 2 2 1 16 819 821 818
2141 2 2 1 16 1778 1828 1780
2142 2 2 1 16 1397 1562 1515
2143 2 2 1 16 1896 2105 1791
2144 2 2 1 16 429 2911 2740
2145 2 2 1 16 585 587 586
2146 2 2 1 16 2472 3639 2463
2147 2 2 1 16 1137 1141 1140
2148 2 2 1 16 951 2266 954
2149 2 2 1 16 2080 2113 2074
2150 2 2 1 16 2632 2936 2884
2151 2 2 1 16 2582 2583 2420
2152 2 2 1 16 625 628 626
2153 2 2 1 16 1458 1599 1365
2154 2 2 1 16 806 808 807
2155 2 2 1 16 1756 2669 2186
2156 2 2 1 16 1673 2731 2154
2157 2 2 1 16 1100 2416 1016
2158 2 2 1 16 2209 2210 2208
2159 2 2 1 16 1199 3654 1171
2160 2 2 1 16 1395 2295 1180
2161 2 2 1 16 1735 1736 1613
2162 2 2 1 16 1363 1371 1362
2163 2 2 1 16 817 2568 819
2164 2 2 1 16 1190 2609 1188
2165 2 2 1 16 1272 2557 1176
2166 2 2 1 16 1939 2182 1937
2167 2 2 1 16 723 726 725
2168 2 2 1 16 1035 1106 1105
2169 2 2 1 16 670 3546 2160
2170 2 2 1 16 649 2670 643
2171 2 2 1 16 2315 2317 1916
2172 2 2 1 16 1391 3559 2537
2173 2 2 1 16 951 954 953
2174 2 2 1 16 824 2471 823
2175 2 2 1 16 1187 1198 1113
2176 2 2 1 16 2470 2569 2468
2177 2 2 1 16 762 769 768
2178 2 2 1 16 2424 2669 1756
2179 2 2 1 16 803 1240 743
2180 2 2 1 16 1717 2435 2109
2181 2 2 1 16 711 2548 713
2182 2 2 1 16 1758 2269 1760
2183 2 2 1 16 2048 2276 1736
2184 2 2 1 16 748 752 751
2185 2 2 1 16 616 2486 2483
2186 2 2 1 16 10 3614 2148
2187 2 2 1 16 853 859 855
2188 2 2 1 16 628 630 629
2189 2 2 1 16 2271 3243 503
2190 2 2 1 16 511 2784 2564
2191 2 2 1 16 695 2592 698
2192 2 2 1 16 2318 3252 3186
2193 2 2 1 16 1579 2329 1514
2194 2 2 1 16 1249 1250 1235
2195 2 2 1 16 496 2739 2474
2196 2 2 1 16 587 589 588
2197 2 2 1 16 1624 2112 2111
2198 2 2 1 16 625 626 624
2199 2 2 1 16 945 948 947
2200 2 2 1 16 1742 2074 1741
2201 2 2 1 16 2591 2614 650
2202 2 2 1 16 957 2257 960
2203 2 2 1 16 822 823 821
2204 2 2 1 16 873 2728 664
2205 2 2 1 16 2439 3160 1861
2206 2 2 1 16 1537 2321 1284
2207 2 2 1 16 2457 3215 2152
2208 2 2 1 16 1405 1406 1118
2209 2 2 1 16 1230 1444 1229
2210 2 2 1 16 719 722 721
2211 2 2 1 16 2473 3218 506
2212 2 2 1 16 644 2591 650
2213 2 2 1 16 2213 2215 2212
2214 2 2 1 16 1471 1472 1215
2215 2 2 1 16 650 2614 654
2216 2 2 1 16 1842 2255 2143
2217 2 2 1 16 2469 3633 2782
2218 2 2 1 16 2765 2949 2045
2219 2 2 1 16 1982 2869 2695
2220 2 2 1 16 1222 2642 1202
2221 2 2 1 16 2485 2527 2484
2222 2 2 1 16 806 2640 808
2223 2 2 1 16 2218 2219 2216
2224 2 2 1 16 2614 2615 746
2225 2 2 1 16 1192 2647 1526
2226 2 2 1 16 604 2635 607
2227 2 2 1 16 651 652 647
2228 2 2 1 16 2195 2357 2002
2229 2 2 1 16 1790 1792 1508
2230 2 2 1 16 2211 2212 2210
2231 2 2 1 16 2151 2393 1927
2232 2 2 1 16 1447 1448 1431
2233 2 2 1 16 713 716 715
2234 2 2 1 16 1586 1819 1585
2235 2 2 1 16 1445 1585 1444
2236 2 2 1 16 2153 3576 2394
2237 2 2 1 16 632 2546 630
2238 2 2 1 16 1770 2929 2548
2239 2 2 1 16 589 591 590
2240 2 2 1 16 2652 3227 645
2241 2 2 1 16 1052 3171 2940
2242 2 2 1 16 1293 2589 1380
2243 2 2 1 16 1112 2297 1062
2244 2 2 1 16 692 1076 693
2245 2 2 1 16 1625 2058 1580
2246 2 2 1 16 781 2659 774
2247 2 2 1 16 2594 3625 2595
2248 2 2 1 16 2900 3013 2138
2249 2 2 1 16 1092 1093 1072
2250 2 2 1 16 2340 3688 2339
2251 2 2 1 16 941 944 943
2252 2 2 1 16 426 3658 3510
2253 2 2 1 16 1607 2974 2526
2254 2 2 1 16 630 633 631
2255 2 2 1 16 512 2848 2567
2256 2 2 1 16 2451 3082 1783
2257 2 2 1 16 1206 2553 2391
2258 2 2 1 16 2081 3249 3202
2259 2 2 1 16 1234 1235 1233
2260 2 2 1 16 1441 1520 1519
2261 2 2 1 16 920 922 921
2262 2 2 1 16 2620 3072 2408
2263 2 2 1 16 593 595 594
2264 2 2 1 16 1488 1533 1486
2265 2 2 1 16 1650 1653 1652
2266 2 2 1 16 2040 2041 1636
2267 2 2 1 16 817 818 815
2268 2 2 1 16 2265 2397 1750
2269 2 2 1 16 483 3436 2188
2270 2 2 1 16 1691 1692 1472
2271 2 2 1 16 1999 2000 1998
2272 2 2 1 16 3121 3583 3122
2273 2 2 1 16 1055 1056 1013
2274 2 2 1 16 3325 3648 852
2275 2 2 1 16 1404 1465 1405
2276 2 2 1 16 503 3405 2271
2277 2 2 1 16 2801 2869 2822
2278 2 2 1 16 2468 2469 2467
2279 2 2 1 16 2146 3316 2466
2280 2 2 1 16 591 593 592
2281 2 2 1 16 1465 1509 1508
2282 2 2 1 16 1655 2350 2326
2283 2 2 1 16 2618 3146 1801
2284 2 2 1 16 1467 1820 1466
2285 2 2 1 16 2394 2813 1029
2286 2 2 1 16 707 710 709
2287 2 2 1 16 2817 2959 1685
2288 2 2 1 16 679 2708 682
2289 2 2 1 16 2629 2872 1344
2290 2 2 1 16 1635 2467 1463
2291 2 2 1 16 1071 1072 1070
2292 2 2 1 16 1463 1464 1238
2293 2 2 1 16 2008 3217 2135
2294 2 2 1 16 1861 2269 1758
2295 2 2 1 16 2323 2717 1789
2296 2 2 1 16 1047 1070 1046
2297 2 2 1 16 2355 2952 2628
2298 2 2 1 16 723 2448 726
2299 2 2 1 16 1450 2575 1228
2300 2 2 1 16 1273 2582 1556
2301 2 2 1 16 1045 1046 1044
2302 2 2 1 16 1439 1672 1222
2303 2 2 1 16 1616 2755 1047
2304 2 2 1 16 603 623 615
2305 2 2 1 16 1188 1189 1088
2306 2 2 1 16 2222 3692 3122
2307 2 2 1 16 2568 2864 819
2308 2 2 1 16 937 940 939
2309 2 2 1 16 688 2697 689
2310 2 2 1 16 1763 1764 1762
2311 2 2 1 16 872 1677 874
2312 2 2 1 16 628 629 626
2313 2 2 1 16 630 631 629
2314 2 2 1 16 3556 3629 2752
2315 2 2 1 16 2277 2767 1736
2316 2 2 1 16 1817 3240 2812
2317 2 2 1 16 808 811 810
2318 2 2 1 16 2460 2461 1593
2319 2 2 1 16 595 597 596
2320 2 2 1 16 2022 2175 2021
2321 2 2 1 16 686 688 687
2322 2 2 1 16 1811 2389 2388
2323 2 2 1 16 640 2652 642
2324 2 2 1 16 1006 1007 1004
2325 2 2 1 16 1962 2682 2415
2326 2 2 1 16 1993 1994 1732
2327 2 2 1 16 1509 1791 1790
2328 2 2 1 16 1666 1794 1668
2329 2 2 1 16 1790 2430 2119
2330 2 2 1 16 898 2394 1029
2331 2 2 1 16 1941 2017 1940
2332 2 2 1 16 1045 1616 1047
2333 2 2 1 16 1040 1404 1118
2334 2 2 1 16 2520 2870 537
2335 2 2 1 16 2258 2259 1804
2336 2 2 1 16 703 706 705
2337 2 2 1 16 257 485 256
2338 2 2 1 16 2354 3254 3130
2339 2 2 1 16 1071 1213 1092
2340 2 2 1 16 611 627 613
2341 2 2 1 16 1176 2557 1152
2342 2 2 1 16 2356 2576 1112
2343 2 2 1 16 2493 3387 2494
2344 2 2 1 16 995 996 990
2345 2 2 1 16 812 1044 810
2346 2 2 1 16 2310 3225 1867
2347 2 2 1 16 2981 3678 1844
2348 2 2 1 16 1228 2575 1074
2349 2 2 1 16 1343 2542 1328
2350 2 2 1 16 1686 2656 1468
2351 2 2 1 16 3416 3587 2043
2352 2 2 1 16 1362 2624 1350
2353 2 2 1 16 1437 1460 1420
2354 2 2 1 16 826 849 824
2355 2 2 1 16 1653 1656 1655
2356 2 2 1 16 1343 2544 2543
2357 2 2 1 16 1194 1638 1433
2358 2 2 1 16 2533 2534 809
2359 2 2 1 16 1042 1043 827
2360 2 2 1 16 1583 2344 2324
2361 2 2 1 16 1184 1424 1423
2362 2 2 1 16 1677 2790 874
2363 2 2 1 16 876 879 878
2364 2 2 1 16 1959 2147 1960
2365 2 2 1 16 2583 2660 2420
2366 2 2 1 16 1625 2465 2058
2367 2 2 1 16 1213 1443 1238
2368 2 2 1 16 2093 2094 1680
2369 2 2 1 16 807 809 805
2370 2 2 1 16 2617 2618 2615
2371 2 2 1 16 2540 2623 1519
2372 2 2 1 16 2496 2498 2497
2373 2 2 1 16 1934 2550 1988
2374 2 2 1 16 1778 2369 1828
2375 2 2 1 16 1229 1231 1050
2376 2 2 1 16 827 3351 2519
2377 2 2 1 16 1443 1570 1463
2378 2 2 1 16 831 2561 829
2379 2 2 1 16 252 2601 251
2380 2 2 1 16 1022 1038 1037
2381 2 2 1 16 2282 2626 2281
2382 2 2 1 16 2416 2825 1638
2383 2 2 1 16 1719 2442 1720
2384 2 2 1 16 904 2378 1024
2385 2 2 1 16 1819 2506 2505
2386 2 2 1 16 1258 2343 1260
2387 2 2 1 16 817 819 818
2388 2 2 1 16 699 702 701
2389 2 2 1 16 933 936 935
2390 2 2 1 16 1049 1050 1043
2391 2 2 1 16 1380 2633 777
2392 2 2 1 16 1213 2755 1684
2393 2 2 1 16 1736 2767 1613
2394 2 2 1 16 2223 2224 2219
2395 2 2 1 16 1277 1278 1189
2396 2 2 1 16 1896 2106 2105
2397 2 2 1 16 1715 3162 1910
2398 2 2 1 16 1661 1662 1599
2399 2 2 1 16 1526 2647 2047
2400 2 2 1 16 987 988 986
2401 2 2 1 16 2065 3590 2729
2402 2 2 1 16 1660 1811 1810
2403 2 2 1 16 1731 1732 1730
2404 2 2 1 16 993 1016 1015
2405 2 2 1 16 722 2450 2449
2406 2 2 1 16 2435 2750 2109
2407 2 2 1 16 893 993 992
2408 2 2 1 16 1413 1593 1382
2409 2 2 1 16 1540 1541 1278
2410 2 2 1 16 594 2986 592
2411 2 2 1 16 1191 1218 1190
2412 2 2 1 16 254 483 253
2413 2 2 1 16 1745 1831 1541
2414 2 2 1 16 1570 1636 1635
2415 2 2 1 16 879 893 892
2416 2 2 1 16 1929 2152 2151
2417 2 2 1 16 1993 3329 2077
2418 2 2 1 16 910 912 911
2419 2 2 1 16 1585 1607 1444
2420 2 2 1 16 2163 2164 2156
2421 2 2 1 16 2102 2103 1831
2422 2 2 1 16 2559 2605 2560
2423 2 2 1 16 1337 2727 1334
2424 2 2 1 16 2335 2336 2334
2425 2 2 1 16 1638 1640 1639
2426 2 2 1 16 2679 3369 2696
2427 2 2 1 16 1654 1658 1657
2428 2 2 1 16 2486 2487 2485
2429 2 2 1 16 1819 2505 1585
2430 2 2 1 16 823 827 821
2431 2 2 1 16 1588 2536 1586
2432 2 2 1 16 2635 2636 1388
2433 2 2 1 16 1635 2470 2468
2434 2 2 1 16 593 2651 595
2435 2 2 1 16 633 634 631
2436 2 2 1 16 3199 3691 878
2437 2 2 1 16 829 2539 826
2438 2 2 1 16 646 647 622
2439 2 2 1 16 811 813 812
2440 2 2 1 16 1640 1923 1922
2441 2 2 1 16 2021 2625 2018
2442 2 2 1 16 927 930 929
2443 2 2 1 16 1152 2557 1410
2444 2 2 1 16 2042 2577 2041
2445 2 2 1 16 1289 2337 1547
2446 2 2 1 16 2684 2685 2273
2447 2 2 1 16 1256 1416 1255
2448 2 2 1 16 1866 3355 2969
2449 2 2 1 16 1219 1255 1218
2450 2 2 1 16 1097 1098 1026
2451 2 2 1 16 983 984 982
2452 2 2 1 16 2344 2346 2345
2453 2 2 1 16 597 599 598
2454 2 2 1 16 2107 3480 2653
2455 2 2 1 16 2167 3200 2973
2456 2 2 1 16 686 2384 1220
2457 2 2 1 16 2453 3402 2075
2458 2 2 1 16 907 2938 910
2459 2 2 1 16 251 481 250
2460 2 2 1 16 1424 1584 1583
2461 2 2 1 16 2736 3446 3357
2462 2 2 1 16 603 615 604
2463 2 2 1 16 601 603 602
2464 2 2 1 16 2308 2905 1165
2465 2 2 1 16 2131 2132 1588
2466 2 2 1 16 599 601 600
2467 2 2 1 16 1220 3185 688
2468 2 2 1 16 2688 3337 538
2469 2 2 1 16 1196 2829 1934
2470 2 2 1 16 1484 1632 1483
2471 2 2 1 16 2809 2923 2251
2472 2 2 1 16 1108 1285 1284
2473 2 2 1 16 2517 3568 2519
2474 2 2 1 16 1413 2460 1593
2475 2 2 1 16 2547 2588 633
2476 2 2 1 16 636 2733 637
2477 2 2 1 16 1915 1917 1916
2478 2 2 1 16 823 2471 1042
2479 2 2 1 16 615 2700 2635
2480 2 2 1 16 638 640 639
2481 2 2 1 16 1071 2755 1213
2482 2 2 1 16 2432 3225 539
2483 2 2 1 16 2005 2006 1582
2484 2 2 1 16 2085 2663 1966
2485 2 2 1 16 836 847 835
2486 2 2 1 16 695 698 697
2487 2 2 1 16 976 977 975
2488 2 2 1 16 643 2670 641
2489 2 2 1 16 698 2594 699
2490 2 2 1 16 2648 2649 1969
2491 2 2 1 16 511 2564 228
2492 2 2 1 16 510 2562 232
2493 2 2 1 16 706 2551 707
2494 2 2 1 16 1044 2777 2533
2495 2 2 1 16 638 639 636
2496 2 2 1 16 923 926 925
2497 2 2 1 16 1786 3041 2945
2498 2 2 1 16 1206 2391 1034
2499 2 2 1 16 2368 2604 2367
2500 2 2 1 16 463 2566 226
2501 2 2 1 16 1689 1690 1412
2502 2 2 1 16 848 2556 847
2503 2 2 1 16 1728 3250 2449
2504 2 2 1 16 1204 1205 1107
2505 2 2 1 16 2098 2099 1706
2506 2 2 1 16 904 906 905
2507 2 2 1 16 2376 2377 2374
2508 2 2 1 16 2628 2952 1814
2509 2 2 1 16 2896 3252 2319
2510 2 2 1 16 1258 1259 1224
2511 2 2 1 16 819 822 821
2512 2 2 1 16 742 3359 740
2513 2 2 1 16 1407 1408 1205
2514 2 2 1 16 1359 1367 1347
2515 2 2 1 16 512 2567 224
2516 2 2 1 16 829 2561 2539
2517 2 2 1 16 2758 3616 2785
2518 2 2 1 16 248 479 247
2519 2 2 1 16 1861 2619 2269
2520 2 2 1 16 1236 1557 1237
2521 2 2 1 16 2834 3437 3230
2522 2 2 1 16 853 2411 859
2523 2 2 1 16 607 2635 1388
2524 2 2 1 16 1346 1347 1345
2525 2 2 1 16 640 642 641
2526 2 2 1 16 579 581 580
2527 2 2 1 16 1264 1265 1262
2528 2 2 1 16 1754 2630 2051
2529 2 2 1 16 640 641 639
2530 2 2 1 16 1688 2136 2009
2531 2 2 1 16 2498 2500 2499
2532 2 2 1 16 1671 2702 2386
2533 2 2 1 16 1627 1681 1557
2534 2 2 1 16 1147 3060 3005
2535 2 2 1 16 3205 3442 3271
2536 2 2 1 16 1168 1169 1145
2537 2 2 1 16 1143 1629 1132
2538 2 2 1 16 255 2991 254
2539 2 2 1 16 745 2632 756
2540 2 2 1 16 1572 2161 1645
2541 2 2 1 16 972 973 971
2542 2 2 1 16 847 2045 1267
2543 2 2 1 16 920 2380 1005
2544 2 2 1 16 2522 3545 2312
2545 2 2 1 16 2418 2557 1272
2546 2 2 1 16 1700 2912 1507
2547 2 2 1 16 642 644 643
2548 2 2 1 16 833 835 831
2549 2 2 1 16 1066 1903 1067
2550 2 2 1 16 2433 3687 842
2551 2 2 1 16 1208 1209 1098
2552 2 2 1 16 1526 2047 2046
2553 2 2 1 16 243 567 242
2554 2 2 1 16 1956 1957 1793
2555 2 2 1 16 1774 1931 1775
2556 2 2 1 16 634 638 636
2557 2 2 1 16 2040 2042 2041
2558 2 2 1 16 1334 2727 1333
2559 2 2 1 16 1432 2522 1113
2560 2 2 1 16 1041 1236 1069
2561 2 2 1 16 1671 1686 1468
2562 2 2 1 16 2265 3277 3065
2563 2 2 1 16 2331 3251 2332
2564 2 2 1 16 917 920 919
2565 2 2 1 16 1590 1608 1390
2566 2 2 1 16 1389 1390 1209
2567 2 2 1 16 1177 1178 1103
2568 2 2 1 16 689 692 691
2569 2 2 1 16 2500 2585 2499
2570 2 2 1 16 2142 2145 1821
2571 2 2 1 16 1276 2715 1853
2572 2 2 1 16 642 643 641
2573 2 2 1 16 2567 2729 482
2574 2 2 1 16 2400 2401 2399
2575 2 2 1 16 1034 1035 860
2576 2 2 1 16 645 2591 644
2577 2 2 1 16 1718 1906 1608
2578 2 2 1 16 2165 2558 1906
2579 2 2 1 16 1149 1223 1148
2580 2 2 1 16 3334 3521 2033
2581 2 2 1 16 245 507 244
2582 2 2 1 16 1106 1107 1105
2583 2 2 1 16 182 2739 496
2584 2 2 1 16 1725 1774 1726
2585 2 2 1 16 1474 1491 1473
2586 2 2 1 16 2585 2587 2499
2587 2 2 1 16 1621 1875 1874
2588 2 2 1 16 2950 3170 1955
2589 2 2 1 16 2265 3479 446
2590 2 2 1 16 1248 2300 1169
2591 2 2 1 16 1285 1767 1537
2592 2 2 1 16 1007 3077 1055
2593 2 2 1 16 771 772 770
2594 2 2 1 16 1755 2737 2558
2595 2 2 1 16 1777 1778 1662
2596 2 2 1 16 507 3582 2440
2597 2 2 1 16 869 1041 868
2598 2 2 1 16 231 459 230
2599 2 2 1 16 778 780 772
2600 2 2 1 16 1150 1396 1395
2601 2 2 1 16 838 3325 852
2602 2 2 1 16 1260 1261 1259
2603 2 2 1 16 229 511 228
2604 2 2 1 16 678 2708 679
2605 2 2 1 16 796 797 785
2606 2 2 1 16 2290 2766 2289
2607 2 2 1 16 784 785 780
2608 2 2 1 16 1241 3256 2409
2609 2 2 1 16 2132 2536 1588
2610 2 2 1 16 233 510 232
2611 2 2 1 16 2489 2527 2485
2612 2 2 1 16 898 900 899
2613 2 2 1 16 227 463 226
2614 2 2 1 16 2239 3231 787
2615 2 2 1 16 1049 1230 1229
2616 2 2 1 16 1346 1359 1347
2617 2 2 1 16 968 969 967
2618 2 2 1 16 515 2931 2924
2619 2 2 1 16 852 853 839
2620 2 2 1 16 838 839 797
2621 2 2 1 16 2020 2021 2018
2622 2 2 1 16 235 457 234
2623 2 2 1 16 1480 2838 1478
2624 2 2 1 16 2402 2403 2401
2625 2 2 1 16 225 512 224
2626 2 2 1 16 1318 1345 1316
2627 2 2 1 16 502 2279 237
2628 2 2 1 16 1342 1349 1341
2629 2 2 1 16 644 650 648
2630 2 2 1 16 1671 2179 1686
2631 2 2 1 16 3104 3599 3358
2632 2 2 1 16 2948 3188 1553
2633 2 2 1 16 1723 1725 1724
2634 2 2 1 16 223 482 222
2635 2 2 1 16 822 824 823
2636 2 2 1 16 1828 1829 1780
2637 2 2 1 16 607 1388 609
2638 2 2 1 16 1560 2524 1572
2639 2 2 1 16 1404 2779 2044
2640 2 2 1 16 788 2662 1440
2641 2 2 1 16 1266 1281 1265
2642 2 2 1 16 790 2707 792
2643 2 2 1 16 2110 3379 1747
2644 2 2 1 16 2398 2400 2399
2645 2 2 1 16 2706 3564 2139
2646 2 2 1 16 913 916 915
2647 2 2 1 16 761 762 759
2648 2 2 1 16 1672 2642 1222
2649 2 2 1 16 758 759 753
2650 2 2 1 16 644 648 643
2651 2 2 1 16 2404 2406 2403
2652 2 2 1 16 728 729 727
2653 2 2 1 16 2419 2627 2422
2654 2 2 1 16 1527 2648 1379
2655 2 2 1 16 1492 1576 1491
2656 2 2 1 16 1366 2833 1348
2657 2 2 1 16 2034 3677 2593
2658 2 2 1 16 1697 2648 1969
2659 2 2 1 16 879 2790 1109
2660 2 2 1 16 1558 1814 1560
2661 2 2 1 16 731 732 729
2662 2 2 1 16 1445 1586 1585
2663 2 2 1 16 859 860 855
2664 2 2 1 16 1141 1148 1140
2665 2 2 1 16 1679 2075 1450
2666 2 2 1 16 851 868 848
2667 2 2 1 16 734 735 732
2668 2 2 1 16 1282 1425 1281
2669 2 2 1 16 628 632 630
2670 2 2 1 16 1230 1445 1444
2671 2 2 1 16 1567 2274 2273
2672 2 2 1 16 1367 2702 1671
2673 2 2 1 16 2539 2758 849
2674 2 2 1 16 2400 2402 2401
2675 2 2 1 16 754 2788 755
2676 2 2 1 16 1244 2712 1156
2677 2 2 1 16 2532 3530 742
2678 2 2 1 16 683 686 685
2679 2 2 1 16 1318 1346 1345
2680 2 2 1 16 220 498 219
2681 2 2 1 16 2127 2128 1681
2682 2 2 1 16 2380 2893 1005
2683 2 2 1 16 736 737 735
2684 2 2 1 16 930 2366 1116
2685 2 2 1 16 2161 2176 1645
2686 2 2 1 16 634 636 635
2687 2 2 1 16 2398 2399 1839
2688 2 2 1 16 769 770 768
2689 2 2 1 16 1426 1624 1425
2690 2 2 1 16 2314 2732 2316
2691 2 2 1 16 1548 1597 1549
2692 2 2 1 16 833 836 835
2693 2 2 1 16 2203 2812 2563
2694 2 2 1 16 2706 3289 2705
2695 2 2 1 16 2003 2674 1973
2696 2 2 1 16 1657 2887 2704
2697 2 2 1 16 740 741 737
2698 2 2 1 16 876 2790 879
2699 2 2 1 16 1538 2445 1210
2700 2 2 1 16 2407 2409 2406
2701 2 2 1 16 747 748 741
2702 2 2 1 16 1889 1890 1887
2703 2 2 1 16 2022 2768 2175
2704 2 2 1 16 1367 1468 1368
2705 2 2 1 16 1574 2721 1401
2706 2 2 1 16 1459 1770 1286
2707 2 2 1 16 2499 2699 2497
2708 2 2 1 16 1985 2710 1530
2709 2 2 1 16 847 2556 2045
2710 2 2 1 16 774 2659 773
2711 2 2 1 16 1650 2813 1653
2712 2 2 1 16 2402 2404 2403
2713 2 2 1 16 960 961 959
2714 2 2 1 16 650 653 648
2715 2 2 1 16 237 2279 236
2716 2 2 1 16 795 2680 844
2717 2 2 1 16 217 508 216
2718 2 2 1 16 650 654 653
2719 2 2 1 16 2597 2699 563
2720 2 2 1 16 2085 3112 2663
2721 2 2 1 16 726 727 725
2722 2 2 1 16 3279 3353 2145
2723 2 2 1 16 752 753 751
2724 2 2 1 16 1367 1671 1468
2725 2 2 1 16 1268 1291 1178
2726 2 2 1 16 1597 1719 1598
2727 2 2 1 16 2675 2965 1782
2728 2 2 1 16 1040 2779 1404
2729 2 2 1 16 1446 1552 1291
2730 2 2 1 16 2354 2537 2079
2731 2 2 1 16 1324 2698 1321
2732 2 2 1 16 1554 1845 1552
2733 2 2 1 16 1846 2246 1845
2734 2 2 1 16 2182 3343 1937
2735 2 2 1 16 1592 2914 1920
2736 2 2 1 16 1422 2659 1984
2737 2 2 1 16 593 2781 2651
2738 2 2 1 16 2274 3634 2296
2739 2 2 1 16 907 910 909
2740 2 2 1 16 2404 2407 2406
2741 2 2 1 16 1410 1577 1411
2742 2 2 1 16 2392 2981 1844
2743 2 2 1 16 509 3662 569
2744 2 2 1 16 603 604 602
2745 2 2 1 16 2179 2180 1686
2746 2 2 1 16 1318 2734 1346
2747 2 2 1 16 2710 3018 1528
2748 2 2 1 16 1195 1289 1288
2749 2 2 1 16 2552 2963 1230
2750 2 2 1 16 1653 2813 1659
2751 2 2 1 16 2180 2939 2181
2752 2 2 1 16 991 3532 3327
2753 2 2 1 16 2801 2822 1772
2754 2 2 1 16 654 745 744
2755 2 2 1 16 1396 1738 1517
2756 2 2 1 16 944 3239 2352
2757 2 2 1 16 890 894 891
2758 2 2 1 16 1304 2629 1302
2759 2 2 1 16 2517 2519 2516
2760 2 2 1 16 1884 2871 2541
2761 2 2 1 16 1146 2904 2770
2762 2 2 1 16 2945 3041 1442
2763 2 2 1 16 1557 1558 1237
2764 2 2 1 16 1805 2258 1804
2765 2 2 1 16 1085 1151 1084
2766 2 2 1 16 2621 2721 2016
2767 2 2 1 16 259 3575 504
2768 2 2 1 16 722 723 721
2769 2 2 1 16 1083 1084 871
2770 2 2 1 16 654 744 653
2771 2 2 1 16 1626 1804 1625
2772 2 2 1 16 1346 2734 1381
2773 2 2 1 16 1577 1756 1628
2774 2 2 1 16 1382 2702 1359
2775 2 2 1 16 601 602 600
2776 2 2 1 16 1152 1410 1151
2777 2 2 1 16 1236 1237 1069
2778 2 2 1 16 888 890 889
2779 2 2 1 16 1289 1546 1545
2780 2 2 1 16 954 955 953
2781 2 2 1 16 2627 2967 2422
2782 2 2 1 16 2527 3603 2484
2783 2 2 1 16 2553 3673 2612
2784 2 2 1 16 1454 2935 2666
2785 2 2 1 16 238 502 237
2786 2 2 1 16 2569 3482 522
2787 2 2 1 16 1410 2557 1687
2788 2 2 1 16 851 869 868
2789 2 2 1 16 886 888 887
2790 2 2 1 16 746 2632 745
2791 2 2 1 16 1530 2710 1528
2792 2 2 1 16 2092 3530 2249
2793 2 2 1 16 215 563 214
2794 2 2 1 16 2407 2410 2409
2795 2 2 1 16 240 561 239
2796 2 2 1 16 623 2608 1033
2797 2 2 1 16 745 754 744
2798 2 2 1 16 2535 3668 656
2799 2 2 1 16 1364 1379 1355
2800 2 2 1 16 1358 2954 2379
2801 2 2 1 16 782 2879 1776
2802 2 2 1 16 1449 1450 1228
2803 2 2 1 16 836 848 847
2804 2 2 1 16 1287 1644 1507
2805 2 2 1 16 1236 1627 1557
2806 2 2 1 16 679 682 681
2807 2 2 1 16 1749 1750 1748
2808 2 2 1 16 1833 3237 2364
2809 2 2 1 16 2655 2983 514
2810 2 2 1 16 2595 2596 702
2811 2 2 1 16 1572 2524 2161
2812 2 2 1 16 864 2689 820
2813 2 2 1 16 2102 3189 2103
2814 2 2 1 16 2201 2202 5
2815 2 2 1 16 1972 2663 2004
2816 2 2 1 16 2827 3142 451
2817 2 2 1 16 2428 2703 2102
2818 2 2 1 16 901 904 903
2819 2 2 1 16 2545 3197 2064
2820 2 2 1 16 1627 2127 1681
2821 2 2 1 16 2323 2718 2717
2822 2 2 1 16 1361 1362 1350
2823 2 2 1 16 3129 3610 2174
2824 2 2 1 16 862 2692 1078
2825 2 2 1 16 1523 1847 1512
2826 2 2 1 16 1020 2900 1018
2827 2 2 1 16 1710 2071 1527
2828 2 2 1 16 1141 2966 1149
2829 2 2 1 16 253 2599 252
2830 2 2 1 16 2196 3570 3413
2831 2 2 1 16 745 756 754
2832 2 2 1 16 632 3090 2835
2833 2 2 1 16 2275 3593 568
2834 2 2 1 16 2255 3347 2143
2835 2 2 1 16 1189 2890 2472
2836 2 2 1 16 884 886 885
2837 2 2 1 16 2128 2355 1681
2838 2 2 1 16 1041 1069 868
2839 2 2 1 16 716 717 715
2840 2 2 1 16 948 949 947
2841 2 2 1 16 1324 2970 2698
2842 2 2 1 16 2042 2661 2577
2843 2 2 1 16 2934 3558 1918
2844 2 2 1 16 1180 1181 1117
2845 2 2 1 16 2145 3600 2343
2846 2 2 1 16 498 2493 2492
2847 2 2 1 16 2754 3503 2473
2848 2 2 1 16 2538 3309 2776
2849 2 2 1 16 595 596 594
2850 2 2 1 16 880 882 881
2851 2 2 1 16 882 3532 991
2852 2 2 1 16 2644 2645 2583
2853 2 2 1 16 599 600 598
2854 2 2 1 16 1212 3244 2395
2855 2 2 1 16 1755 2687 2093
2856 2 2 1 16 2700 3372 2636
2857 2 2 1 16 1259 2819 1224
2858 2 2 1 16 756 765 764
2859 2 2 1 16 597 598 596
2860 2 2 1 16 765 774 773
2861 2 2 1 16 816 817 815
2862 2 2 1 16 2780 3398 472
2863 2 2 1 16 1751 2095 1750
2864 2 2 1 16 2366 2932 1116
2865 2 2 1 16 756 764 754
2866 2 2 1 16 765 773 764
2867 2 2 1 16 1822 2248 1820
2868 2 2 1 16 820 2568 817
2869 2 2 1 16 2756 2787 1684
2870 2 2 1 16 2638 2914 1592
2871 2 2 1 16 561 2606 239
2872 2 2 1 16 882 884 883
2873 2 2 1 16 1556 2419 2418
2874 2 2 1 16 2649 2650 1969
2875 2 2 1 16 1321 2698 1319
2876 2 2 1 16 752 2962 758
2877 2 2 1 16 1364 1527 1379
2878 2 2 1 16 1265 2821 1262
2879 2 2 1 16 1104 1211 1210
2880 2 2 1 16 662 664 663
2881 2 2 1 16 1951 2307 2304
2882 2 2 1 16 2902 3406 1958
2883 2 2 1 16 1964 2701 2085
2884 2 2 1 16 2420 2627 2419
2885 2 2 1 16 1276 1853 1244
2886 2 2 1 16 1273 1556 1272
2887 2 2 1 16 1864 3216 2098
2888 2 2 1 16 575 577 576
2889 2 2 1 16 1302 1344 1299
2890 2 2 1 16 1839 2570 1461
2891 2 2 1 16 1083 1085 1084
2892 2 2 1 16 2236 2922 2237
2893 2 2 1 16 783 2680 795
2894 2 2 1 16 895 898 897
2895 2 2 1 16 1577 1628 1411
2896 2 2 1 16 1756 2186 1628
2897 2 2 1 16 593 594 592
2898 2 2 1 16 1720 1723 1722
2899 2 2 1 16 871 2574 869
2900 2 2 1 16 660 662 661
2901 2 2 1 16 1055 3066 2985
2902 2 2 1 16 240 2613 561
2903 2 2 1 16 1984 2666 1983
2904 2 2 1 16 1581 1625 1580
2905 2 2 1 16 1009 3266 2294
2906 2 2 1 16 2091 3503 2512
2907 2 2 1 16 944 945 943
2908 2 2 1 16 1862 2984 2108
2909 2 2 1 16 2003 2990 2674
2910 2 2 1 16 1410 1411 1151
2911 2 2 1 16 1074 1674 864
2912 2 2 1 16 656 658 657
2913 2 2 1 16 1133 3332 1617
2914 2 2 1 16 847 1267 835
2915 2 2 1 16 1568 2283 2282
2916 2 2 1 16 814 815 813
2917 2 2 1 16 1379 1697 1696
2918 2 2 1 16 792 2707 1212
2919 2 2 1 16 1853 2712 1244
2920 2 2 1 16 1633 2295 1395
2921 2 2 1 16 1697 1969 1963
2922 2 2 1 16 1379 2648 1697
2923 2 2 1 16 1497 2609 1190
2924 2 2 1 16 1353 1355 1304
2925 2 2 1 16 1033 2610 625
2926 2 2 1 16 843 2692 862
2927 2 2 1 16 948 2352 1102
2928 2 2 1 16 1701 2035 1868
2929 2 2 1 16 846 1066 867
2930 2 2 1 16 2 3614 10
2931 2 2 1 16 1302 2629 1344
2932 2 2 1 16 1644 1701 1700
2933 2 2 1 16 675 678 677
2934 2 2 1 16 828 829 826
2935 2 2 1 16 1353 1364 1355
2936 2 2 1 16 591 592 590
2937 2 2 1 16 2440 3331 507
2938 2 2 1 16 2539 2941 2758
2939 2 2 1 16 486 3390 2690
2940 2 2 1 16 1674 2689 864
2941 2 2 1 16 2205 2563 2222
2942 2 2 1 16 1410 1687 1577
2943 2 2 1 16 710 711 709
2944 2 2 1 16 1118 2455 1038
2945 2 2 1 16 2275 3448 564
2946 2 2 1 16 825 826 824
2947 2 2 1 16 773 2659 1422
2948 2 2 1 16 1297 1301 1295
2949 2 2 1 16 2008 2134 1562
2950 2 2 1 16 2419 2422 2421
2951 2 2 1 16 263 3448 2275
2952 2 2 1 16 2036 3178 1868
2953 2 2 1 16 2415 3175 541
2954 2 2 1 16 2689 2705 2568
2955 2 2 1 16 1271 1272 1176
2956 2 2 1 16 1978 2674 2015
2957 2 2 1 16 1084 2753 2574
2958 2 2 1 16 601 2608 603
2959 2 2 1 16 1710 2072 2071
2960 2 2 1 16 658 660 659
2961 2 2 1 16 1939 2183 2182
2962 2 2 1 16 636 637 635
2963 2 2 1 16 2591 2616 2614
2964 2 2 1 16 1301 2590 2589
2965 2 2 1 16 1727 3154 2715
2966 2 2 1 16 2529 2530 2405
2967 2 2 1 16 1678 2693 2473
2968 2 2 1 16 595 2651 749
2969 2 2 1 16 2341 2342 2338
2970 2 2 1 16 776 783 781
2971 2 2 1 16 1468 2656 1469
2972 2 2 1 16 1697 1963 1698
2973 2 2 1 16 773 1422 1077
2974 2 2 1 16 775 776 774
2975 2 2 1 16 462 3011 2491
2976 2 2 1 16 1963 2701 1964
2977 2 2 1 16 642 645 644
2978 2 2 1 16 1397 1515 1161
2979 2 2 1 16 1421 2819 1259
2980 2 2 1 16 1367 1368 1347
2981 2 2 1 16 1085 1152 1151
2982 2 2 1 16 743 2535 652
2983 2 2 1 16 2352 2631 1102
2984 2 2 1 16 940 941 939
2985 2 2 1 16 1984 2667 2666
2986 2 2 1 16 1794 1795 1668
2987 2 2 1 16 777 2633 776
2988 2 2 1 16 589 590 588
2989 2 2 1 16 1422 1984 1983
2990 2 2 1 16 2500 2586 2585
2991 2 2 1 16 1411 2753 1151
2992 2 2 1 16 2332 3251 3040
2993 2 2 1 16 2659 2668 1984
2994 2 2 1 16 1279 1280 1181
2995 2 2 1 16 1048 2652 640
2996 2 2 1 16 954 2266 1961
2997 2 2 1 16 1422 1983 1631
2998 2 2 1 16 1865 2725 1866
2999 2 2 1 16 1295 2589 1293
3000 2 2 1 16 1370 2792 1352
3001 2 2 1 16 1340 1341 1338
3002 2 2 1 16 2593 2594 698
3003 2 2 1 16 2286 2287 2194
3004 2 2 1 16 2051 2194 1892
3005 2 2 1 16 1418 1580 1413
3006 2 2 1 16 1754 1892 1611
3007 2 2 1 16 1610 1611 1452
3008 2 2 1 16 3207 3701 2000
3009 2 2 1 16 1451 1452 1280
3010 2 2 1 16 623 1033 625
3011 2 2 1 16 776 781 774
3012 2 2 1 16 2190 2398 1839
3013 2 2 1 16 2224 2844 2843
3014 2 2 1 16 2403 2529 2405
3015 2 2 1 16 706 707 705
3016 2 2 1 16 1179 2640 806
3017 2 2 1 16 577 579 578
3018 2 2 1 16 1556 2420 2419
3019 2 2 1 16 771 3235 779
3020 2 2 1 16 2465 3451 2058
3021 2 2 1 16 1435 2821 1265
3022 2 2 1 16 2274 2684 2273
3023 2 2 1 16 2016 2721 1574
3024 2 2 1 16 2116 2804 2803
3025 2 2 1 16 1456 2934 579
3026 2 2 1 16 2419 2421 2418
3027 2 2 1 16 2080 3297 2113
3028 2 2 1 16 1027 1187 1113
3029 2 2 1 16 2157 2753 1411
3030 2 2 1 16 2782 3341 2469
3031 2 2 1 16 830 831 829
3032 2 2 1 16 1332 1333 1331
3033 2 2 1 16 2887 3570 2196
3034 2 2 1 16 1271 1273 1272
3035 2 2 1 16 1293 1380 777
3036 2 2 1 16 2394 3576 2813
3037 2 2 1 16 1084 2574 871
3038 2 2 1 16 671 674 673
3039 2 2 1 16 1455 1504 1275
3040 2 2 1 16 2653 3621 2107
3041 2 2 1 16 783 795 793
3042 2 2 1 16 2397 3065 496
3043 2 2 1 16 1211 1385 1384
3044 2 2 1 16 1401 2721 1400
3045 2 2 1 16 1377 1622 1594
3046 2 2 1 16 2590 2943 2589
3047 2 2 1 16 795 843 841
3048 2 2 1 16 843 862 861
3049 2 2 1 16 648 2620 649
3050 2 2 1 16 1385 1420 1419
3051 2 2 1 16 783 793 781
3052 2 2 1 16 1555 3433 761
3053 2 2 1 16 1966 2663 1968
3054 2 2 1 16 1842 2780 2255
3055 2 2 1 16 832 833 831
3056 2 2 1 16 652 656 655
3057 2 2 1 16 1264 3081 1266
3058 2 2 1 16 241 2613 240
3059 2 2 1 16 1468 1469 1368
3060 2 2 1 16 587 588 586
3061 2 2 1 16 2240 2926 2239
3062 2 2 1 16 1674 3564 2706
3063 2 2 1 16 1820 2248 2141
3064 2 2 1 16 1365 2509 1341
3065 2 2 1 16 1972 2004 2003
3066 2 2 1 16 2021 2720 2625
3067 2 2 1 16 1785 2321 1537
3068 2 2 1 16 1609 2312 2311
3069 2 2 1 16 1439 1673 1672
3070 2 2 1 16 654 746 745
3071 2 2 1 16 936 937 935
3072 2 2 1 16 1794 2752 2140
3073 2 2 1 16 1556 2418 1272
3074 2 2 1 16 2352 3239 2631
3075 2 2 1 16 1200 2541 2364
3076 2 2 1 16 795 841 793
3077 2 2 1 16 634 635 631
3078 2 2 1 16 843 861 841
3079 2 2 1 16 862 1031 861
3080 2 2 1 16 1923 2992 1922
3081 2 2 1 16 2401 2664 2399
3082 2 2 1 16 2283 2285 2284
3083 2 2 1 16 702 703 701
3084 2 2 1 16 638 1048 640
3085 2 2 1 16 2645 2660 2583
3086 2 2 1 16 960 2257 1025
3087 2 2 1 16 2018 2625 2017
3088 2 2 1 16 1448 1514 1513
3089 2 2 1 16 1172 1200 1199
3090 2 2 1 16 513 2967 2627
3091 2 2 1 16 1257 1467 1466
3092 2 2 1 16 792 1212 799
3093 2 2 1 16 2441 2442 1719
3094 2 2 1 16 1972 2003 1973
3095 2 2 1 16 1842 2143 1520
3096 2 2 1 16 1968 2663 1972
3097 2 2 1 16 996 2786 998
3098 2 2 1 16 2633 2841 2680
3099 2 2 1 16 1275 2582 1273
3100 2 2 1 16 2872 2953 1344
3101 2 2 1 16 1170 1172 1171
3102 2 2 1 16 2118 3229 2106
3103 2 2 1 16 1676 2191 1675
3104 2 2 1 16 2973 3200 2560
3105 2 2 1 16 1383 1413 1382
3106 2 2 1 16 870 871 869
3107 2 2 1 16 1108 2893 1285
3108 2 2 1 16 1455 1505 1504
3109 2 2 1 16 1828 2369 2264
3110 2 2 1 16 603 2608 623
3111 2 2 1 16 1301 2589 1295
3112 2 2 1 16 1316 2809 1313
3113 2 2 1 16 2729 2730 2065
3114 2 2 1 16 1606 2683 1676
3115 2 2 1 16 1964 2085 1966
3116 2 2 1 16 985 3481 2383
3117 2 2 1 16 1564 2693 1678
3118 2 2 1 16 641 2670 1051
3119 2 2 1 16 2363 3628 2331
3120 2 2 1 16 1358 2379 1703
3121 2 2 1 16 2117 2118 2106
3122 2 2 1 16 1838 1839 1461
3123 2 2 1 16 1973 2674 1975
3124 2 2 1 16 850 851 848
3125 2 2 1 16 1336 1337 1334
3126 2 2 1 16 2729 3590 482
3127 2 2 1 16 2978 2989 629
3128 2 2 1 16 2483 2486 2485
3129 2 2 1 16 2403 2405 2401
3130 2 2 1 16 726 2448 2447
3131 2 2 1 16 2132 2716 2536
3132 2 2 1 16 1441 1519 1185
3133 2 2 1 16 3291 3307 2097
3134 2 2 1 16 1250 1252 1251
3135 2 2 1 16 763 1941 1940
3136 2 2 1 16 1978 2014 1981
3137 2 2 1 16 1093 2584 1563
3138 2 2 1 16 2399 2570 1839
3139 2 2 1 16 648 649 643
3140 2 2 1 16 1606 1675 1505
3141 2 2 1 16 2633 2680 783
3142 2 2 1 16 862 1032 1031
3143 2 2 1 16 1895 1896 1791
3144 2 2 1 16 641 1051 639
3145 2 2 1 16 2406 2529 2403
3146 2 2 1 16 1847 3022 2898
3147 2 2 1 16 1082 1083 871
3148 2 2 1 16 1514 1551 1550
3149 2 2 1 16 1536 1621 1620
3150 2 2 1 16 2073 2657 2072
3151 2 2 1 16 2276 2278 2277
3152 2 2 1 16 1709 1710 1527
3153 2 2 1 16 1379 1696 1355
3154 2 2 1 16 1551 1741 1604
3155 2 2 1 16 1031 2760 1079
3156 2 2 1 16 1968 1972 1971
3157 2 2 1 16 1867 3225 2432
3158 2 2 1 16 1811 2741 2389
3159 2 2 1 16 775 777 776
3160 2 2 1 16 585 586 584
3161 2 2 1 16 1039 1040 1038
3162 2 2 1 16 2690 2691 1873
3163 2 2 1 16 1078 2757 1032
3164 2 2 1 16 1381 1382 1359
3165 2 2 1 16 1849 3307 3291
3166 2 2 1 16 930 931 929
3167 2 2 1 16 1978 2015 2014
3168 2 2 1 16 992 2995 892
3169 2 2 1 16 667 670 669
3170 2 2 1 16 1260 2343 1263
3171 2 2 1 16 2180 2181 1686
3172 2 2 1 16 2713 2714 2056
3173 2 2 1 16 1931 2741 1775
3174 2 2 1 16 2137 3516 2477
3175 2 2 1 16 1677 3586 2790
3176 2 2 1 16 1771 2690 1873
3177 2 2 1 16 1373 1592 1591
3178 2 2 1 16 754 755 744
3179 2 2 1 16 765 775 774
3180 2 2 1 16 1056 1058 1057
3181 2 2 1 16 2698 2734 1319
3182 2 2 1 16 1975 2674 1978
3183 2 2 1 16 1690 3340 2553
3184 2 2 1 16 2000 2002 2001
3185 2 2 1 16 1317 1318 1316
3186 2 2 1 16 1252 1254 1253
3187 2 2 1 16 1975 1978 1977
3188 2 2 1 16 1225 1394 856
3189 2 2 1 16 1891 3005 1890
3190 2 2 1 16 2640 2769 808
3191 2 2 1 16 1254 1431 1430
3192 2 2 1 16 1796 3430 2595
3193 2 2 1 16 2515 2517 2516
3194 2 2 1 16 1359 2702 1367
3195 2 2 1 16 844 2692 843
3196 2 2 1 16 1606 1676 1675
3197 2 2 1 16 1774 2740 1931
3198 2 2 1 16 2666 2802 1454
3199 2 2 1 16 520 2915 2577
3200 2 2 1 16 1426 3044 1624
3201 2 2 1 16 1175 1176 1152
3202 2 2 1 16 2057 2232 1987
3203 2 2 1 16 1187 2066 1198
3204 2 2 1 16 2191 2192 1675
3205 2 2 1 16 698 699 697
3206 2 2 1 16 2039 2040 1636
3207 2 2 1 16 776 2633 783
3208 2 2 1 16 653 2620 648
3209 2 2 1 16 1697 1698 1696
3210 2 2 1 16 1021 1022 1020
3211 2 2 1 16 1504 2582 1275
3212 2 2 1 16 1303 1304 1302
3213 2 2 1 16 1168 1170 1169
3214 2 2 1 16 1274 1275 1273
3215 2 2 1 16 2619 3160 2857
3216 2 2 1 16 1032 1110 1031
3217 2 2 1 16 1069 2765 2556
3218 2 2 1 16 1422 1631 1077
3219 2 2 1 16 1019 1020 1018
3220 2 2 1 16 1207 1484 1483
3221 2 2 1 16 926 927 925
3222 2 2 1 16 773 1077 764
3223 2 2 1 16 1983 2049 1631
3224 2 2 1 16 1007 1013 1012
3225 2 2 1 16 795 844 843
3226 2 2 1 16 1963 1964 1698
3227 2 2 1 16 1764 1766 1765
3228 2 2 1 16 1058 1060 1059
3229 2 2 1 16 1270 1271 1176
3230 2 2 1 16 1674 2706 2689
3231 2 2 1 16 1959 1960 1658
3232 2 2 1 16 922 923 921
3233 2 2 1 16 3319 3506 521
3234 2 2 1 16 1062 1064 1063
3235 2 2 1 16 1064 1233 1232
3236 2 2 1 16 1060 1062 1061
3237 2 2 1 16 1300 1302 1299
3238 2 2 1 16 2565 2863 463
3239 2 2 1 16 1587 1588 1586
3240 2 2 1 16 1467 1822 1820
3241 2 2 1 16 1454 1455 1275
3242 2 2 1 16 626 801 624
3243 2 2 1 16 1032 1111 1110
3244 2 2 1 16 1572 1645 1573
3245 2 2 1 16 2007 3441 2697
3246 2 2 1 16 1017 1018 1016
3247 2 2 1 16 1089 1191 1190
3248 2 2 1 16 583 584 582
3249 2 2 1 16 1112 2759 2297
3250 2 2 1 16 1305 1353 1304
3251 2 2 1 16 1111 1401 1400
3252 2 2 1 16 1986 1987 1985
3253 2 2 1 16 2004 2723 2003
3254 2 2 1 16 1887 3003 1885
3255 2 2 1 16 2684 3698 433
3256 2 2 1 16 1329 1331 1328
3257 2 2 1 16 2690 3551 486
3258 2 2 1 16 1558 1560 1559
3259 2 2 1 16 1978 1981 1977
3260 2 2 1 16 1543 2335 2334
3261 2 2 1 16 760 2681 1849
3262 2 2 1 16 1560 1572 1561
3263 2 2 1 16 2788 2999 755
3264 2 2 1 16 1654 1657 1651
3265 2 2 1 16 1111 1400 1110
3266 2 2 1 16 1941 2018 2017
3267 2 2 1 16 475 3270 2443
3268 2 2 1 16 1010 3105 1184
3269 2 2 1 16 859 2411 1036
3270 2 2 1 16 1928 1929 1927
3271 2 2 1 16 1972 1973 1971
3272 2 2 1 16 1601 1871 1870
3273 2 2 1 16 1048 2653 2652
3274 2 2 1 16 2056 2690 1771
3275 2 2 1 16 1589 2131 1588
3276 2 2 1 16 1564 1678 1574
3277 2 2 1 16 1402 1564 1401
3278 2 2 1 16 2020 2022 2021
3279 2 2 1 16 1692 1694 1693
3280 2 2 1 16 1766 1800 1799
3281 2 2 1 16 996 998 997
3282 2 2 1 16 1926 1927 1925
3283 2 2 1 16 1924 1925 1923
3284 2 2 1 16 1800 1998 1997
3285 2 2 1 16 2526 3344 1231
3286 2 2 1 16 1681 2628 1557
3287 2 2 1 16 2752 3629 2140
3288 2 2 1 16 2313 3347 2789
3289 2 2 1 16 1679 2076 2075
3290 2 2 1 16 2542 2970 1324
3291 2 2 1 16 1285 2893 1768
3292 2 2 1 16 3504 3550 2164
3293 2 2 1 16 1566 1835 1707
3294 2 2 1 16 619 2865 621
3295 2 2 1 16 1429 1956 1793
3296 2 2 1 16 1150 2932 1396
3297 2 2 1 16 788 1440 790
3298 2 2 1 16 1241 2815 1083
3299 2 2 1 16 2069 3442 2606
3300 2 2 1 16 1449 1679 1450
3301 2 2 1 16 1400 1566 1403
3302 2 2 1 16 1605 1606 1505
3303 2 2 1 16 688 689 687
3304 2 2 1 16 2294 3266 2993
3305 2 2 1 16 463 2863 2566
3306 2 2 1 16 936 3200 937
3307 2 2 1 16 2621 2622 1835
3308 2 2 1 16 920 921 919
3309 2 2 1 16 1771 1873 1565
3310 2 2 1 16 2038 2683 1606
3311 2 2 1 16 2666 2935 1983
3312 2 2 1 16 1564 1574 1401
3313 2 2 1 16 1033 2611 2610
3314 2 2 1 16 692 693 691
3315 2 2 1 16 1498 1784 1096
3316 2 2 1 16 841 842 793
3317 2 2 1 16 2634 3306 2019
3318 2 2 1 16 1566 2621 1835
3319 2 2 1 16 1065 2988 2647
3320 2 2 1 16 407 3450 2650
3321 2 2 1 16 1309 1310 1307
3322 2 2 1 16 1994 1996 1995
3323 2 2 1 16 2095 3555 2357
3324 2 2 1 16 2650 3455 407
3325 2 2 1 16 3118 3301 749
3326 2 2 1 16 1402 1565 1564
3327 2 2 1 16 3308 3539 2361
3328 2 2 1 16 844 2695 2692
3329 2 2 1 16 1380 2943 2841
3330 2 2 1 16 2004 2724 2723
3331 2 2 1 16 2014 2713 1981
3332 2 2 1 16 998 1000 999
3333 2 2 1 16 1372 1486 1485
3334 2 2 1 16 787 3676 591
3335 2 2 1 16 988 990 989
3336 2 2 1 16 1694 1758 1757
3337 2 2 1 16 2336 3190 2520
3338 2 2 1 16 1000 1002 1001
3339 2 2 1 16 1648 3413 1682
3340 2 2 1 16 1758 1760 1759
3341 2 2 1 16 1760 1762 1761
3342 2 2 1 16 1111 1402 1401
3343 2 2 1 16 1002 1004 1003
3344 2 2 1 16 1751 3555 2095
3345 2 2 1 16 2773 3026 2220
3346 2 2 1 16 2651 2781 1901
3347 2 2 1 16 1031 1079 861
3348 2 2 1 16 1897 2731 1673
3349 2 2 1 16 1566 1707 1403
3350 2 2 1 16 2404 2408 2407
3351 2 2 1 16 2368 3611 2604
3352 2 2 1 16 1565 2693 1564
3353 2 2 1 16 804 1179 806
3354 2 2 1 16 2498 2776 2500
3355 2 2 1 16 1835 2722 1707
3356 2 2 1 16 482 3197 222
3357 2 2 1 16 2129 2130 1947
3358 2 2 1 16 2407 2709 2410
3359 2 2 1 16 862 1078 1032
3360 2 2 1 16 2177 2178 1705
3361 2 2 1 16 1298 1299 1297
3362 2 2 1 16 1671 2386 2179
3363 2 2 1 16 2216 2503 2215
3364 2 2 1 16 988 3233 995
3365 2 2 1 16 1294 1295 1293
3366 2 2 1 16 3162 3650 1910
3367 2 2 1 16 2408 2709 2407
3368 2 2 1 16 1350 2624 1349
3369 2 2 1 16 1678 1857 1574
3370 2 2 1 16 816 820 817
3371 2 2 1 16 245 2746 507
3372 2 2 1 16 1488 1534 1533
3373 2 2 1 16 916 917 915
3374 2 2 1 16 2375 2834 2376
3375 2 2 1 16 468 3216 2885
3376 2 2 1 16 2632 2884 2771
3377 2 2 1 16 1344 2982 1299
3378 2 2 1 16 432 3431 3219
3379 2 2 1 16 2311 3368 2882
3380 2 2 1 16 3186 3581 2318
3381 2 2 1 16 912 913 911
3382 2 2 1 16 3058 3185 1220
3383 2 2 1 16 1603 2792 1370
3384 2 2 1 16 2569 3633 2468
3385 2 2 1 16 1707 2722 2052
3386 2 2 1 16 984 986 985
3387 2 2 1 16 1678 2091 1857
3388 2 2 1 16 2965 3301 1782
3389 2 2 1 16 1296 1297 1295
3390 2 2 1 16 1047 2755 1071
3391 2 2 1 16 1873 2693 1565
3392 2 2 1 16 2924 2931 2716
3393 2 2 1 16 1400 1403 1110
3394 2 2 1 16 1889 1891 1890
3395 2 2 1 16 621 2662 788
3396 2 2 1 16 686 687 685
3397 2 2 1 16 1315 1316 1313
3398 2 2 1 16 825 828 826
3399 2 2 1 16 1659 1660 1656
3400 2 2 1 16 246 2746 245
3401 2 2 1 16 1369 1601 1600
3402 2 2 1 16 1297 2982 1301
3403 2 2 1 16 1216 1474 1473
3404 2 2 1 16 1432 3545 2522
3405 2 2 1 16 1646 2871 1884
3406 2 2 1 16 1678 2473 2091
3407 2 2 1 16 1347 2923 1345
3408 2 2 1 16 2558 2737 1906
3409 2 2 1 16 1898 2159 1603
3410 2 2 1 16 2692 2869 1078
3411 2 2 1 16 1292 1293 777
3412 2 2 1 16 828 830 829
3413 2 2 1 16 814 816 815
3414 2 2 1 16 1191 1219 1218
3415 2 2 1 16 1219 1256 1255
3416 2 2 1 16 1772 2056 1771
3417 2 2 1 16 2770 3271 1663
3418 2 2 1 16 1613 2767 1249
3419 2 2 1 16 1857 2271 2016
3420 2 2 1 16 1548 1549 1546
3421 2 2 1 16 1984 2668 2667
3422 2 2 1 16 2528 2944 1805
3423 2 2 1 16 2641 3313 2640
3424 2 2 1 16 870 1082 871
3425 2 2 1 16 2349 3443 1953
3426 2 2 1 16 977 979 978
3427 2 2 1 16 2587 2699 2499
3428 2 2 1 16 1399 2806 1221
3429 2 2 1 16 1323 1324 1321
3430 2 2 1 16 1195 1288 1023
3431 2 2 1 16 1417 2778 2777
3432 2 2 1 16 2411 2696 1036
3433 2 2 1 16 1470 3387 2550
3434 2 2 1 16 1838 2190 1839
3435 2 2 1 16 2396 3416 2658
3436 2 2 1 16 2691 3390 419
3437 2 2 1 16 1619 1730 1729
3438 2 2 1 16 1400 2721 1566
3439 2 2 1 16 910 911 909
3440 2 2 1 16 1752 1771 1565
3441 2 2 1 16 1364 1709 1527
3442 2 2 1 16 3131 3241 2525
3443 2 2 1 16 1975 1977 1976
3444 2 2 1 16 830 832 831
3445 2 2 1 16 1274 1454 1275
3446 2 2 1 16 1082 1241 1083
3447 2 2 1 16 851 870 869
3448 2 2 1 16 1271 1274 1273
3449 2 2 1 16 2521 3127 491
3450 2 2 1 16 1523 2262 1847
3451 2 2 1 16 906 907 905
3452 2 2 1 16 1920 2914 2835
3453 2 2 1 16 1455 1605 1505
3454 2 2 1 16 1784 2779 1096
3455 2 2 1 16 2212 2671 2214
3456 2 2 1 16 2220 3032 2773
3457 2 2 1 16 1450 3512 2575
3458 2 2 1 16 1247 2770 1663
3459 2 2 1 16 1380 2841 2633
3460 2 2 1 16 1363 1372 1371
3461 2 2 1 16 1175 1270 1176
3462 2 2 1 16 1829 2528 1830
3463 2 2 1 16 1151 2753 1084
3464 2 2 1 16 1705 2833 1366
3465 2 2 1 16 1515 3536 2513
3466 2 2 1 16 3347 3495 2143
3467 2 2 1 16 1617 3443 2349
3468 2 2 1 16 2774 2933 1417
3469 2 2 1 16 1575 1985 1530
3470 2 2 1 16 2772 2773 2183
3471 2 2 1 16 1605 2038 1606
3472 2 2 1 16 1973 1975 1974
3473 2 2 1 16 1035 1105 1080
3474 2 2 1 16 836 850 848
3475 2 2 1 16 979 982 981
3476 2 2 1 16 1632 3501 2475
3477 2 2 1 16 973 975 974
3478 2 2 1 16 1988 2545 2064
3479 2 2 1 16 1857 2016 1574
3480 2 2 1 16 1469 2193 1798
3481 2 2 1 16 1215 3085 1053
3482 2 2 1 16 822 825 824
3483 2 2 1 16 1626 1805 1804
3484 2 2 1 16 2370 3319 440
3485 2 2 1 16 451 3143 2827
3486 2 2 1 16 2257 2975 1025
3487 2 2 1 16 1571 3149 2763
3488 2 2 1 16 1223 2819 1715
3489 2 2 1 16 1774 1775 1726
3490 2 2 1 16 1934 1988 1935
3491 2 2 1 16 1968 1971 1970
3492 2 2 1 16 811 814 813
3493 2 2 1 16 1566 2721 2621
3494 2 2 1 16 2362 2363 2359
3495 2 2 1 16 1327 1328 1325
3496 2 2 1 16 510 2750 2562
3497 2 2 1 16 875 1802 873
3498 2 2 1 16 11 562 2
3499 2 2 1 16 1085 1175 1152
3500 2 2 1 16 2409 3646 1241
3501 2 2 1 16 2565 3374 1695
3502 2 2 1 16 2256 2806 1399
3503 2 2 1 16 1581 1626 1625
3504 2 2 1 16 1710 2073 2072
3505 2 2 1 16 1725 1726 1724
3506 2 2 1 16 20 2738 458
3507 2 2 1 16 230 2572 229
3508 2 2 1 16 13 503 12
3509 2 2 1 16 1707 2052 1816
3510 2 2 1 16 1346 1381 1359
3511 2 2 1 16 1647 1648 1584
3512 2 2 1 16 16 480 15
3513 2 2 1 16 2122 3527 3371
3514 2 2 1 16 18 514 17
3515 2 2 1 16 513 2738 21
3516 2 2 1 16 20 458 19
3517 2 2 1 16 22 513 21
3518 2 2 1 16 1396 2932 1739
3519 2 2 1 16 25 452 24
3520 2 2 1 16 28 487 27
3521 2 2 1 16 1261 2821 1717
3522 2 2 1 16 2433 3475 1079
3523 2 2 1 16 21 2738 20
3524 2 2 1 16 31 447 30
3525 2 2 1 16 1778 1780 1779
3526 2 2 1 16 515 2743 35
3527 2 2 1 16 34 488 33
3528 2 2 1 16 34 2743 488
3529 2 2 1 16 606 2986 594
3530 2 2 1 16 742 3530 3359
3531 2 2 1 16 234 2549 233
3532 2 2 1 16 35 2743 34
3533 2 2 1 16 36 515 35
3534 2 2 1 16 880 881 877
3535 2 2 1 16 1966 1968 1967
3536 2 2 1 16 1207 2696 1484
3537 2 2 1 16 38 442 37
3538 2 2 1 16 1098 3130 1026
3539 2 2 1 16 853 855 854
3540 2 2 1 16 682 683 681
3541 2 2 1 16 1335 3255 2676
3542 2 2 1 16 1964 1966 1965
3543 2 2 1 16 403 448 402
3544 2 2 1 16 400 491 399
3545 2 2 1 16 398 516 397
3546 2 2 1 16 396 443 395
3547 2 2 1 16 406 490 405
3548 2 2 1 16 2576 3580 2759
3549 2 2 1 16 1300 1303 1302
3550 2 2 1 16 409 453 408
3551 2 2 1 16 410 2747 409
3552 2 2 1 16 411 517 410
3553 2 2 1 16 414 460 413
3554 2 2 1 16 1303 1305 1304
3555 2 2 1 16 969 971 970
3556 2 2 1 16 41 489 40
3557 2 2 1 16 904 905 903
3558 2 2 1 16 415 2751 414
3559 2 2 1 16 2775 2933 2774
3560 2 2 1 16 416 518 415
3561 2 2 1 16 216 2597 215
3562 2 2 1 16 42 2749 41
3563 2 2 1 16 900 901 899
3564 2 2 1 16 2466 3316 170
3565 2 2 1 16 409 2747 453
3566 2 2 1 16 418 486 417
3567 2 2 1 16 1378 1714 1375
3568 2 2 1 16 393 492 392
3569 2 2 1 16 517 2747 410
3570 2 2 1 16 43 520 42
3571 2 2 1 16 414 2751 460
3572 2 2 1 16 391 519 390
3573 2 2 1 16 518 2751 415
3574 2 2 1 16 1386 2816 1163
3575 2 2 1 16 421 506 420
3576 2 2 1 16 1989 3334 2033
3577 2 2 1 16 45 441 44
3578 2 2 1 16 1614 1749 1748
3579 2 2 1 16 41 2749 489
3580 2 2 1 16 2441 3579 2919
3581 2 2 1 16 389 440 388
3582 2 2 1 16 520 2749 42
3583 2 2 1 16 422 2754 421
3584 2 2 1 16 1223 1715 1269
3585 2 2 1 16 2550 3386 1988
3586 2 2 1 16 1261 1717 1421
3587 2 2 1 16 423 565 422
3588 2 2 1 16 874 2790 876
3589 2 2 1 16 1402 1752 1565
3590 2 2 1 16 2467 3342 1464
3591 2 2 1 16 2086 2196 1648
3592 2 2 1 16 2350 3156 2326
3593 2 2 1 16 2706 3457 3289
3594 2 2 1 16 1719 1720 1598
3595 2 2 1 16 1723 1724 1722
3596 2 2 1 16 2355 2628 1681
3597 2 2 1 16 1682 3413 3192
3598 2 2 1 16 1474 1492 1491
3599 2 2 1 16 426 3510 2795
3600 2 2 1 16 1597 1598 1549
3601 2 2 1 16 1752 1772 1771
3602 2 2 1 16 421 2754 506
3603 2 2 1 16 1032 2757 1111
3604 2 2 1 16 762 768 767
3605 2 2 1 16 1427 3508 2360
3606 2 2 1 16 2132 3214 2924
3607 2 2 1 16 1507 2912 2803
3608 2 2 1 16 618 622 619
3609 2 2 1 16 2822 2869 1982
3610 2 2 1 16 762 3433 769
3611 2 2 1 16 2589 2943 1380
3612 2 2 1 16 2454 2989 2978
3613 2 2 1 16 851 2810 870
3614 2 2 1 16 1078 2801 2757
3615 2 2 1 16 1981 1982 1977
3616 2 2 1 16 1110 2760 1031
3617 2 2 1 16 565 2754 422
3618 2 2 1 16 2159 2792 1603
3619 2 2 1 16 1624 2111 1781
3620 2 2 1 16 1053 2786 996
3621 2 2 1 16 1231 2678 1050
3622 2 2 1 16 1752 2801 1772
3623 2 2 1 16 2105 3510 2430
3624 2 2 1 16 1628 2157 1411
3625 2 2 1 16 1663 2069 1858
3626 2 2 1 16 1418 1581 1580
3627 2 2 1 16 639 2733 636
3628 2 2 1 16 805 3038 803
3629 2 2 1 16 1910 2571 1911
3630 2 2 1 16 1715 1910 1716
3631 2 2 1 16 2444 3526 494
3632 2 2 1 16 1093 1563 1072
3633 2 2 1 16 1309 1311 1310
3634 2 2 1 16 1707 1816 1403
3635 2 2 1 16 1298 1300 1299
3636 2 2 1 16 2708 3584 3505
3637 2 2 1 16 1289 1545 1288
3638 2 2 1 16 581 582 580
3639 2 2 1 16 1242 1619 1618
3640 2 2 1 16 1286 2548 711
3641 2 2 1 16 1174 3151 583
3642 2 2 1 16 1050 1283 1043
3643 2 2 1 16 898 899 897
3644 2 2 1 16 1717 2109 1744
3645 2 2 1 16 2796 3375 518
3646 2 2 1 16 1963 3163 2701
3647 2 2 1 16 1406 2455 1118
3648 2 2 1 16 2427 3140 2182
3649 2 2 1 16 1478 2838 1481
3650 2 2 1 16 2615 2936 746
3651 2 2 1 16 1333 3050 2459
3652 2 2 1 16 2716 2931 442
3653 2 2 1 16 748 751 750
3654 2 2 1 16 1903 2817 1067
3655 2 2 1 16 1558 1559 1237
3656 2 2 1 16 1070 1417 1046
3657 2 2 1 16 2713 2822 1981
3658 2 2 1 16 2178 2833 1705
3659 2 2 1 16 2050 2768 2022
3660 2 2 1 16 961 963 962
3661 2 2 1 16 894 895 891
3662 2 2 1 16 775 1292 777
3663 2 2 1 16 2661 2974 2507
3664 2 2 1 16 1036 2696 1207
3665 2 2 1 16 1669 2816 1386
3666 2 2 1 16 1768 2540 1767
3667 2 2 1 16 2106 3620 2105
3668 2 2 1 16 1317 1319 1318
3669 2 2 1 16 1196 1934 1933
3670 2 2 1 16 2537 3559 2079
3671 2 2 1 16 1435 3304 2435
3672 2 2 1 16 1383 1418 1413
3673 2 2 1 16 723 725 724
3674 2 2 1 16 1592 1920 1591
3675 2 2 1 16 756 2771 765
3676 2 2 1 16 1727 2715 1276
3677 2 2 1 16 1029 2813 1650
3678 2 2 1 16 2224 2843 2842
3679 2 2 1 16 2600 3657 2602
3680 2 2 1 16 965 967 966
3681 2 2 1 16 678 679 677
3682 2 2 1 16 2014 3375 2714
3683 2 2 1 16 637 2089 1392
3684 2 2 1 16 1545 2639 2025
3685 2 2 1 16 1111 2757 1402
3686 2 2 1 16 1975 1976 1974
3687 2 2 1 16 1137 1140 1138
3688 2 2 1 16 2617 3682 2618
3689 2 2 1 16 47 522 46
3690 2 2 1 16 2757 2801 1752
3691 2 2 1 16 387 521 386
3692 2 2 1 16 1213 1684 1443
3693 2 2 1 16 1973 1974 1971
3694 2 2 1 16 419 3537 2691
3695 2 2 1 16 963 965 964
3696 2 2 1 16 1240 2535 743
3697 2 2 1 16 3226 3415 2506
3698 2 2 1 16 1319 2734 1318
3699 2 2 1 16 2076 3253 2454
3700 2 2 1 16 1135 1137 1136
3701 2 2 1 16 2104 2433 2038
3702 2 2 1 16 1404 2044 1465
3703 2 2 1 16 1696 2872 2629
3704 2 2 1 16 2222 3583 2226
3705 2 2 1 16 1294 1296 1295
3706 2 2 1 16 1402 2757 1752
3707 2 2 1 16 28 2742 487
3708 2 2 1 16 890 891 889
3709 2 2 1 16 2647 3399 2047
3710 2 2 1 16 416 2796 518
3711 2 2 1 16 1292 1294 1293
3712 2 2 1 16 2519 3183 2516
3713 2 2 1 16 1133 1135 1134
3714 2 2 1 16 616 618 617
3715 2 2 1 16 1342 1350 1349
3716 2 2 1 16 2898 3022 2897
3717 2 2 1 16 486 2796 417
3718 2 2 1 16 29 2742 28
3719 2 2 1 16 955 957 956
3720 2 2 1 16 1896 2117 2106
3721 2 2 1 16 1356 3108 1373
3722 2 2 1 16 1481 1863 1510
3723 2 2 1 16 2887 3364 1024
3724 2 2 1 16 888 889 887
3725 2 2 1 16 1570 2039 1636
3726 2 2 1 16 1296 1298 1297
3727 2 2 1 16 405 2745 404
3728 2 2 1 16 490 2745 405
3729 2 2 1 16 3204 3215 2457
3730 2 2 1 16 1476 1480 1478
3731 2 2 1 16 1509 1895 1791
3732 2 2 1 16 764 2788 754
3733 2 2 1 16 569 3662 2115
3734 2 2 1 16 1403 2760 1110
3735 2 2 1 16 991 3525 2302
3736 2 2 1 16 645 3167 2591
3737 2 2 1 16 1052 2940 2153
3738 2 2 1 16 1179 2641 2640
3739 2 2 1 16 717 719 718
3740 2 2 1 16 1361 1363 1362
3741 2 2 1 16 2351 3452 2464
3742 2 2 1 16 664 665 663
3743 2 2 1 16 2074 2523 1741
3744 2 2 1 16 3278 3403 1822
3745 2 2 1 16 886 887 885
3746 2 2 1 16 1749 1751 1750
3747 2 2 1 16 662 663 661
3748 2 2 1 16 243 3411 567
3749 2 2 1 16 2656 3064 1469
3750 2 2 1 16 1066 1067 867
3751 2 2 1 16 3061 3106 865
3752 2 2 1 16 48 2782 47
3753 2 2 1 16 1381 1383 1382
3754 2 2 1 16 1964 1965 1698
3755 2 2 1 16 2295 3634 2274
3756 2 2 1 16 1445 1587 1586
3757 2 2 1 16 1806 3107 2544
3758 2 2 1 16 2049 2761 1631
3759 2 2 1 16 1637 3177 3033
3760 2 2 1 16 452 3535 2424
3761 2 2 1 16 957 959 958
3762 2 2 1 16 2531 3091 2665
3763 2 2 1 16 1631 1753 1077
3764 2 2 1 16 782 1776 1642
3765 2 2 1 16 652 655 647
3766 2 2 1 16 1022 1039 1038
3767 2 2 1 16 1315 1317 1316
3768 2 2 1 16 507 3411 244
3769 2 2 1 16 621 2865 2662
3770 2 2 1 16 674 675 673
3771 2 2 1 16 870 2810 1094
3772 2 2 1 16 417 2796 416
3773 2 2 1 16 1968 1970 1967
3774 2 2 1 16 884 885 883
3775 2 2 1 16 626 2989 801
3776 2 2 1 16 1202 2541 1200
3777 2 2 1 16 1247 1663 1503
3778 2 2 1 16 2279 3462 236
3779 2 2 1 16 1070 2774 1417
3780 2 2 1 16 1469 1798 1368
3781 2 2 1 16 719 721 720
3782 2 2 1 16 2846 3501 3324
3783 2 2 1 16 1146 2770 1247
3784 2 2 1 16 1332 1334 1333
3785 2 2 1 16 1572 1573 1561
3786 2 2 1 16 1454 2802 1455
3787 2 2 1 16 1560 1561 1559
3788 2 2 1 16 2715 3155 1853
3789 2 2 1 16 658 659 657
3790 2 2 1 16 1099 1815 1393
3791 2 2 1 16 1051 2733 639
3792 2 2 1 16 882 883 881
3793 2 2 1 16 660 661 659
3794 2 2 1 16 1601 1870 1600
3795 2 2 1 16 1739 2513 1738
3796 2 2 1 16 1448 1513 1431
3797 2 2 1 16 2260 3173 492
3798 2 2 1 16 2062 2348 2347
3799 2 2 1 16 395 2744 394
3800 2 2 1 16 613 616 614
3801 2 2 1 16 2240 2927 2926
3802 2 2 1 16 949 951 950
3803 2 2 1 16 443 2744 395
3804 2 2 1 16 664 2728 665
3805 2 2 1 16 1890 3004 3003
3806 2 2 1 16 2405 2664 2401
3807 2 2 1 16 2541 2871 2364
3808 2 2 1 16 2191 3524 2655
3809 2 2 1 16 1966 1967 1965
3810 2 2 1 16 1896 2694 2117
3811 2 2 1 16 760 1849 1595
3812 2 2 1 16 2476 3089 1999
3813 2 2 1 16 1345 2809 1316
3814 2 2 1 16 385 462 9
3815 2 2 1 16 49 461 48
3816 2 2 1 16 1816 2760 1403
3817 2 2 1 16 2689 2706 2705
3818 2 2 1 16 3034 3248 2063
3819 2 2 1 16 656 657 655
3820 2 2 1 16 1099 2947 1815
3821 2 2 1 16 1605 2104 2038
3822 2 2 1 16 1224 2819 1223
3823 2 2 1 16 1250 1251 1235
3824 2 2 1 16 2759 3666 2297
3825 2 2 1 16 1539 2139 2054
3826 2 2 1 16 1713 3299 2067
3827 2 2 1 16 963 3361 965
3828 2 2 1 16 1741 2523 1743
3829 2 2 1 16 2650 3163 1969
3830 2 2 1 16 2530 2531 2405
3831 2 2 1 16 1519 3653 2540
3832 2 2 1 16 2276 2277 1736
3833 2 2 1 16 1587 1589 1588
3834 2 2 1 16 670 671 669
3835 2 2 1 16 1262 2821 1261
3836 2 2 1 16 3430 3514 2037
3837 2 2 1 16 1164 3020 2578
3838 2 2 1 16 447 2831 30
3839 2 2 1 16 1869 3101 2514
3840 2 2 1 16 1957 2920 1793
3841 2 2 1 16 1257 2966 1467
3842 2 2 1 16 951 953 952
3843 2 2 1 16 2132 2924 2716
3844 2 2 1 16 1127 1133 1129
3845 2 2 1 16 250 3034 249
3846 2 2 1 16 2247 3216 1864
3847 2 2 1 16 763 2962 1941
3848 2 2 1 16 1027 2975 1187
3849 2 2 1 16 1815 3155 2715
3850 2 2 1 16 945 947 946
3851 2 2 1 16 1336 1338 1337
3852 2 2 1 16 2714 3375 2796
3853 2 2 1 16 624 2700 615
3854 2 2 1 16 9 2793 384
3855 2 2 1 16 1416 2737 1755
3856 2 2 1 16 1421 3162 2819
3857 2 2 1 16 447 3131 2952
3858 2 2 1 16 1500 1501 1239
3859 2 2 1 16 50 2794 49
3860 2 2 1 16 1524 1836 1162
3861 2 2 1 16 2892 3366 2630
3862 2 2 1 16 713 715 714
3863 2 2 1 16 1369 3042 1601
3864 2 2 1 16 2193 2250 1798
3865 2 2 1 16 1976 1980 1979
3866 2 2 1 16 1323 1325 1324
3867 2 2 1 16 1496 2173 2116
3868 2 2 1 16 1050 2678 1283
3869 2 2 1 16 611 613 612
3870 2 2 1 16 1939 2772 2183
3871 2 2 1 16 1039 1096 1040
3872 2 2 1 16 3204 3382 2824
3873 2 2 1 16 711 713 712
3874 2 2 1 16 834 856 832
3875 2 2 1 16 2564 2784 2565
3876 2 2 1 16 1895 2694 1896
3877 2 2 1 16 1056 1057 1013
3878 2 2 1 16 1571 2763 2030
3879 2 2 1 16 993 1017 1016
3880 2 2 1 16 1539 2961 2139
3881 2 2 1 16 47 2782 522
3882 2 2 1 16 2060 3115 2062
3883 2 2 1 16 2595 3454 1796
3884 2 2 1 16 2000 2001 1998
3885 2 2 1 16 1850 3285 2013
3886 2 2 1 16 2620 3310 649
3887 2 2 1 16 879 1109 893
3888 2 2 1 16 2464 3452 200
3889 2 2 1 16 490 3455 2649
3890 2 2 1 16 2551 3152 1644
3891 2 2 1 16 1958 3406 2630
3892 2 2 1 16 1462 1838 1461
3893 2 2 1 16 1178 3326 2480
3894 2 2 1 16 850 2810 851
3895 2 2 1 16 811 2769 814
3896 2 2 1 16 1340 1342 1341
3897 2 2 1 16 2135 3261 2134
3898 2 2 1 16 548 3219 2510
3899 2 2 1 16 857 1225 856
3900 2 2 1 16 1898 2638 2159
3901 2 2 1 16 765 2771 775
3902 2 2 1 16 457 3462 2571
3903 2 2 1 16 1881 3063 2187
3904 2 2 1 16 1640 1924 1923
3905 2 2 1 16 941 943 942
3906 2 2 1 16 384 523 383
3907 2 2 1 16 1168 2783 1170
3908 2 2 1 16 2004 3112 2724
3909 2 2 1 16 1784 2933 2775
3910 2 2 1 16 2924 3214 2176
3911 2 2 1 16 2479 3678 2858
3912 2 2 1 16 51 524 50
3913 2 2 1 16 2158 3301 2965
3914 2 2 1 16 2118 3342 3341
3915 2 2 1 16 2487 2958 2489
3916 2 2 1 16 2511 3273 2392
3917 2 2 1 16 1226 1461 1225
3918 2 2 1 16 1007 1012 1004
3919 2 2 1 16 2102 3711 3189
3920 2 2 1 16 30 2831 29
3921 2 2 1 16 247 3080 246
3922 2 2 1 16 2897 3022 1091
3923 2 2 1 16 1764 1765 1762
3924 2 2 1 16 1019 1021 1020
3925 2 2 1 16 2341 3534 2342
3926 2 2 1 16 2693 3218 2473
3927 2 2 1 16 2477 3391 2476
3928 2 2 1 16 707 709 708
3929 2 2 1 16 2606 3442 502
3930 2 2 1 16 2835 2914 1899
3931 2 2 1 16 775 2771 1292
3932 2 2 1 16 1037 2900 1020
3933 2 2 1 16 1976 1979 1974
3934 2 2 1 16 1514 1550 1513
3935 2 2 1 16 1005 2893 1108
3936 2 2 1 16 1551 1604 1550
3937 2 2 1 16 1175 1773 1270
3938 2 2 1 16 1741 1743 1604
3939 2 2 1 16 2616 2950 2617
3940 2 2 1 16 609 611 610
3941 2 2 1 16 1950 3244 2987
3942 2 2 1 16 1631 2761 1753
3943 2 2 1 16 1306 1307 1305
3944 2 2 1 16 637 1392 635
3945 2 2 1 16 1481 2838 1863
3946 2 2 1 16 1906 2737 2029
3947 2 2 1 16 2496 2501 2498
3948 2 2 1 16 2045 3407 1267
3949 2 2 1 16 1017 1019 1018
3950 2 2 1 16 1994 3123 1996
3951 2 2 1 16 1692 1693 1472
3952 2 2 1 16 36 2931 515
3953 2 2 1 16 43 2915 520
3954 2 2 1 16 789 3150 1090
3955 2 2 1 16 442 2931 37
3956 2 2 1 16 2318 3581 1633
3957 2 2 1 16 604 607 605
3958 2 2 1 16 52 2795 51
3959 2 2 1 16 996 997 990
3960 2 2 1 16 1415 3030 2958
3961 2 2 1 16 1252 1253 1251
3962 2 2 1 16 446 3479 2357
3963 2 2 1 16 402 2939 401
3964 2 2 1 16 441 2915 44
3965 2 2 1 16 15 2955 14
3966 2 2 1 16 937 939 938
3967 2 2 1 16 2181 3315 2656
3968 2 2 1 16 2225 3208 2223
3969 2 2 1 16 2439 3706 3160
3970 2 2 1 16 2718 3389 95
3971 2 2 1 16 1833 2256 1399
3972 2 2 1 16 703 705 704
3973 2 2 1 16 675 3401 678
3974 2 2 1 16 1254 1430 1253
3975 2 2 1 16 1083 2815 1085
3976 2 2 1 16 2571 3212 457
3977 2 2 1 16 2449 3250 3033
3978 2 2 1 16 1928 2227 1929
3979 2 2 1 16 1970 2197 1967
3980 2 2 1 16 461 2782 48
3981 2 2 1 16 29 2831 2742
3982 2 2 1 16 2057 2233 2232
3983 2 2 1 16 1994 1995 1732
3984 2 2 1 16 249 3157 248
3985 2 2 1 16 1077 2788 764
3986 2 2 1 16 870 1094 1082
3987 2 2 1 16 1414 1449 1228
3988 2 2 1 16 1981 2822 1982
3989 2 2 1 16 1926 1928 1927
3990 2 2 1 16 667 3412 670
3991 2 2 1 16 1312 1313 1311
3992 2 2 1 16 2842 2843 1090
3993 2 2 1 16 1227 1228 1074
3994 2 2 1 16 2807 3101 1869
3995 2 2 1 16 2258 2944 2260
3996 2 2 1 16 2699 3198 563
3997 2 2 1 16 2967 3201 2422
3998 2 2 1 16 1308 1309 1307
3999 2 2 1 16 1455 2802 1605
4000 2 2 1 16 607 609 608
4001 2 2 1 16 1924 1926 1925
4002 2 2 1 16 988 989 986
4003 2 2 1 16 1436 1437 1420
4004 2 2 1 16 808 2769 811
4005 2 2 1 16 1205 1470 1107
4006 2 2 1 16 1096 2779 1040
4007 2 2 1 16 2083 3143 2732
4008 2 2 1 16 382 425 381
4009 2 2 1 16 1437 3643 1460
4010 2 2 1 16 1664 1669 1386
4011 2 2 1 16 2262 3022 1847
4012 2 2 1 16 53 426 52
4013 2 2 1 16 200 3574 2464
4014 2 2 1 16 631 2978 629
4015 2 2 1 16 1058 1059 1057
4016 2 2 1 16 1660 1841 1811
4017 2 2 1 16 2480 3474 1961
4018 2 2 1 16 1233 1786 1232
4019 2 2 1 16 1064 1232 1063
4020 2 2 1 16 1062 1063 1061
4021 2 2 1 16 1298 1354 1300
4022 2 2 1 16 699 701 700
4023 2 2 1 16 2671 2672 2214
4024 2 2 1 16 2561 2941 2539
4025 2 2 1 16 2002 2170 2001
4026 2 2 1 16 1060 1061 1059
4027 2 2 1 16 1666 1668 1667
4028 2 2 1 16 1496 2960 2173
4029 2 2 1 16 22 2967 513
4030 2 2 1 16 16 2983 480
4031 2 2 1 16 1237 2765 1069
4032 2 2 1 16 1891 3428 3005
4033 2 2 1 16 2156 3288 1854
4034 2 2 1 16 514 2983 17
4035 2 2 1 16 931 933 932
4036 2 2 1 16 1460 3643 3002
4037 2 2 1 16 1698 2872 1696
4038 2 2 1 16 1744 3162 1421
4039 2 2 1 16 3372 3599 2636
4040 2 2 1 16 2782 3633 522
4041 2 2 1 16 2616 3167 2950
4042 2 2 1 16 1116 2932 1150
4043 2 2 1 16 3178 3642 1868
4044 2 2 1 16 1653 1659 1656
4045 2 2 1 16 2761 2762 1753
4046 2 2 1 16 984 985 982
4047 2 2 1 16 1829 1830 1780
4048 2 2 1 16 44 2915 43
4049 2 2 1 16 1073 1074 864
4050 2 2 1 16 1329 1332 1331
4051 2 2 1 16 1054 3233 3045
4052 2 2 1 16 2146 3595 3316
4053 2 2 1 16 2806 3055 1221
4054 2 2 1 16 2701 3466 2085
4055 2 2 1 16 1623 1683 1437
4056 2 2 1 16 1753 2788 1077
4057 2 2 1 16 1303 1306 1305
4058 2 2 1 16 1599 2509 1365
4059 2 2 1 16 1930 2166 1683
4060 2 2 1 16 3380 3620 2106
4061 2 2 1 16 1986 2057 1987
4062 2 2 1 16 1417 2933 2778
4063 2 2 1 16 1035 1080 860
4064 2 2 1 16 1708 1897 1673
4065 2 2 1 16 933 935 934
4066 2 2 1 16 2023 2050 2022
4067 2 2 1 16 2604 3611 1515
4068 2 2 1 16 54 2811 53
4069 2 2 1 16 863 864 820
4070 2 2 1 16 830 834 832
4071 2 2 1 16 1841 2741 1811
4072 2 2 1 16 1766 1799 1765
4073 2 2 1 16 1294 1801 1296
4074 2 2 1 16 1484 3369 2523
4075 2 2 1 16 3044 3100 2112
4076 2 2 1 16 516 2968 397
4077 2 2 1 16 396 2968 443
4078 2 2 1 16 1800 1997 1799
4079 2 2 1 16 2215 2671 2212
4080 2 2 1 16 1201 1202 1200
4081 2 2 1 16 462 2793 9
4082 2 2 1 16 1541 1542 1278
4083 2 2 1 16 561 3203 2606
4084 2 2 1 16 2103 2686 1831
4085 2 2 1 16 49 2794 461
4086 2 2 1 16 467 3337 2688
4087 2 2 1 16 927 929 928
4088 2 2 1 16 977 978 975
4089 2 2 1 16 2951 3682 2617
4090 2 2 1 16 211 566 210
4091 2 2 1 16 1932 3106 3061
4092 2 2 1 16 1605 2802 2104
4093 2 2 1 16 2992 3631 1922
4094 2 2 1 16 1546 2639 1545
4095 2 2 1 16 744 3072 653
4096 2 2 1 16 1684 2787 1443
4097 2 2 1 16 2162 2163 2156
4098 2 2 1 16 3153 3435 2937
4099 2 2 1 16 2019 2020 2018
4100 2 2 1 16 2155 2156 1854
4101 2 2 1 16 853 854 839
4102 2 2 1 16 910 2938 1010
4103 2 2 1 16 785 786 780
4104 2 2 1 16 797 2791 785
4105 2 2 1 16 998 999 997
4106 2 2 1 16 961 3254 963
4107 2 2 1 16 772 1091 770
4108 2 2 1 16 1850 2013 2012
4109 2 2 1 16 37 2931 36
4110 2 2 1 16 1575 1986 1985
4111 2 2 1 16 1000 1001 999
4112 2 2 1 16 1002 1003 1001
4113 2 2 1 16 1476 3106 1480
4114 2 2 1 16 1694 1757 1693
4115 2 2 1 16 55 527 54
4116 2 2 1 16 1085 2815 1175
4117 2 2 1 16 1320 1321 1319
4118 2 2 1 16 875 3014 1802
4119 2 2 1 16 1443 2787 1570
4120 2 2 1 16 1826 1955 1954
4121 2 2 1 16 1760 1761 1759
4122 2 2 1 16 973 974 971
4123 2 2 1 16 1314 1315 1313
4124 2 2 1 16 1758 1759 1757
4125 2 2 1 16 825 1832 828
4126 2 2 1 16 923 925 924
4127 2 2 1 16 2528 2554 1830
4128 2 2 1 16 210 2820 209
4129 2 2 1 16 2501 2776 2498
4130 2 2 1 16 1306 1826 1308
4131 2 2 1 16 2621 3405 2622
4132 2 2 1 16 1523 2807 2262
4133 2 2 1 16 2737 3057 2029
4134 2 2 1 16 1965 2872 1698
4135 2 2 1 16 1261 1421 1259
4136 2 2 1 16 2458 3382 2457
4137 2 2 1 16 2059 2805 1733
4138 2 2 1 16 1651 2704 1649
4139 2 2 1 16 1897 3343 2731
4140 2 2 1 16 1996 2249 1995
4141 2 2 1 16 2507 2974 1607
4142 2 2 1 16 1281 1435 1265
4143 2 2 1 16 762 767 759
4144 2 2 1 16 746 2936 2632
4145 2 2 1 16 1387 1666 1665
4146 2 2 1 16 1378 2675 1714
4147 2 2 1 16 1223 1269 1148
4148 2 2 1 16 2250 2251 1798
4149 2 2 1 16 1022 2956 1039
4150 2 2 1 16 1624 1781 1425
4151 2 2 1 16 2857 3160 534
4152 2 2 1 16 2503 2504 2215
4153 2 2 1 16 2343 3600 1263
4154 2 2 1 16 1424 1647 1584
4155 2 2 1 16 452 3320 3201
4156 2 2 1 16 1309 1312 1311
4157 2 2 1 16 1327 1329 1328
4158 2 2 1 16 1778 1779 1662
4159 2 2 1 16 753 2681 751
4160 2 2 1 16 834 857 856
4161 2 2 1 16 1890 3003 1887
4162 2 2 1 16 1416 3057 2737
4163 2 2 1 16 3151 3444 2033
4164 2 2 1 16 209 525 208
4165 2 2 1 16 448 2939 402
4166 2 2 1 16 1570 2787 2039
4167 2 2 1 16 693 695 694
4168 2 2 1 16 56 2823 55
4169 2 2 1 16 1936 1937 1897
4170 2 2 1 16 969 970 967
4171 2 2 1 16 1142 1143 1132
4172 2 2 1 16 208 2830 207
4173 2 2 1 16 2631 2976 1211
4174 2 2 1 16 1312 1351 1314
4175 2 2 1 16 2514 3264 1869
4176 2 2 1 16 1941 2962 2019
4177 2 2 1 16 1131 1132 1130
4178 2 2 1 16 2942 3042 1351
4179 2 2 1 16 207 494 206
4180 2 2 1 16 569 571 570
4181 2 2 1 16 735 738 732
4182 2 2 1 16 384 2793 523
4183 2 2 1 16 729 1095 727
4184 2 2 1 16 1467 2966 1953
4185 2 2 1 16 1351 1369 1352
4186 2 2 1 16 1852 1854 1158
4187 2 2 1 16 1231 3470 2678
4188 2 2 1 16 524 2794 50
4189 2 2 1 16 2531 2664 2405
4190 2 2 1 16 917 919 918
4191 2 2 1 16 748 750 741
4192 2 2 1 16 1187 2975 2252
4193 2 2 1 16 1288 2995 1023
4194 2 2 1 16 1203 1222 1202
4195 2 2 1 16 857 1226 1225
4196 2 2 1 16 2372 3639 2373
4197 2 2 1 16 1438 1439 1222
4198 2 2 1 16 755 2999 2709
4199 2 2 1 16 3311 3575 3459
4200 2 2 1 16 1274 2935 1454
4201 2 2 1 16 1971 3025 1970
4202 2 2 1 16 1068 2996 1843
4203 2 2 1 16 229 2572 511
4204 2 2 1 16 819 2864 822
4205 2 2 1 16 2695 3174 1982
4206 2 2 1 16 2599 3693 2600
4207 2 2 1 16 695 697 696
4208 2 2 1 16 1056 2985 1186
4209 2 2 1 16 801 2700 624
4210 2 2 1 16 1573 2198 1823
4211 2 2 1 16 1306 1308 1307
4212 2 2 1 16 2911 3220 2740
4213 2 2 1 16 1024 3364 906
4214 2 2 1 16 1877 3588 1875
4215 2 2 1 16 1368 2923 1347
4216 2 2 1 16 2319 3252 2318
4217 2 2 1 16 1988 2064 1935
4218 2 2 1 16 1398 1850 1737
4219 2 2 1 16 1730 1783 1729
4220 2 2 1 16 1369 1600 1370
4221 2 2 1 16 233 2549 510
4222 2 2 1 16 2816 3037 1163
4223 2 2 1 16 1241 2957 2815
4224 2 2 1 16 1075 3000 2298
4225 2 2 1 16 205 2839 204
4226 2 2 1 16 2089 2453 1392
4227 2 2 1 16 2408 3310 2620
4228 2 2 1 16 2046 2385 2171
4229 2 2 1 16 1602 2107 1615
4230 2 2 1 16 1226 1462 1461
4231 2 2 1 16 1390 1391 1209
4232 2 2 1 16 204 484 203
4233 2 2 1 16 1906 2029 1608
4234 2 2 1 16 689 691 690
4235 2 2 1 16 1526 2046 1711
4236 2 2 1 16 1105 1196 1080
4237 2 2 1 16 581 3408 1174
4238 2 2 1 16 203 2840 202
4239 2 2 1 16 1144 1145 1143
4240 2 2 1 16 1679 2090 2076
4241 2 2 1 16 202 526 201
4242 2 2 1 16 1669 3531 2385
4243 2 2 1 16 57 476 56
4244 2 2 1 16 199 464 198
4245 2 2 1 16 198 2845 197
4246 2 2 1 16 197 529 196
4247 2 2 1 16 2637 3191 2229
4248 2 2 1 16 2691 3218 1873
4249 2 2 1 16 723 724 721
4250 2 2 1 16 196 2847 195
4251 2 2 1 16 1934 1935 1933
4252 2 2 1 16 195 455 194
4253 2 2 1 16 194 2849 193
4254 2 2 1 16 913 915 914
4255 2 2 1 16 3401 3584 678
4256 2 2 1 16 1788 2254 1840
4257 2 2 1 16 193 530 192
4258 2 2 1 16 2091 3176 1857
4259 2 2 1 16 1947 3275 1945
4260 2 2 1 16 1072 2774 1070
4261 2 2 1 16 190 454 189
4262 2 2 1 16 1513 2979 1431
4263 2 2 1 16 562 3176 2512
4264 2 2 1 16 979 981 978
4265 2 2 1 16 1954 3042 2942
4266 2 2 1 16 189 2850 188
4267 2 2 1 16 604 605 602
4268 2 2 1 16 1373 1591 1374
4269 2 2 1 16 188 531 187
4270 2 2 1 16 2047 3596 2046
4271 2 2 1 16 185 449 184
4272 2 2 1 16 494 3336 2444
4273 2 2 1 16 1489 1733 1256
4274 2 2 1 16 1824 1825 1589
4275 2 2 1 16 1619 1729 1618
4276 2 2 1 16 182 496 181
4277 2 2 1 16 1175 2815 1773
4278 2 2 1 16 1559 2765 1237
4279 2 2 1 16 2927 3196 1487
4280 2 2 1 16 179 446 178
4281 2 2 1 16 1622 2969 1862
4282 2 2 1 16 176 495 175
4283 2 2 1 16 186 2852 185
4284 2 2 1 16 175 2855 174
4285 2 2 1 16 174 532 173
4286 2 2 1 16 1167 1168 1145
4287 2 2 1 16 1602 1603 1370
4288 2 2 1 16 173 2856 172
4289 2 2 1 16 172 445 171
4290 2 2 1 16 169 497 168
4291 2 2 1 16 168 2857 167
4292 2 2 1 16 167 534 166
4293 2 2 1 16 165 439 164
4294 2 2 1 16 187 2851 186
4295 2 2 1 16 1836 3023 1162
4296 2 2 1 16 1522 1523 1512
4297 2 2 1 16 164 2859 163
4298 2 2 1 16 163 533 162
4299 2 2 1 16 961 962 959
4300 2 2 1 16 162 2858 161
4301 2 2 1 16 1285 1768 1767
4302 2 2 1 16 2270 2992 1923
4303 2 2 1 16 987 3483 2280
4304 2 2 1 16 161 465 160
4305 2 2 1 16 827 3568 821
4306 2 2 1 16 160 2860 159
4307 2 2 1 16 609 3684 611
4308 2 2 1 16 3229 3380 2106
4309 2 2 1 16 1356 1373 1357
4310 2 2 1 16 159 535 158
4311 2 2 1 16 1300 2853 1303
4312 2 2 1 16 158 2861 157
4313 2 2 1 16 1596 2149 1494
4314 2 2 1 16 855 865 854
4315 2 2 1 16 1938 1939 1937
4316 2 2 1 16 157 438 156
4317 2 2 1 16 1320 1457 1322
4318 2 2 1 16 1128 1130 1126
4319 2 2 1 16 3297 3324 2113
4320 2 2 1 16 1886 1887 1885
4321 2 2 1 16 178 2854 177
4322 2 2 1 16 1902 3383 2446
4323 2 2 1 16 2698 3073 2734
4324 2 2 1 16 1895 3259 2584
4325 2 2 1 16 1233 3041 1786
4326 2 2 1 16 1046 2777 1044
4327 2 2 1 16 2674 2990 2015
4328 2 2 1 16 441 3482 2569
4329 2 2 1 16 2803 2912 1900
4330 2 2 1 16 571 573 572
4331 2 2 1 16 1863 2026 1510
4332 2 2 1 16 1826 1954 1308
4333 2 2 1 16 58 2874 57
4334 2 2 1 16 573 575 574
4335 2 2 1 16 155 536 154
4336 2 2 1 16 1888 1889 1887
4337 2 2 1 16 3261 3417 2134
4338 2 2 1 16 1312 1314 1313
4339 2 2 1 16 215 2597 563
4340 2 2 1 16 683 685 684
4341 2 2 1 16 1078 2869 2801
4342 2 2 1 16 541 3522 2415
4343 2 2 1 16 579 580 578
4344 2 2 1 16 1734 2059 1733
4345 2 2 1 16 1192 1526 1525
4346 2 2 1 16 907 909 908
4347 2 2 1 16 51 2795 524
4348 2 2 1 16 717 718 715
4349 2 2 1 16 2680 3236 844
4350 2 2 1 16 816 863 820
4351 2 2 1 16 1720 1722 1721
4352 2 2 1 16 2078 2079 2059
4353 2 2 1 16 153 466 152
4354 2 2 1 16 1317 1320 1319
4355 2 2 1 16 1479 2055 1477
4356 2 2 1 16 1717 1744 1421
4357 2 2 1 16 1630 1952 1434
4358 2 2 1 16 1511 1512 1482
4359 2 2 1 16 2353 2354 2079
4360 2 2 1 16 2459 3050 2554
4361 2 2 1 16 600 1217 598
4362 2 2 1 16 152 2868 151
4363 2 2 1 16 2520 3190 2413
4364 2 2 1 16 834 1290 857
4365 2 2 1 16 955 956 953
4366 2 2 1 16 2109 2253 1744
4367 2 2 1 16 768 782 767
4368 2 2 1 16 1545 2025 1813
4369 2 2 1 16 3344 3470 1231
4370 2 2 1 16 1573 1823 1561
4371 2 2 1 16 2290 2836 2766
4372 2 2 1 16 151 537 150
4373 2 2 1 16 2111 2481 1781
4374 2 2 1 16 2540 3495 1767
4375 2 2 1 16 1383 1812 1418
4376 2 2 1 16 1615 1898 1603
4377 2 2 1 16 1292 2884 1294
4378 2 2 1 16 2715 3154 1815
4379 2 2 1 16 3126 3354 437
4380 2 2 1 16 150 2870 149
4381 2 2 1 16 1715 1716 1269
4382 2 2 1 16 1983 2935 2049
4383 2 2 1 16 2246 2267 1845
4384 2 2 1 16 459 3651 2481
4385 2 2 1 16 622 3059 2865
4386 2 2 1 16 1552 1553 1291
4387 2 2 1 16 1910 1911 1716
4388 2 2 1 16 1246 1646 1521
4389 2 2 1 16 2088 3357 2174
4390 2 2 1 16 2512 3503 565
4391 2 2 1 16 1376 1788 1544
4392 2 2 1 16 2844 3432 2843
4393 2 2 1 16 1493 1787 1173
4394 2 2 1 16 1776 1869 1642
4395 2 2 1 16 59 528 58
4396 2 2 1 16 1563 2775 2774
4397 2 2 1 16 758 2962 763
4398 2 2 1 16 2950 3167 1871
4399 2 2 1 16 1647 2086 1648
4400 2 2 1 16 148 437 147
4401 2 2 1 16 147 2875 146
4402 2 2 1 16 3409 3598 1907
4403 2 2 1 16 146 538 145
4404 2 2 1 16 901 903 902
4405 2 2 1 16 3388 3504 2164
4406 2 2 1 16 1270 3179 1271
4407 2 2 1 16 491 3127 399
4408 2 2 1 16 398 3127 516
4409 2 2 1 16 2636 3104 1388
4410 2 2 1 16 141 2876 140
4411 2 2 1 16 144 467 143
4412 2 2 1 16 1502 1885 1197
4413 2 2 1 16 143 2878 142
4414 2 2 1 16 142 539 141
4415 2 2 1 16 1663 1858 1503
4416 2 2 1 16 140 2877 139
4417 2 2 1 16 2360 3560 2361
4418 2 2 1 16 427 3675 2873
4419 2 2 1 16 751 760 750
4420 2 2 1 16 397 2968 396
4421 2 2 1 16 480 2955 15
4422 2 2 1 16 1396 1739 1738
4423 2 2 1 16 139 436 138
4424 2 2 1 16 1819 2977 2506
4425 2 2 1 16 1149 2966 1257
4426 2 2 1 16 138 2881 137
4427 2 2 1 16 1624 3044 2112
4428 2 2 1 16 1770 2548 1286
4429 2 2 1 16 137 540 136
4430 2 2 1 16 1743 3369 2679
4431 2 2 1 16 136 2880 135
4432 2 2 1 16 1326 1356 1330
4433 2 2 1 16 1746 2027 1492
4434 2 2 1 16 135 468 134
4435 2 2 1 16 134 2885 133
4436 2 2 1 16 133 541 132
4437 2 2 1 16 2321 3672 2136
4438 2 2 1 16 481 3034 250
4439 2 2 1 16 32 3131 31
4440 2 2 1 16 1025 2975 1027
4441 2 2 1 16 3219 3431 2510
4442 2 2 1 16 1312 2942 1351
4443 2 2 1 16 2505 3533 2507
4444 2 2 1 16 130 435 129
4445 2 2 1 16 881 3014 877
4446 2 2 1 16 949 950 947
4447 2 2 1 16 129 2886 128
4448 2 2 1 16 2827 3143 2083
4449 2 2 1 16 1105 2829 1196
4450 2 2 1 16 128 542 127
4451 2 2 1 16 127 2889 126
4452 2 2 1 16 256 3363 255
4453 2 2 1 16 126 469 125
4454 2 2 1 16 2219 2503 2216
4455 2 2 1 16 1226 1539 1462
4456 2 2 1 16 1849 2011 1595
4457 2 2 1 16 124 543 123
4458 2 2 1 16 2254 3640 2611
4459 2 2 1 16 1140 1146 1138
4460 2 2 1 16 121 434 120
4461 2 2 1 16 448 3293 2657
4462 2 2 1 16 2051 3366 2286
4463 2 2 1 16 120 2891 119
4464 2 2 1 16 1351 1352 1314
4465 2 2 1 16 725 730 724
4466 2 2 1 16 119 544 118
4467 2 2 1 16 2233 3412 2728
4468 2 2 1 16 893 2818 993
4469 2 2 1 16 23 2967 22
4470 2 2 1 16 105 2901 104
4471 2 2 1 16 118 2892 117
4472 2 2 1 16 117 470 116
4473 2 2 1 16 1075 2298 1879
4474 2 2 1 16 1876 1877 1875
4475 2 2 1 16 1051 3702 2398
4476 2 2 1 16 116 2894 115
4477 2 2 1 16 1006 3077 1007
4478 2 2 1 16 115 545 114
4479 2 2 1 16 60 2873 59
4480 2 2 1 16 1109 2818 893
4481 2 2 1 16 112 433 111
4482 2 2 1 16 86 2907 85
4483 2 2 1 16 521 3011 386
4484 2 2 1 16 111 2895 110
4485 2 2 1 16 104 2903 103
4486 2 2 1 16 1137 1138 1136
4487 2 2 1 16 110 547 109
4488 2 2 1 16 109 2896 108
4489 2 2 1 16 801 3372 2700
4490 2 2 1 16 3174 3236 1980
4491 2 2 1 16 108 471 107
4492 2 2 1 16 426 2795 52
4493 2 2 1 16 895 897 896
4494 2 2 1 16 1500 2959 1501
4495 2 2 1 16 107 2899 106
4496 2 2 1 16 1354 2853 1300
4497 2 2 1 16 254 2991 483
4498 2 2 1 16 2028 2371 2027
4499 2 2 1 16 1881 2187 1883
4500 2 2 1 16 106 546 105
4501 2 2 1 16 1245 1276 1244
4502 2 2 1 16 1068 1843 1166
4503 2 2 1 16 2370 3506 3319
4504 2 2 1 16 965 966 964
4505 2 2 1 16 1495 1727 1276
4506 2 2 1 16 103 432 102
4507 2 2 1 16 1299 2982 1297
4508 2 2 1 16 1998 2862 1997
4509 2 2 1 16 1982 3174 1977
4510 2 2 1 16 2372 2373 2371
4511 2 2 1 16 101 548 100
4512 2 2 1 16 1765 2998 1762
4513 2 2 1 16 2224 2842 2219
4514 2 2 1 16 1322 1323 1321
4515 2 2 1 16 1967 2953 1965
4516 2 2 1 16 2197 2953 1967
4517 2 2 1 16 99 472 98
4518 2 2 1 16 822 2864 825
4519 2 2 1 16 963 964 962
4520 2 2 1 16 97 549 96
4521 2 2 1 16 1114 1498 1096
4522 2 2 1 16 2414 3126 2870
4523 2 2 1 16 945 946 943
4524 2 2 1 16 2093 3354 2094
4525 2 2 1 16 1230 2963 1445
4526 2 2 1 16 1135 1136 1134
4527 2 2 1 16 94 431 93
4528 2 2 1 16 92 550 91
4529 2 2 1 16 486 3551 2796
4530 2 2 1 16 2972 3644 2166
4531 2 2 1 16 90 473 89
4532 2 2 1 16 711 712 709
4533 2 2 1 16 89 2906 88
4534 2 2 1 16 88 551 87
4535 2 2 1 16 85 430 84
4536 2 2 1 16 84 2908 83
4537 2 2 1 16 83 552 82
4538 2 2 1 16 751 2681 760
4539 2 2 1 16 1587 1824 1589
4540 2 2 1 16 719 720 718
4541 2 2 1 16 1320 1322 1321
4542 2 2 1 16 82 2909 81
4543 2 2 1 16 1369 1370 1352
4544 2 2 1 16 81 474 80
4545 2 2 1 16 1243 1244 1156
4546 2 2 1 16 80 2910 79
4547 2 2 1 16 2161 3553 2176
4548 2 2 1 16 79 553 78
4549 2 2 1 16 1532 3445 1713
4550 2 2 1 16 1638 2825 1640
4551 2 2 1 16 2198 2199 1823
4552 2 2 1 16 78 2911 77
4553 2 2 1 16 2250 3195 2434
4554 2 2 1 16 1798 2923 1368
4555 2 2 1 16 77 429 76
4556 2 2 1 16 3643 3644 2431
4557 2 2 1 16 1414 1702 1449
4558 2 2 1 16 76 2913 75
4559 2 2 1 16 75 555 74
4560 2 2 1 16 2347 3418 2082
4561 2 2 1 16 2212 2214 2210
4562 2 2 1 16 2771 2884 1292
4563 2 2 1 16 73 475 72
4564 2 2 1 16 61 427 60
4565 2 2 1 16 62 2916 61
4566 2 2 1 16 72 2919 71
4567 2 2 1 16 63 557 62
4568 2 2 1 16 71 554 70
4569 2 2 1 16 65 477 64
4570 2 2 1 16 2513 3417 1738
4571 2 2 1 16 70 2918 69
4572 2 2 1 16 67 556 66
4573 2 2 1 16 3324 3501 2113
4574 2 2 1 16 68 2921 67
4575 2 2 1 16 69 428 68
4576 2 2 1 16 1133 1134 1129
4577 2 2 1 16 1294 2884 1801
4578 2 2 1 16 1626 1806 1805
4579 2 2 1 16 1181 3263 2605
4580 2 2 1 16 679 681 680
4581 2 2 1 16 1600 1602 1370
4582 2 2 1 16 435 3667 2626
4583 2 2 1 16 1701 2037 2035
4584 2 2 1 16 1868 3125 1700
4585 2 2 1 16 941 942 939
4586 2 2 1 16 2637 3598 444
4587 2 2 1 16 1054 3045 1216
4588 2 2 1 16 828 2883 830
4589 2 2 1 16 957 958 956
4590 2 2 1 16 2712 3087 1154
4591 2 2 1 16 386 3011 385
4592 2 2 1 16 93 3048 92
4593 2 2 1 16 707 708 705
4594 2 2 1 16 1303 2853 1306
4595 2 2 1 16 2042 2974 2661
4596 2 2 1 16 1532 1713 1712
4597 2 2 1 16 1214 2125 2124
4598 2 2 1 16 1795 1796 1668
4599 2 2 1 16 183 3124 2739
4600 2 2 1 16 2125 2241 2126
4601 2 2 1 16 993 2818 1017
4602 2 2 1 16 618 619 617
4603 2 2 1 16 492 3173 392
4604 2 2 1 16 2357 3555 2002
4605 2 2 1 16 1602 1615 1603
4606 2 2 1 16 1499 1807 1498
4607 2 2 1 16 1227 1414 1228
4608 2 2 1 16 2082 3418 2827
4609 2 2 1 16 391 3173 519
4610 2 2 1 16 537 3661 2520
4611 2 2 1 16 439 3296 2643
4612 2 2 1 16 1326 1327 1325
4613 2 2 1 16 1524 1837 1836
4614 2 2 1 16 670 3562 671
4615 2 2 1 16 1323 1326 1325
4616 2 2 1 16 1073 1227 1074
4617 2 2 1 16 2385 3596 1669
4618 2 2 1 16 17 2983 16
4619 2 2 1 16 1703 1782 1704
4620 2 2 1 16 1780 2735 1779
4621 2 2 1 16 4 3426 241
4622 2 2 1 16 1529 1532 1531
4623 2 2 1 16 2763 2799 2030
4624 2 2 1 16 635 2978 631
4625 2 2 1 16 1920 1921 1591
4626 2 2 1 16 385 3011 462
4627 2 2 1 16 1539 2054 1643
4628 2 2 1 16 1730 3074 1783
4629 2 2 1 16 1179 3603 2527
4630 2 2 1 16 1892 2431 1611
4631 2 2 1 16 2734 3073 1381
4632 2 2 1 16 1539 1643 1462
4633 2 2 1 16 1942 2189 1808
4634 2 2 1 16 1214 2123 1021
4635 2 2 1 16 703 704 701
4636 2 2 1 16 1023 2995 992
4637 2 2 1 16 1452 1453 1280
4638 2 2 1 16 504 3575 3312
4639 2 2 1 16 53 2811 426
4640 2 2 1 16 1358 1703 1366
4641 2 2 1 16 937 938 935
4642 2 2 1 16 629 2989 626
4643 2 2 1 16 2473 3503 2091
4644 2 2 1 16 1306 2853 1826
4645 2 2 1 16 2453 2454 1392
4646 2 2 1 16 1021 2956 1022
4647 2 2 1 16 3062 3234 1159
4648 2 2 1 16 982 2917 981
4649 2 2 1 16 1615 1899 1898
4650 2 2 1 16 2579 3689 493
4651 2 2 1 16 1385 1436 1420
4652 2 2 1 16 483 3693 2599
4653 2 2 1 16 2020 2023 2022
4654 2 2 1 16 1499 1809 1808
4655 2 2 1 16 1335 1336 1334
4656 2 2 1 16 2150 2320 1797
4657 2 2 1 16 1917 2732 2314
4658 2 2 1 16 3083 3228 1872
4659 2 2 1 16 951 952 950
4660 2 2 1 16 1941 2019 2018
4661 2 2 1 16 184 3124 183
4662 2 2 1 16 1339 1340 1338
4663 2 2 1 16 1753 2999 2788
4664 2 2 1 16 1965 2953 2872
4665 2 2 1 16 1913 3100 3044
4666 2 2 1 16 1160 3178 3086
4667 2 2 1 16 1979 3025 1974
4668 2 2 1 16 616 617 614
4669 2 2 1 16 863 1073 864
4670 2 2 1 16 1809 1943 1942
4671 2 2 1 16 675 677 676
4672 2 2 1 16 1563 2774 1072
4673 2 2 1 16 1788 3640 2254
4674 2 2 1 16 1640 2825 1924
4675 2 2 1 16 452 3201 24
4676 2 2 1 16 1315 2925 1317
4677 2 2 1 16 2745 3362 2072
4678 2 2 1 16 863 1634 1073
4679 2 2 1 16 2050 3070 2768
4680 2 2 1 16 2099 3545 1706
4681 2 2 1 16 1682 3381 2346
4682 2 2 1 16 2083 2084 2061
4683 2 2 1 16 798 800 791
4684 2 2 1 16 2457 3382 3204
4685 2 2 1 16 3286 3596 2047
4686 2 2 1 16 713 714 712
4687 2 2 1 16 1943 2184 1944
4688 2 2 1 16 785 2791 786
4689 2 2 1 16 1976 3174 1980
4690 2 2 1 16 1107 2829 1105
4691 2 2 1 16 699 700 697
4692 2 2 1 16 2421 3320 2423
4693 2 2 1 16 2707 2987 1212
4694 2 2 1 16 931 932 929
4695 2 2 1 16 1417 2777 1046
4696 2 2 1 16 1467 1953 1822
4697 2 2 1 16 1039 2956 1114
4698 2 2 1 16 1227 1415 1414
4699 2 2 1 16 479 3080 247
4700 2 2 1 16 2554 3050 1830
4701 2 2 1 16 2464 3365 2024
4702 2 2 1 16 2263 3652 1829
4703 2 2 1 16 577 578 576
4704 2 2 1 16 2167 2973 2166
4705 2 2 1 16 181 3065 180
4706 2 2 1 16 1308 2942 1309
4707 2 2 1 16 1457 1894 1322
4708 2 2 1 16 1326 3015 1356
4709 2 2 1 16 235 3462 457
4710 2 2 1 16 2662 3392 3360
4711 2 2 1 16 971 2748 970
4712 2 2 1 16 1813 2995 1288
4713 2 2 1 16 768 2879 782
4714 2 2 1 16 877 3014 875
4715 2 2 1 16 1374 1375 1357
4716 2 2 1 16 1309 2942 1312
4717 2 2 1 16 1952 2783 1434
4718 2 2 1 16 3412 3546 670
4719 2 2 1 16 1392 2978 635
4720 2 2 1 16 789 1090 766
4721 2 2 1 16 11 3243 562
4722 2 2 1 16 441 3211 2915
4723 2 2 1 16 2514 3101 1426
4724 2 2 1 16 1487 1488 1486
4725 2 2 1 16 1890 3005 3004
4726 2 2 1 16 503 3243 12
4727 2 2 1 16 665 667 666
4728 2 2 1 16 649 3471 2670
4729 2 2 1 16 1187 2252 2066
4730 2 2 1 16 671 673 672
4731 2 2 1 16 753 3075 2681
4732 2 2 1 16 927 928 925
4733 2 2 1 16 1733 3057 1256
4734 2 2 1 16 1549 2639 1546
4735 2 2 1 16 433 3262 2684
4736 2 2 1 16 613 614 612
4737 2 2 1 16 967 2947 966
4738 2 2 1 16 2504 3282 2671
4739 2 2 1 16 855 3061 865
4740 2 2 1 16 2024 3136 1690
4741 2 2 1 16 527 2811 54
4742 2 2 1 16 2641 3589 2489
4743 2 2 1 16 1172 1201 1200
4744 2 2 1 16 655 3059 647
4745 2 2 1 16 2524 3404 2161
4746 2 2 1 16 825 2864 1832
4747 2 2 1 16 3310 3471 649
4748 2 2 1 16 923 924 921
4749 2 2 1 16 1545 1813 1288
4750 2 2 1 16 3031 3185 3058
4751 2 2 1 16 1786 1827 1797
4752 2 2 1 16 2037 3514 2035
4753 2 2 1 16 1039 1114 1096
4754 2 2 1 16 2271 3405 2016
4755 2 2 1 16 2796 3551 2714
4756 2 2 1 16 3115 3379 2348
4757 2 2 1 16 2448 3033 2447
4758 2 2 1 16 1251 3041 1235
4759 2 2 1 16 1140 2904 1146
4760 2 2 1 16 1281 3071 1435
4761 2 2 1 16 2833 3098 1348
4762 2 2 1 16 1898 2914 2638
4763 2 2 1 16 814 2930 816
4764 2 2 1 16 1720 1721 1598
4765 2 2 1 16 1805 2944 2258
4766 2 2 1 16 830 2883 834
4767 2 2 1 16 1885 3109 1197
4768 2 2 1 16 2792 2964 1352
4769 2 2 1 16 2567 2848 2729
4770 2 2 1 16 959 2960 958
4771 2 2 1 16 2663 3112 2004
4772 2 2 1 16 566 2820 210
4773 2 2 1 16 1827 2244 2150
4774 2 2 1 16 1431 2979 1430
4775 2 2 1 16 2251 2923 1798
4776 2 2 1 16 770 2879 768
4777 2 2 1 16 1657 2704 1651
4778 2 2 1 16 1832 2883 828
4779 2 2 1 16 667 669 668
4780 2 2 1 16 2682 3667 435
4781 2 2 1 16 917 918 915
4782 2 2 1 16 38 3226 442
4783 2 2 1 16 611 612 610
4784 2 2 1 16 1376 1378 1375
4785 2 2 1 16 2254 2417 1840
4786 2 2 1 16 1951 2304 2303
4787 2 2 1 16 1373 1374 1357
4788 2 2 1 16 1775 1834 1726
4789 2 2 1 16 2763 3428 1891
4790 2 2 1 16 1339 1358 1348
4791 2 2 1 16 780 2897 772
4792 2 2 1 16 1439 1708 1673
4793 2 2 1 16 1219 1489 1256
4794 2 2 1 16 1026 3130 980
4795 2 2 1 16 2303 3244 1950
4796 2 2 1 16 693 694 691
4797 2 2 1 16 1012 3283 2720
4798 2 2 1 16 1248 3476 2300
4799 2 2 1 16 1360 1361 1350
4800 2 2 1 16 1747 3379 3115
4801 2 2 1 16 191 3040 190
4802 2 2 1 16 2904 3117 2770
4803 2 2 1 16 913 914 911
4804 2 2 1 16 2023 2092 2050
4805 2 2 1 16 1562 3536 1515
4806 2 2 1 16 2658 3182 1191
4807 2 2 1 16 1159 3583 3121
4808 2 2 1 16 1019 1214 1021
4809 2 2 1 16 1449 2928 1679
4810 2 2 1 16 689 690 687
4811 2 2 1 16 2682 3175 2415
4812 2 2 1 16 2913 3636 3460
4813 2 2 1 16 1831 2888 1541
4814 2 2 1 16 1848 2114 1721
4815 2 2 1 16 1700 3125 2912
4816 2 2 1 16 1278 2890 1189
4817 2 2 1 16 2762 2999 1753
4818 2 2 1 16 1535 1536 1534
4819 2 2 1 16 1561 2949 1559
4820 2 2 1 16 1902 2979 1513
4821 2 2 1 16 3045 3233 2280
4822 2 2 1 16 1436 1623 1437
4823 2 2 1 16 841 3475 842
4824 2 2 1 16 2208 2220 2206
4825 2 2 1 16 1676 3524 2191
4826 2 2 1 16 1332 1335 1334
4827 2 2 1 16 1949 1951 1950
4828 2 2 1 16 2815 2957 1773
4829 2 2 1 16 1901 3118 2651
4830 2 2 1 16 1761 2573 2268
4831 2 2 1 16 1623 1930 1683
4832 2 2 1 16 1930 2167 2166
4833 2 2 1 16 1469 3064 2193
4834 2 2 1 16 2044 3259 1465
4835 2 2 1 16 55 2823 527
4836 2 2 1 16 907 908 905
4837 2 2 1 16 1576 3486 2686
4838 2 2 1 16 1926 2138 1928
4839 2 2 1 16 846 867 866
4840 2 2 1 16 2769 2930 814
4841 2 2 1 16 943 2797 942
4842 2 2 1 16 933 934 932
4843 2 2 1 16 2955 3607 14
4844 2 2 1 16 883 1183 881
4845 2 2 1 16 2776 3309 2500
4846 2 2 1 16 1373 3108 1592
4847 2 2 1 16 1148 2904 1140
4848 2 2 1 16 209 2820 525
4849 2 2 1 16 1474 1746 1492
4850 2 2 1 16 33 3241 32
4851 2 2 1 16 1702 2928 1449
4852 2 2 1 16 901 902 899
4853 2 2 1 16 1666 1667 1665
4854 2 2 1 16 609 610 608
4855 2 2 1 16 1541 2888 1542
4856 2 2 1 16 1196 1933 1932
4857 2 2 1 16 2454 3253 2989
4858 2 2 1 16 2284 3265 2282
4859 2 2 1 16 1974 3025 1971
4860 2 2 1 16 705 2808 704
4861 2 2 1 16 3086 3178 2798
4862 2 2 1 16 724 3009 721
4863 2 2 1 16 2850 3539 531
4864 2 2 1 16 1356 1357 1330
4865 2 2 1 16 1840 2158 1544
4866 2 2 1 16 2141 3623 2142
4867 2 2 1 16 2746 3582 507
4868 2 2 1 16 379 493 378
4869 2 2 1 16 2155 2162 2156
4870 2 2 1 16 1788 1840 1544
4871 2 2 1 16 2025 2426 1813
4872 2 2 1 16 701 2814 700
4873 2 2 1 16 1301 3674 2590
4874 2 2 1 16 2404 3310 2408
4875 2 2 1 16 1511 1695 1522
4876 2 2 1 16 1830 2735 1780
4877 2 2 1 16 1522 1913 1523
4878 2 2 1 16 1852 2155 1854
4879 2 2 1 16 683 684 681
4880 2 2 1 16 887 1030 885
4881 2 2 1 16 865 1476 1475
4882 2 2 1 16 895 896 891
4883 2 2 1 16 1743 1991 1604
4884 2 2 1 16 2732 3143 2316
4885 2 2 1 16 1762 2998 1761
4886 2 2 1 16 678 3584 2708
4887 2 2 1 16 614 3432 2844
4888 2 2 1 16 1511 1522 1512
4889 2 2 1 16 1550 1902 1513
4890 2 2 1 16 981 2917 1155
4891 2 2 1 16 2077 3123 1994
4892 2 2 1 16 1235 3041 1233
4893 2 2 1 16 1081 1528 896
4894 2 2 1 16 607 608 605
4895 2 2 1 16 1336 1339 1338
4896 2 2 1 16 525 2830 208
4897 2 2 1 16 2013 2235 2012
4898 2 2 1 16 718 3012 715
4899 2 2 1 16 2193 3195 2250
4900 2 2 1 16 1470 2829 1107
4901 2 2 1 16 2282 3265 2626
4902 2 2 1 16 2067 2068 1712
4903 2 2 1 16 1320 2925 1457
4904 2 2 1 16 1946 1949 1948
4905 2 2 1 16 3486 3557 2888
4906 2 2 1 16 1434 2783 1168
4907 2 2 1 16 1531 1575 1530
4908 2 2 1 16 207 2830 494
4909 2 2 1 16 772 2897 1091
4910 2 2 1 16 1520 3653 1519
4911 2 2 1 16 1398 3056 1850
4912 2 2 1 16 1519 3317 1185
4913 2 2 1 16 2116 3585 2804
4914 2 2 1 16 1476 1478 1477
4915 2 2 1 16 1913 2807 1523
4916 2 2 1 16 975 3087 974
4917 2 2 1 16 1253 1442 1251
4918 2 2 1 16 1854 3028 1158
4919 2 2 1 16 1114 1499 1498
4920 2 2 1 16 1746 2280 2028
4921 2 2 1 16 1850 2012 1737
4922 2 2 1 16 602 3102 600
4923 2 2 1 16 1478 1481 1479
4924 2 2 1 16 1481 1510 1482
4925 2 2 1 16 519 3246 390
4926 2 2 1 16 1131 1142 1132
4927 2 2 1 16 786 2898 2897
4928 2 2 1 16 248 3157 479
4929 2 2 1 16 1529 1530 1528
4930 2 2 1 16 1786 2945 1827
4931 2 2 1 16 981 1155 1154
4932 2 2 1 16 1954 2942 1308
4933 2 2 1 16 1142 1144 1143
4934 2 2 1 16 1183 3014 881
4935 2 2 1 16 1245 1637 1495
4936 2 2 1 16 389 3246 440
4937 2 2 1 16 1704 1705 1366
4938 2 2 1 16 1722 1848 1721
4939 2 2 1 16 782 1642 1518
4940 2 2 1 16 403 3293 448
4941 2 2 1 16 1125 3332 1127
4942 2 2 1 16 1816 3267 2760
4943 2 2 1 16 1256 3057 1416
4944 2 2 1 16 1128 1131 1130
4945 2 2 1 16 1445 2963 1587
4946 2 2 1 16 2001 2862 1998
4947 2 2 1 16 925 2828 924
4948 2 2 1 16 2007 3185 3031
4949 2 2 1 16 1914 1915 1877
4950 2 2 1 16 2357 3479 2095
4951 2 2 1 16 1381 3073 1383
4952 2 2 1 16 1317 2925 1320
4953 2 2 1 16 1786 1797 1232
4954 2 2 1 16 476 2823 56
4955 2 2 1 16 1591 3039 1374
4956 2 2 1 16 1196 1932 1080
4957 2 2 1 16 1063 1506 1061
4958 2 2 1 16 2384 3169 1220
4959 2 2 1 16 2064 2065 1935
4960 2 2 1 16 935 3020 934
4961 2 2 1 16 956 3024 953
4962 2 2 1 16 1724 2993 1722
4963 2 2 1 16 1886 1888 1887
4964 2 2 1 16 1499 1808 1807
4965 2 2 1 16 1059 1122 1057
4966 2 2 1 16 1242 1618 1243
4967 2 2 1 16 1155 1242 1156
4968 2 2 1 16 2046 2171 1711
4969 2 2 1 16 834 2883 1290
4970 2 2 1 16 2901 3217 2009
4971 2 2 1 16 919 1065 918
4972 2 2 1 16 760 1595 1494
4973 2 2 1 16 865 1475 854
4974 2 2 1 16 3216 3683 2098
4975 2 2 1 16 1119 2100 902
4976 2 2 1 16 647 3059 622
4977 2 2 1 16 1091 2879 770
4978 2 2 1 16 2545 3386 498
4979 2 2 1 16 2125 2126 2124
4980 2 2 1 16 1266 3081 1428
4981 2 2 1 16 1246 3078 1646
4982 2 2 1 16 2516 3183 2518
4983 2 2 1 16 1858 2169 1859
4984 2 2 1 16 1489 1734 1733
4985 2 2 1 16 1374 1376 1375
4986 2 2 1 16 2879 3257 1776
4987 2 2 1 16 2009 3572 2903
4988 2 2 1 16 1809 1942 1808
4989 2 2 1 16 2123 2956 1021
4990 2 2 1 16 1526 1711 1525
4991 2 2 1 16 1214 2124 2123
4992 2 2 1 16 2241 2242 2126
4993 2 2 1 16 860 3061 855
4994 2 2 1 16 3130 3254 980
4995 2 2 1 16 2481 2482 1781
4996 2 2 1 16 797 3067 2791
4997 2 2 1 16 1512 3021 1482
4998 2 2 1 16 1502 1886 1885
4999 2 2 1 16 204 2839 484
5000 2 2 1 16 1888 2010 1889
5001 2 2 1 16 1734 2078 2059
5002 2 2 1 16 1995 3074 1732
5003 2 2 1 16 1314 2964 1315
5004 2 2 1 16 661 1182 659
5005 2 2 1 16 721 3009 720
5006 2 2 1 16 149 3126 148
5007 2 2 1 16 695 696 694
5008 2 2 1 16 809 3038 805
5009 2 2 1 16 782 1518 767
5010 2 2 1 16 484 2840 203
5011 2 2 1 16 786 2897 780
5012 2 2 1 16 2078 2353 2079
5013 2 2 1 16 1799 2053 1765
5014 2 2 1 16 1326 1330 1327
5015 2 2 1 16 202 2840 526
5016 2 2 1 16 866 1193 845
5017 2 2 1 16 2764 3145 477
5018 2 2 1 16 1492 3486 1576
5019 2 2 1 16 1298 3146 1354
5020 2 2 1 16 1899 2914 1898
5021 2 2 1 16 1144 1167 1145
5022 2 2 1 16 985 2917 982
5023 2 2 1 16 1146 1247 1197
5024 2 2 1 16 755 3072 744
5025 2 2 1 16 665 666 663
5026 2 2 1 16 1001 1120 999
5027 2 2 1 16 1489 2043 1734
5028 2 2 1 16 760 1494 750
5029 2 2 1 16 2859 3527 533
5030 2 2 1 16 464 2845 198
5031 2 2 1 16 1693 3085 1472
5032 2 2 1 16 1886 2440 1888
5033 2 2 1 16 2149 3079 1494
5034 2 2 1 16 1167 1434 1168
5035 2 2 1 16 197 2845 529
5036 2 2 1 16 715 3012 714
5037 2 2 1 16 1201 1203 1202
5038 2 2 1 16 839 3067 797
5039 2 2 1 16 1075 1878 908
5040 2 2 1 16 2665 3509 833
5041 2 2 1 16 1943 1944 1942
5042 2 2 1 16 2669 3637 487
5043 2 2 1 16 2249 2532 1995
5044 2 2 1 16 529 2847 196
5045 2 2 1 16 1082 3256 1241
5046 2 2 1 16 668 1945 666
5047 2 2 1 16 1746 2028 2027
5048 2 2 1 16 1761 2268 1759
5049 2 2 1 16 1830 3050 2735
5050 2 2 1 16 195 2847 455
5051 2 2 1 16 1922 3631 2764
5052 2 2 1 16 2184 2185 1944
5053 2 2 1 16 1757 2070 1693
5054 2 2 1 16 657 1569 655
5055 2 2 1 16 455 2849 194
5056 2 2 1 16 1882 3349 1880
5057 2 2 1 16 2939 3328 401
5058 2 2 1 16 1708 1936 1897
5059 2 2 1 16 1986 2160 2057
5060 2 2 1 16 1080 3061 860
5061 2 2 1 16 193 2849 530
5062 2 2 1 16 909 1075 908
5063 2 2 1 16 2490 3358 2488
5064 2 2 1 16 2200 2772 1939
5065 2 2 1 16 1247 1503 1502
5066 2 2 1 16 1425 3071 1281
5067 2 2 1 16 1801 3146 1296
5068 2 2 1 16 679 680 677
5069 2 2 1 16 1732 3074 1730
5070 2 2 1 16 2028 2372 2371
5071 2 2 1 16 454 2850 189
5072 2 2 1 16 759 3075 753
5073 2 2 1 16 974 2748 971
5074 2 2 1 16 1679 2928 2090
5075 2 2 1 16 188 2850 531
5076 2 2 1 16 799 846 845
5077 2 2 1 16 2623 3317 1519
5078 2 2 1 16 730 1908 1855
5079 2 2 1 16 1911 3205 1912
5080 2 2 1 16 1245 1495 1276
5081 2 2 1 16 2863 3268 2026
5082 2 2 1 16 2686 2888 1831
5083 2 2 1 16 1243 1245 1244
5084 2 2 1 16 1542 2890 1278
5085 2 2 1 16 1646 1884 1521
5086 2 2 1 16 1472 3085 1215
5087 2 2 1 16 2750 3469 2109
5088 2 2 1 16 2053 2998 1765
5089 2 2 1 16 1911 1912 1716
5090 2 2 1 16 1823 2949 1561
5091 2 2 1 16 1901 2177 1705
5092 2 2 1 16 185 2852 449
5093 2 2 1 16 1269 2904 1148
5094 2 2 1 16 903 1119 902
5095 2 2 1 16 981 1154 978
5096 2 2 1 16 2520 3661 2336
5097 2 2 1 16 531 2851 187
5098 2 2 1 16 64 3145 63
5099 2 2 1 16 596 606 594
5100 2 2 1 16 1773 3284 1270
5101 2 2 1 16 1703 1704 1366
5102 2 2 1 16 970 2947 967
5103 2 2 1 16 495 2855 175
5104 2 2 1 16 2310 3710 3225
5105 2 2 1 16 966 1099 994
5106 2 2 1 16 174 2855 532
5107 2 2 1 16 1495 1728 1727
5108 2 2 1 16 697 3056 696
5109 2 2 1 16 532 2856 173
5110 2 2 1 16 1729 2031 1618
5111 2 2 1 16 172 2856 445
5112 2 2 1 16 1879 1880 1878
5113 2 2 1 16 400 3328 491
5114 2 2 1 16 2851 2852 186
5115 2 2 1 16 730 1855 724
5116 2 2 1 16 499 3446 2736
5117 2 2 1 16 2115 3485 2719
5118 2 2 1 16 497 2857 168
5119 2 2 1 16 167 2857 534
5120 2 2 1 16 1559 2949 2765
5121 2 2 1 16 57 2874 476
5122 2 2 1 16 2793 2984 523
5123 2 2 1 16 897 1081 896
5124 2 2 1 16 439 2859 164
5125 2 2 1 16 163 2859 533
5126 2 2 1 16 741 3079 737
5127 2 2 1 16 2230 3554 2231
5128 2 2 1 16 675 676 673
5129 2 2 1 16 1881 1882 1880
5130 2 2 1 16 533 2858 162
5131 2 2 1 16 1142 1147 1144
5132 2 2 1 16 446 2854 178
5133 2 2 1 16 1672 3099 2642
5134 2 2 1 16 161 2858 465
5135 2 2 1 16 915 3023 914
5136 2 2 1 16 1393 1860 1493
5137 2 2 1 16 1099 1393 1173
5138 2 2 1 16 425 3321 2726
5139 2 2 1 16 1376 1544 1378
5140 2 2 1 16 2454 2978 1392
5141 2 2 1 16 465 2860 160
5142 2 2 1 16 1274 3179 2935
5143 2 2 1 16 720 1121 718
5144 2 2 1 16 953 3024 952
5145 2 2 1 16 1065 1162 918
5146 2 2 1 16 720 1123 1121
5147 2 2 1 16 159 2860 535
5148 2 2 1 16 2723 3473 460
5149 2 2 1 16 712 3028 709
5150 2 2 1 16 1079 3548 2433
5151 2 2 1 16 1203 1438 1222
5152 2 2 1 16 1858 1859 1503
5153 2 2 1 16 1342 1360 1350
5154 2 2 1 16 671 672 669
5155 2 2 1 16 419 3390 418
5156 2 2 1 16 535 2861 158
5157 2 2 1 16 1146 1197 1138
5158 2 2 1 16 950 3086 947
5159 2 2 1 16 1476 1477 1475
5160 2 2 1 16 1969 3163 1963
5161 2 2 1 16 962 2960 959
5162 2 2 1 16 709 3028 708
5163 2 2 1 16 1883 1893 1882
5164 2 2 1 16 157 2861 438
5165 2 2 1 16 991 3670 3525
5166 2 2 1 16 1532 1712 1531
5167 2 2 1 16 1711 2007 1525
5168 2 2 1 16 714 1158 712
5169 2 2 1 16 2745 3293 404
5170 2 2 1 16 1827 2150 1797
5171 2 2 1 16 1127 1129 1128
5172 2 2 1 16 708 2808 705
5173 2 2 1 16 1478 1479 1477
5174 2 2 1 16 2244 2245 2150
5175 2 2 1 16 1167 1571 1434
5176 2 2 1 16 2920 3566 2005
5177 2 2 1 16 958 1496 1153
5178 2 2 1 16 704 2814 701
5179 2 2 1 16 1079 3475 861
5180 2 2 1 16 1946 1947 1945
5181 2 2 1 16 792 799 798
5182 2 2 1 16 1510 1511 1482
5183 2 2 1 16 1481 1482 1479
5184 2 2 1 16 1713 2067 1712
5185 2 2 1 16 1845 2948 1552
5186 2 2 1 16 1125 1127 1126
5187 2 2 1 16 854 3067 839
5188 2 2 1 16 946 2797 943
5189 2 2 1 16 2673 3500 2427
5190 2 2 1 16 1351 3042 1369
5191 2 2 1 16 714 1851 1158
5192 2 2 1 16 966 994 964
5193 2 2 1 16 2152 3269 2151
5194 2 2 1 16 1936 1938 1937
5195 2 2 1 16 1948 2129 1947
5196 2 2 1 16 2081 3202 2080
5197 2 2 1 16 1642 2097 1518
5198 2 2 1 16 1376 3039 1788
5199 2 2 1 16 816 2930 863
5200 2 2 1 16 929 3037 928
5201 2 2 1 16 1123 1125 1124
5202 2 2 1 16 1647 2087 2086
5203 2 2 1 16 1749 3666 2759
5204 2 2 1 16 934 1163 932
5205 2 2 1 16 1436 1919 1623
5206 2 2 1 16 3341 3342 2469
5207 2 2 1 16 2974 3344 2526
5208 2 2 1 16 378 3010 377
5209 2 2 1 16 685 1068 684
5210 2 2 1 16 1496 2116 1900
5211 2 2 1 16 1136 1139 1134
5212 2 2 1 16 958 1153 956
5213 2 2 1 16 2710 3272 3018
5214 2 2 1 16 2376 3230 2446
5215 2 2 1 16 1595 1596 1494
5216 2 2 1 16 2677 3348 1330
5217 2 2 1 16 3510 3658 2430
5218 2 2 1 16 2074 3518 2523
5219 2 2 1 16 952 1856 1160
5220 2 2 1 16 857 2961 1226
5221 2 2 1 16 952 1160 950
5222 2 2 1 16 1571 2030 1630
5223 2 2 1 16 2348 3464 2347
5224 2 2 1 16 113 3262 112
5225 2 2 1 16 2823 2824 527
5226 2 2 1 16 585 3521 858
5227 2 2 1 16 3360 3392 3052
5228 2 2 1 16 1315 2964 2925
5229 2 2 1 16 440 3319 388
5230 2 2 1 16 3254 3361 963
5231 2 2 1 16 1192 1524 1162
5232 2 2 1 16 2630 3406 470
5233 2 2 1 16 1628 3665 2157
5234 2 2 1 16 2038 3548 2683
5235 2 2 1 16 1184 3105 1424
5236 2 2 1 16 2741 3224 1775
5237 2 2 1 16 2573 2581 2268
5238 2 2 1 16 2595 3430 2596
5239 2 2 1 16 790 792 791
5240 2 2 1 16 2092 3420 2050
5241 2 2 1 16 946 2798 2797
5242 2 2 1 16 1851 2120 1852
5243 2 2 1 16 2128 3356 2742
5244 2 2 1 16 1938 2200 1939
5245 2 2 1 16 1358 1366 1348
5246 2 2 1 16 2438 3579 2441
5247 2 2 1 16 3025 3674 1970
5248 2 2 1 16 466 2868 152
5249 2 2 1 16 3402 3512 2075
5250 2 2 1 16 1361 1409 1363
5251 2 2 1 16 2678 3626 2756
5252 2 2 1 16 1226 2961 1539
5253 2 2 1 16 966 2947 1099
5254 2 2 1 16 2804 3585 1787
5255 2 2 1 16 691 3055 690
5256 2 2 1 16 2773 3032 2183
5257 2 2 1 16 1728 2937 1727
5258 2 2 1 16 399 3127 398
5259 2 2 1 16 1290 2961 857
5260 2 2 1 16 528 2874 58
5261 2 2 1 16 1214 3035 2125
5262 2 2 1 16 2684 3262 2685
5263 2 2 1 16 2219 2842 2503
5264 2 2 1 16 1601 3170 1871
5265 2 2 1 16 947 3086 946
5266 2 2 1 16 696 1221 694
5267 2 2 1 16 132 3175 131
5268 2 2 1 16 151 2868 537
5269 2 2 1 16 791 3150 789
5270 2 2 1 16 31 3131 447
5271 2 2 1 16 2695 3236 3174
5272 2 2 1 16 1581 3107 1626
5273 2 2 1 16 928 2828 925
5274 2 2 1 16 1155 1156 1154
5275 2 2 1 16 619 621 620
5276 2 2 1 16 788 790 789
5277 2 2 1 16 608 1905 605
5278 2 2 1 16 2085 3466 3112
5279 2 2 1 16 537 2870 150
5280 2 2 1 16 1242 1243 1156
5281 2 2 1 16 1013 3283 1012
5282 2 2 1 16 1081 1529 1528
5283 2 2 1 16 222 3197 221
5284 2 2 1 16 2685 3641 2273
5285 2 2 1 16 87 3181 86
5286 2 2 1 16 2169 2234 1859
5287 2 2 1 16 2194 3002 1892
5288 2 2 1 16 2445 3705 2283
5289 2 2 1 16 1352 2964 1314
5290 2 2 1 16 1247 1502 1197
5291 2 2 1 16 1908 2172 1855
5292 2 2 1 16 1164 1386 1163
5293 2 2 1 16 990 3258 989
5294 2 2 1 16 496 3065 181
5295 2 2 1 16 1339 1348 1340
5296 2 2 1 16 1068 1165 684
5297 2 2 1 16 837 3692 2563
5298 2 2 1 16 1515 3611 1161
5299 2 2 1 16 1851 1852 1158
5300 2 2 1 16 1387 1664 1386
5301 2 2 1 16 1665 2034 1664
5302 2 2 1 16 621 788 766
5303 2 2 1 16 3261 3367 2319
5304 2 2 1 16 1529 1531 1530
5305 2 2 1 16 23 3201 2967
5306 2 2 1 16 1398 1399 1221
5307 2 2 1 16 2000 3701 2195
5308 2 2 1 16 681 2905 680
5309 2 2 1 16 1952 3248 2603
5310 2 2 1 16 1442 3041 1251
5311 2 2 1 16 3399 3540 2047
5312 2 2 1 16 1737 1833 1399
5313 2 2 1 16 177 3180 176
5314 2 2 1 16 932 3037 929
5315 2 2 1 16 934 1164 1163
5316 2 2 1 16 1099 1173 994
5317 2 2 1 16 437 2875 147
5318 2 2 1 16 1393 1493 1173
5319 2 2 1 16 1119 2101 2100
5320 2 2 1 16 146 2875 538
5321 2 2 1 16 1123 1124 1121
5322 2 2 1 16 1496 1900 1153
5323 2 2 1 16 2452 3573 2532
5324 2 2 1 16 1246 1500 1239
5325 2 2 1 16 1860 1990 1493
5326 2 2 1 16 408 3450 407
5327 2 2 1 16 2131 3214 2132
5328 2 2 1 16 2653 3480 1870
5329 2 2 1 16 1521 1685 1500
5330 2 2 1 16 1127 1128 1126
5331 2 2 1 16 442 3226 2977
5332 2 2 1 16 407 3455 406
5333 2 2 1 16 2862 2985 1997
5334 2 2 1 16 2641 3547 3313
5335 2 2 1 16 467 2878 143
5336 2 2 1 16 539 2876 141
5337 2 2 1 16 190 3040 454
5338 2 2 1 16 2876 2877 140
5339 2 2 1 16 387 3319 521
5340 2 2 1 16 1075 1879 1878
5341 2 2 1 16 142 2878 539
5342 2 2 1 16 2116 2803 1900
5343 2 2 1 16 1125 1126 1124
5344 2 2 1 16 1841 3323 2940
5345 2 2 1 16 1201 1516 1203
5346 2 2 1 16 139 2877 436
5347 2 2 1 16 1076 3467 2592
5348 2 2 1 16 1710 3496 2073
5349 2 2 1 16 1509 3259 1895
5350 2 2 1 16 460 3473 413
5351 2 2 1 16 1587 2963 1824
5352 2 2 1 16 436 2881 138
5353 2 2 1 16 1164 1387 1386
5354 2 2 1 16 1065 1192 1162
5355 2 2 1 16 1960 3570 1658
5356 2 2 1 16 2912 3287 1900
5357 2 2 1 16 137 2881 540
5358 2 2 1 16 502 3205 2279
5359 2 2 1 16 1879 1881 1880
5360 2 2 1 16 540 2880 136
5361 2 2 1 16 2783 2994 1170
5362 2 2 1 16 1387 1665 1664
5363 2 2 1 16 590 739 588
5364 2 2 1 16 135 2880 468
5365 2 2 1 16 468 2885 134
5366 2 2 1 16 133 2885 541
5367 2 2 1 16 1438 3159 1439
5368 2 2 1 16 1479 3021 2055
5369 2 2 1 16 2622 3607 2955
5370 2 2 1 16 1881 1883 1882
5371 2 2 1 16 170 3316 169
5372 2 2 1 16 1956 3340 1957
5373 2 2 1 16 1192 1525 1524
5374 2 2 1 16 59 2873 528
5375 2 2 1 16 938 3020 935
5376 2 2 1 16 612 794 610
5377 2 2 1 16 1552 2948 1553
5378 2 2 1 16 2969 3671 2365
5379 2 2 1 16 13 3607 503
5380 2 2 1 16 1335 2954 1336
5381 2 2 1 16 420 3537 419
5382 2 2 1 16 435 2886 129
5383 2 2 1 16 2819 3162 1715
5384 2 2 1 16 1166 1239 1165
5385 2 2 1 16 128 2886 542
5386 2 2 1 16 1644 3152 1701
5387 2 2 1 16 1571 1630 1434
5388 2 2 1 16 542 2889 127
5389 2 2 1 16 2035 3295 2036
5390 2 2 1 16 126 2889 469
5391 2 2 1 16 1611 2972 1452
5392 2 2 1 16 40 3415 39
5393 2 2 1 16 667 668 666
5394 2 2 1 16 1378 2965 2675
5395 2 2 1 16 1398 1737 1399
5396 2 2 1 16 858 3521 3334
5397 2 2 1 16 2030 2063 1630
5398 2 2 1 16 1131 3060 1142
5399 2 2 1 16 3505 3584 2067
5400 2 2 1 16 2147 3192 1960
5401 2 2 1 16 696 1398 1221
5402 2 2 1 16 958 2960 1496
5403 2 2 1 16 2229 3554 2230
5404 2 2 1 16 918 3023 915
5405 2 2 1 16 2530 3091 2531
5406 2 2 1 16 434 2891 120
5407 2 2 1 16 1959 3209 2147
5408 2 2 1 16 119 2891 544
5409 2 2 1 16 1861 3160 2619
5410 2 2 1 16 1211 2976 1385
5411 2 2 1 16 2231 3689 2579
5412 2 2 1 16 544 2892 118
5413 2 2 1 16 117 2892 470
5414 2 2 1 16 2686 3486 2888
5415 2 2 1 16 470 2894 116
5416 2 2 1 16 392 3173 391
5417 2 2 1 16 2845 2846 529
5418 2 2 1 16 115 2894 545
5419 2 2 1 16 1372 1487 1486
5420 2 2 1 16 1704 1901 1705
5421 2 2 1 16 1722 2993 1848
5422 2 2 1 16 393 3414 492
5423 2 2 1 16 1761 2998 2573
5424 2 2 1 16 2901 2903 104
5425 2 2 1 16 487 3637 27
5426 2 2 1 16 1383 3073 1812
5427 2 2 1 16 2320 3046 1797
5428 2 2 1 16 2768 3070 3069
5429 2 2 1 16 546 2901 105
5430 2 2 1 16 433 2895 111
5431 2 2 1 16 1598 3001 1549
5432 2 2 1 16 25 3535 452
5433 2 2 1 16 1339 2954 1358
5434 2 2 1 16 600 3102 1217
5435 2 2 1 16 110 2895 547
5436 2 2 1 16 547 2896 109
5437 2 2 1 16 346 564 345
5438 2 2 1 16 863 2930 1634
5439 2 2 1 16 1921 3039 1591
5440 2 2 1 16 108 2896 471
5441 2 2 1 16 769 3235 771
5442 2 2 1 16 471 2899 107
5443 2 2 1 16 2756 3626 2787
5444 2 2 1 16 103 2903 432
5445 2 2 1 16 106 2899 546
5446 2 2 1 16 3470 3626 2678
5447 2 2 1 16 1488 1535 1534
5448 2 2 1 16 1857 3176 2271
5449 2 2 1 16 1493 3049 1787
5450 2 2 1 16 1296 3146 1298
5451 2 2 1 16 1901 2781 2177
5452 2 2 1 16 2941 3465 2758
5453 2 2 1 16 1246 1521 1500
5454 2 2 1 16 85 2907 430
5455 2 2 1 16 2414 3354 3126
5456 2 2 1 16 2052 3449 1816
5457 2 2 1 16 1812 3168 1418
5458 2 2 1 16 682 3694 3221
5459 2 2 1 16 2649 3455 2650
5460 2 2 1 16 377 558 376
5461 2 2 1 16 1708 2188 1936
5462 2 2 1 16 867 1157 866
5463 2 2 1 16 1621 1876 1875
5464 2 2 1 16 2915 3211 2577
5465 2 2 1 16 673 2946 672
5466 2 2 1 16 2267 2948 1845
5467 2 2 1 16 800 3150 791
5468 2 2 1 16 3159 3693 2188
5469 2 2 1 16 1569 3059 655
5470 2 2 1 16 2591 3167 2616
5471 2 2 1 16 921 2988 919
5472 2 2 1 16 45 3482 441
5473 2 2 1 16 694 3055 691
5474 2 2 1 16 1364 3577 1709
5475 2 2 1 16 2055 3298 1477
5476 2 2 1 16 1807 3280 1498
5477 2 2 1 16 427 2873 60
5478 2 2 1 16 1928 3013 2227
5479 2 2 1 16 435 3622 2682
5480 2 2 1 16 700 3056 697
5481 2 2 1 16 2624 3671 1622
5482 2 2 1 16 473 2906 89
5483 2 2 1 16 431 3048 93
5484 2 2 1 16 88 2906 551
5485 2 2 1 16 92 3048 550
5486 2 2 1 16 605 3102 602
5487 2 2 1 16 1951 2303 1950
5488 2 2 1 16 430 2908 84
5489 2 2 1 16 1166 1246 1239
5490 2 2 1 16 1626 3107 1806
5491 2 2 1 16 83 2908 552
5492 2 2 1 16 242 3426 4
5493 2 2 1 16 2696 3369 1484
5494 2 2 1 16 2342 3534 3083
5495 2 2 1 16 552 2909 82
5496 2 2 1 16 2009 3217 2008
5497 2 2 1 16 81 2909 474
5498 2 2 1 16 1855 3009 724
5499 2 2 1 16 474 2910 80
5500 2 2 1 16 836 3509 850
5501 2 2 1 16 79 2910 553
5502 2 2 1 16 2481 3517 2572
5503 2 2 1 16 575 576 574
5504 2 2 1 16 680 3511 2425
5505 2 2 1 16 553 2911 78
5506 2 2 1 16 2059 3559 2805
5507 2 2 1 16 1949 1950 1948
5508 2 2 1 16 77 2911 429
5509 2 2 1 16 2036 3016 2798
5510 2 2 1 16 6 3448 263
5511 2 2 1 16 1604 3019 1550
5512 2 2 1 16 429 2913 76
5513 2 2 1 16 1322 3015 1323
5514 2 2 1 16 1685 2959 1500
5515 2 2 1 16 75 2913 555
5516 2 2 1 16 2315 3453 2317
5517 2 2 1 16 1017 3035 1019
5518 2 2 1 16 1170 2994 1172
5519 2 2 1 16 3124 3609 2048
5520 2 2 1 16 1977 3174 1976
5521 2 2 1 16 911 3000 909
5522 2 2 1 16 3326 3474 2480
5523 2 2 1 16 475 2919 72
5524 2 2 1 16 61 2916 427
5525 2 2 1 16 1323 3015 1326
5526 2 2 1 16 557 2916 62
5527 2 2 1 16 71 2919 554
5528 2 2 1 16 2353 3612 968
5529 2 2 1 16 549 3398 2780
5530 2 2 1 16 2811 3604 2119
5531 2 2 1 16 554 2918 70
5532 2 2 1 16 2504 2671 2215
5533 2 2 1 16 67 2921 556
5534 2 2 1 16 69 2918 428
5535 2 2 1 16 374 3095 373
5536 2 2 1 16 2285 3110 2284
5537 2 2 1 16 428 2921 68
5538 2 2 1 16 739 3222 2922
5539 2 2 1 16 1872 3228 2438
5540 2 2 1 16 122 3447 2836
5541 2 2 1 16 885 3017 883
5542 2 2 1 16 1130 3425 1126
5543 2 2 1 16 1068 1166 1165
5544 2 2 1 16 176 3180 495
5545 2 2 1 16 2870 3126 149
5546 2 2 1 16 1121 3012 718
5547 2 2 1 16 2044 3488 3259
5548 2 2 1 16 905 3006 903
5549 2 2 1 16 1418 3168 1581
5550 2 2 1 16 1374 3039 1376
5551 2 2 1 16 1781 3071 1425
5552 2 2 1 16 687 2996 685
5553 2 2 1 16 2232 3247 1987
5554 2 2 1 16 148 3126 437
5555 2 2 1 16 899 3008 897
5556 2 2 1 16 2854 3180 177
5557 2 2 1 16 2477 3686 3391
5558 2 2 1 16 1271 3179 1274
5559 2 2 1 16 668 1946 1945
5560 2 2 1 16 1843 3078 1166
5561 2 2 1 16 919 2988 1065
5562 2 2 1 16 2602 3206 2603
5563 2 2 1 16 2848 3569 1863
5564 2 2 1 16 692 3543 1076
5565 2 2 1 16 619 620 617
5566 2 2 1 16 938 3556 2752
5567 2 2 1 16 684 2905 681
5568 2 2 1 16 2805 3345 2029
5569 2 2 1 16 767 3075 759
5570 2 2 1 16 522 3482 46
5571 2 2 1 16 637 3210 2089
5572 2 2 1 16 846 866 845
5573 2 2 1 16 2532 3074 1995
5574 2 2 1 16 891 3018 889
5575 2 2 1 16 2602 3657 3184
5576 2 2 1 16 750 3079 741
5577 2 2 1 16 1573 3346 2198
5578 2 2 1 16 1871 3170 2950
5579 2 2 1 16 2935 3179 2049
5580 2 2 1 16 2600 3693 3159
5581 2 2 1 16 999 3054 997
5582 2 2 1 16 1153 3024 956
5583 2 2 1 16 1932 3061 1080
5584 2 2 1 16 1134 3068 1129
5585 2 2 1 16 1924 3047 1926
5586 2 2 1 16 1892 3002 2431
5587 2 2 1 16 2560 3200 936
5588 2 2 1 16 2335 3190 2336
5589 2 2 1 16 2511 3690 2103
5590 2 2 1 16 451 3147 3143
5591 2 2 1 16 3201 3320 2422
5592 2 2 1 16 1575 3043 1986
5593 2 2 1 16 2070 3085 1693
5594 2 2 1 16 1683 3644 3643
5595 2 2 1 16 663 3036 661
5596 2 2 1 16 3184 3206 2602
5597 2 2 1 16 95 3389 94
5598 2 2 1 16 1360 2980 1361
5599 2 2 1 16 1216 3045 1474
5600 2 2 1 16 2555 3507 550
5601 2 2 1 16 473 3507 2555
5602 2 2 1 16 2744 3414 394
5603 2 2 1 16 1946 1948 1947
5604 2 2 1 16 2446 3230 2979
5605 2 2 1 16 645 3227 3167
5606 2 2 1 16 1938 2991 2200
5607 2 2 1 16 1452 2972 1453
5608 2 2 1 16 804 3603 1179
5609 2 2 1 16 2139 3564 2054
5610 2 2 1 16 1894 3015 1322
5611 2 2 1 16 1160 3086 950
5612 2 2 1 16 2068 3584 3401
5613 2 2 1 16 586 1159 584
5614 2 2 1 16 2336 3245 2334
5615 2 2 1 16 1232 3046 1063
5616 2 2 1 16 2189 3193 1808
5617 2 2 1 16 412 3473 2724
5618 2 2 1 16 2995 3199 892
5619 2 2 1 16 2122 3371 2121
5620 2 2 1 16 371 3113 370
5621 2 2 1 16 1660 3323 1841
5622 2 2 1 16 1336 2954 1339
5623 2 2 1 16 523 3552 3321
5624 2 2 1 16 2158 2965 1544
5625 2 2 1 16 2147 3499 3192
5626 2 2 1 16 1910 3212 2571
5627 2 2 1 16 113 3685 3262
5628 2 2 1 16 2395 3605 1904
5629 2 2 1 16 1499 3187 1809
5630 2 2 1 16 1751 3580 2576
5631 2 2 1 16 1475 3067 854
5632 2 2 1 16 1205 3660 1470
5633 2 2 1 16 909 3000 1075
5634 2 2 1 16 436 2882 2881
5635 2 2 1 16 2577 3211 2041
5636 2 2 1 16 1061 3053 1059
5637 2 2 1 16 2187 3169 1883
5638 2 2 1 16 541 3175 132
5639 2 2 1 16 2812 3312 1817
5640 2 2 1 16 3046 3305 1506
5641 2 2 1 16 2257 3659 2975
5642 2 2 1 16 659 3051 657
5643 2 2 1 16 1158 3028 712
5644 2 2 1 16 2210 2971 2208
5645 2 2 1 16 735 3302 738
5646 2 2 1 16 978 3087 975
5647 2 2 1 16 63 3145 557
5648 2 2 1 16 477 3145 64
5649 2 2 1 16 2434 3577 1353
5650 2 2 1 16 200 3452 199
5651 2 2 1 16 376 3094 375
5652 2 2 1 16 1529 3294 1532
5653 2 2 1 16 1787 3489 1173
5654 2 2 1 16 1415 3029 1414
5655 2 2 1 16 2114 3001 1721
5656 2 2 1 16 2540 3653 3495
5657 2 2 1 16 523 3321 383
5658 2 2 1 16 2585 3630 525
5659 2 2 1 16 2728 3412 665
5660 2 2 1 16 903 3006 1119
5661 2 2 1 16 2431 2972 1611
5662 2 2 1 16 1825 3423 1589
5663 2 2 1 16 2855 3089 532
5664 2 2 1 16 86 3181 2907
5665 2 2 1 16 1544 2965 1378
5666 2 2 1 16 897 3008 1081
5667 2 2 1 16 1949 3400 1951
5668 2 2 1 16 2125 3373 2241
5669 2 2 1 16 2798 3016 2797
5670 2 2 1 16 720 3009 1123
5671 2 2 1 16 1535 1989 1670
5672 2 2 1 16 449 3124 184
5673 2 2 1 16 1633 3634 2295
5674 2 2 1 16 2731 3679 2154
5675 2 2 1 16 1043 3351 827
5676 2 2 1 16 1270 3284 3179
5677 2 2 1 16 1385 2976 1436
5678 2 2 1 16 1004 3472 1003
5679 2 2 1 16 551 3181 87
5680 2 2 1 16 2681 3307 1849
5681 2 2 1 16 2010 3144 1889
5682 2 2 1 16 2180 3328 2939
5683 2 2 1 16 2159 3338 2792
5684 2 2 1 16 1424 3105 1647
5685 2 2 1 16 1028 3594 3435
5686 2 2 1 16 1997 3066 1799
5687 2 2 1 16 2383 3329 1993
5688 2 2 1 16 799 845 798
5689 2 2 1 16 1414 3029 1702
5690 2 2 1 16 512 3569 2848
5691 2 2 1 16 1701 3152 2037
5692 2 2 1 16 347 3007 346
5693 2 2 1 16 934 3020 1164
5694 2 2 1 16 2612 3673 1956
5695 2 2 1 16 2130 3275 1947
5696 2 2 1 16 865 3106 1476
5697 2 2 1 16 685 2996 1068
5698 2 2 1 16 2662 3360 1440
5699 2 2 1 16 2835 3090 1920
5700 2 2 1 16 123 3447 122
5701 2 2 1 16 621 766 620
5702 2 2 1 16 2818 3035 1017
5703 2 2 1 16 1390 3345 1391
5704 2 2 1 16 2170 3084 2001
5705 2 2 1 16 2672 2673 2214
5706 2 2 1 16 1869 3635 2807
5707 2 2 1 16 2320 3305 3046
5708 2 2 1 16 714 3012 1851
5709 2 2 1 16 1721 3001 1598
5710 2 2 1 16 1863 3569 2026
5711 2 2 1 16 24 3201 23
5712 2 2 1 16 1946 3165 1949
5713 2 2 1 16 1003 3069 1001
5714 2 2 1 16 840 3325 838
5715 2 2 1 16 2798 3178 2036
5716 2 2 1 16 1773 3421 3284
5717 2 2 1 16 1841 3224 2741
5718 2 2 1 16 1549 3001 2639
5719 2 2 1 16 1489 3182 2043
5720 2 2 1 16 792 798 791
5721 2 2 1 16 1142 3060 1147
5722 2 2 1 16 2073 3496 3064
5723 2 2 1 16 1019 3035 1214
5724 2 2 1 16 1163 3037 932
5725 2 2 1 16 373 3096 372
5726 2 2 1 16 382 3321 425
5727 2 2 1 16 536 3223 154
5728 2 2 1 16 102 3219 101
5729 2 2 1 16 1740 3261 2319
5730 2 2 1 16 2690 3390 2691
5731 2 2 1 16 790 791 789
5732 2 2 1 16 984 3561 987
5733 2 2 1 16 1186 2985 2862
5734 2 2 1 16 510 3469 2750
5735 2 2 1 16 1759 3076 1757
5736 2 2 1 16 153 3223 466
5737 2 2 1 16 2138 3013 1928
5738 2 2 1 16 924 2988 921
5739 2 2 1 16 696 3056 1398
5740 2 2 1 16 1915 2997 1917
5741 2 2 1 16 1853 3419 2712
5742 2 2 1 16 1191 3182 1219
5743 2 2 1 16 1528 3018 896
5744 2 2 1 16 3106 3656 1480
5745 2 2 1 16 2985 3066 1997
5746 2 2 1 16 1871 3227 1870
5747 2 2 1 16 3071 3304 1435
5748 2 2 1 16 2019 3306 2020
5749 2 2 1 16 676 2946 673
5750 2 2 1 16 788 789 766
5751 2 2 1 16 2178 3231 3194
5752 2 2 1 16 1162 3023 918
5753 2 2 1 16 1393 3154 1860
5754 2 2 1 16 2840 3135 526
5755 2 2 1 16 952 3024 1856
5756 2 2 1 16 1563 3488 2775
5757 2 2 1 16 2825 3047 1924
5758 2 2 1 16 1193 3158 845
5759 2 2 1 16 2312 3368 2311
5760 2 2 1 16 2068 3103 1712
5761 2 2 1 16 201 3574 200
5762 2 2 1 16 1602 3480 2107
5763 2 2 1 16 1280 3263 1181
5764 2 2 1 16 2094 3354 2414
5765 2 2 1 16 980 3254 961
5766 2 2 1 16 1920 3090 1921
5767 2 2 1 16 1926 3047 2138
5768 2 2 1 16 2151 3424 2393
5769 2 2 1 16 1827 3393 2244
5770 2 2 1 16 1782 3118 1704
5771 2 2 1 16 154 3223 153
5772 2 2 1 16 461 3341 2782
5773 2 2 1 16 1482 3021 1479
5774 2 2 1 16 2253 3469 2549
5775 2 2 1 16 2719 2736 1909
5776 2 2 1 16 1889 3144 1891
5777 2 2 1 16 1439 3159 1708
5778 2 2 1 16 883 3017 1183
5779 2 2 1 16 1783 3082 1729
5780 2 2 1 16 2244 3235 2245
5781 2 2 1 16 1614 3666 1749
5782 2 2 1 16 2590 3674 3025
5783 2 2 1 16 1524 3031 1837
5784 2 2 1 16 3104 3684 1388
5785 2 2 1 16 1581 3168 3107
5786 2 2 1 16 1746 3045 2280
5787 2 2 1 16 914 3000 911
5788 2 2 1 16 1991 3019 1604
5789 2 2 1 16 1172 2994 1201
5790 2 2 1 16 1291 3326 1178
5791 2 2 1 16 1858 3203 2169
5792 2 2 1 16 1643 3281 1462
5793 2 2 1 16 497 3595 2619
5794 2 2 1 16 2176 3214 1645
5795 2 2 1 16 1245 3093 1637
5796 2 2 1 16 1550 3019 1902
5797 2 2 1 16 2100 3008 902
5798 2 2 1 16 2697 3543 692
5799 2 2 1 16 368 3134 367
5800 2 2 1 16 1873 3218 2693
5801 2 2 1 16 1728 3153 2937
5802 2 2 1 16 2940 3323 2153
5803 2 2 1 16 2740 3636 429
5804 2 2 1 16 1171 3654 1248
5805 2 2 1 16 2148 3614 2512
5806 2 2 1 16 2638 3494 2159
5807 2 2 1 16 375 444 374
5808 2 2 1 16 3286 3303 2816
5809 2 2 1 16 2214 2971 2210
5810 2 2 1 16 179 3277 446
5811 2 2 1 16 2512 3614 562
5812 2 2 1 16 2800 3172 2292
5813 2 2 1 16 908 3006 905
5814 2 2 1 16 1030 3017 885
5815 2 2 1 16 370 3114 369
5816 2 2 1 16 564 3137 2275
5817 2 2 1 16 432 3219 102
5818 2 2 1 16 1838 3210 2190
5819 2 2 1 16 3404 3553 2161
5820 2 2 1 16 2862 3084 1186
5821 2 2 1 16 902 3008 899
5822 2 2 1 16 101 3219 548
5823 2 2 1 16 798 3158 800
5824 2 2 1 16 2119 3658 2811
5825 2 2 1 16 690 2996 687
5826 2 2 1 16 1340 3098 1342
5827 2 2 1 16 1870 3480 1600
5828 2 2 1 16 2208 2971 2220
5829 2 2 1 16 1221 3055 694
5830 2 2 1 16 2007 3031 1525
5831 2 2 1 16 2527 3589 1179
5832 2 2 1 16 509 2261 260
5833 2 2 1 16 2042 3344 2974
5834 2 2 1 16 946 3086 2798
5835 2 2 1 16 1361 2980 1409
5836 2 2 1 16 2630 3366 2051
5837 2 2 1 16 2766 3447 543
5838 2 2 1 16 1878 3006 908
5839 2 2 1 16 1535 1670 1536
5840 2 2 1 16 364 3147 363
5841 2 2 1 16 2482 3071 1781
5842 2 2 1 16 1945 3036 666
5843 2 2 1 16 3471 3702 2670
5844 2 2 1 16 534 3296 166
5845 2 2 1 16 165 3296 439
5846 2 2 1 16 896 3018 891
5847 2 2 1 16 2031 3093 1618
5848 2 2 1 16 2908 3156 552
5849 2 2 1 16 1797 3046 1232
5850 2 2 1 16 2206 3026 2204
5851 2 2 1 16 1415 3314 3030
5852 2 2 1 16 1876 1914 1877
5853 2 2 1 16 1518 3075 767
5854 2 2 1 16 1048 3621 2653
5855 2 2 1 16 3641 3685 545
5856 2 2 1 16 1905 3102 605
5857 2 2 1 16 1063 3046 1506
5858 2 2 1 16 940 3377 2646
5859 2 2 1 16 1506 3053 1061
5860 2 2 1 16 2760 3267 1079
5861 2 2 1 16 588 3062 586
5862 2 2 1 16 1120 3054 999
5863 2 2 1 16 1494 3079 750
5864 2 2 1 16 989 3481 986
5865 2 2 1 16 39 3226 38
5866 2 2 1 16 1886 3092 2440
5867 2 2 1 16 1227 3314 1415
5868 2 2 1 16 1990 3049 1493
5869 2 2 1 16 995 3233 1054
5870 2 2 1 16 1059 3053 1122
5871 2 2 1 16 1474 3045 1746
5872 2 2 1 16 3273 3700 2392
5873 2 2 1 16 2261 3575 259
5874 2 2 1 16 2356 3649 2576
5875 2 2 1 16 1531 3103 1575
5876 2 2 1 16 1986 3043 2160
5877 2 2 1 16 1859 3092 1503
5878 2 2 1 16 1219 3182 1489
5879 2 2 1 16 1165 2905 684
5880 2 2 1 16 1663 3271 2069
5881 2 2 1 16 740 3359 747
5882 2 2 1 16 2891 3578 2286
5883 2 2 1 16 3285 3504 2013
5884 2 2 1 16 2555 3499 473
5885 2 2 1 16 2069 3203 1858
5886 2 2 1 16 1740 3417 3261
5887 2 2 1 16 1511 3268 1695
5888 2 2 1 16 2490 3684 3104
5889 2 2 1 16 2989 3253 801
5890 2 2 1 16 1815 3154 1393
5891 2 2 1 16 1139 3068 1134
5892 2 2 1 16 1695 3100 1522
5893 2 2 1 16 1618 3093 1243
5894 2 2 1 16 2525 3404 2524
5895 2 2 1 16 1961 3439 1803
5896 2 2 1 16 348 505 347
5897 2 2 1 16 2575 3564 1674
5898 2 2 1 16 3257 3635 1776
5899 2 2 1 16 372 501 371
5900 2 2 1 16 361 3141 360
5901 2 2 1 16 367 3139 366
5902 2 2 1 16 3006 3290 1119
5903 2 2 1 16 850 3509 3091
5904 2 2 1 16 2703 3613 438
5905 2 2 1 16 2026 3268 1510
5906 2 2 1 16 3156 3458 2326
5907 2 2 1 16 2705 3289 1832
5908 2 2 1 16 3019 3383 1902
5909 2 2 1 16 1799 3066 2053
5910 2 2 1 16 1525 3031 1524
5911 2 2 1 16 345 3448 6
5912 2 2 1 16 1348 3098 1340
5913 2 2 1 16 536 3613 2703
5914 2 2 1 16 351 499 350
5915 2 2 1 16 2889 3110 469
5916 2 2 1 16 1716 3117 1269
5917 2 2 1 16 1436 2976 1919
5918 2 2 1 16 2388 3655 2390
5919 2 2 1 16 661 3036 1182
5920 2 2 1 16 1138 3109 1136
5921 2 2 1 16 3065 3277 180
5922 2 2 1 16 1869 3264 1642
5923 2 2 1 16 350 3120 349
5924 2 2 1 16 1122 3617 2625
5925 2 2 1 16 972 3416 2396
5926 2 2 1 16 1001 3069 1120
5927 2 2 1 16 3407 3680 1267
5928 2 2 1 16 1503 3092 1502
5929 2 2 1 16 2291 3487 1538
5930 2 2 1 16 3033 3250 1637
5931 2 2 1 16 3079 3302 737
5932 2 2 1 16 2268 3076 1759
5933 2 2 1 16 349 3111 348
5934 2 2 1 16 1154 3087 978
5935 2 2 1 16 1363 3116 1372
5936 2 2 1 16 555 3270 74
5937 2 2 1 16 73 3270 475
5938 2 2 1 16 2867 3571 1217
5939 2 2 1 16 2001 3084 2862
5940 2 2 1 16 2432 3502 2165
5941 2 2 1 16 3008 3294 1081
5942 2 2 1 16 1535 3196 1989
5943 2 2 1 16 1129 3088 1128
5944 2 2 1 16 352 3119 351
5945 2 2 1 16 657 3051 1569
5946 2 2 1 16 2491 3538 2133
5947 2 2 1 16 2613 3426 567
5948 2 2 1 16 666 3036 663
5949 2 2 1 16 1757 3076 2070
5950 2 2 1 16 2463 3639 983
5951 2 2 1 16 390 3246 389
5952 2 2 1 16 2098 3549 2099
5953 2 2 1 16 362 3142 361
5954 2 2 1 16 353 3129 352
5955 2 2 1 16 2259 3414 2744
5956 2 2 1 16 2679 3648 1991
5957 2 2 1 16 844 3236 2695
5958 2 2 1 16 1868 3642 3125
5959 2 2 1 16 488 3241 33
5960 2 2 1 16 672 3165 669
5961 2 2 1 16 1166 3078 1246
5962 2 2 1 16 2643 3706 2439
5963 2 2 1 16 1729 3082 2031
5964 2 2 1 16 2650 3450 3163
5965 2 2 1 16 2029 3345 1608
5966 2 2 1 16 1120 3123 3054
5967 2 2 1 16 3075 3307 2681
5968 2 2 1 16 3051 3052 1569
5969 2 2 1 16 1522 3100 1913
5970 2 2 1 16 354 478 353
5971 2 2 1 16 3054 3123 2077
5972 2 2 1 16 1989 2033 1670
5973 2 2 1 16 983 3561 984
5974 2 2 1 16 669 3165 668
5975 2 2 1 16 2742 3356 487
5976 2 2 1 16 2090 3253 2076
5977 2 2 1 16 2861 3189 438
5978 2 2 1 16 2056 3551 2690
5979 2 2 1 16 1957 3340 3136
5980 2 2 1 16 355 3128 354
5981 2 2 1 16 12 3243 11
5982 2 2 1 16 2519 3351 3183
5983 2 2 1 16 538 3337 145
5984 2 2 1 16 1575 3103 3043
5985 2 2 1 16 1182 3051 659
5986 2 2 1 16 144 3337 467
5987 2 2 1 16 1167 3149 1571
5988 2 2 1 16 1912 3117 1716
5989 2 2 1 16 1465 3259 1509
5990 2 2 1 16 356 559 355
5991 2 2 1 16 1709 3577 3195
5992 2 2 1 16 1647 3105 2087
5993 2 2 1 16 369 450 368
5994 2 2 1 16 2361 3539 2362
5995 2 2 1 16 1769 3347 2313
5996 2 2 1 16 357 3132 356
5997 2 2 1 16 1131 3088 3060
5998 2 2 1 16 1128 3088 1131
5999 2 2 1 16 358 456 357
6000 2 2 1 16 2464 3574 3365
6001 2 2 1 16 366 500 365
6002 2 2 1 16 2670 3702 1051
6003 2 2 1 16 359 3138 358
6004 2 2 1 16 1197 3109 1138
6005 2 2 1 16 2286 3578 2287
6006 2 2 1 16 2740 3220 1931
6007 2 2 1 16 2826 3623 2141
6008 2 2 1 16 360 560 359
6009 2 2 1 16 584 3121 582
6010 2 2 1 16 1502 3092 1886
6011 2 2 1 16 1664 3531 1669
6012 2 2 1 16 1243 3093 1245
6013 2 2 1 16 2096 3460 2387
6014 2 2 1 16 1201 2994 1516
6015 2 2 1 16 3068 3088 1129
6016 2 2 1 16 363 451 362
6017 2 2 1 16 2865 3392 2662
6018 2 2 1 16 2131 3346 3214
6019 2 2 1 16 1634 3314 1073
6020 2 2 1 16 2728 3592 2233
6021 2 2 1 16 786 3498 2898
6022 2 2 1 16 74 3270 73
6023 2 2 1 16 1442 3437 2834
6024 2 2 1 16 498 3386 2493
6025 2 2 1 16 3087 3419 974
6026 2 2 1 16 3031 3058 1837
6027 2 2 1 16 2683 3548 3267
6028 2 2 1 16 2913 3460 555
6029 2 2 1 16 2611 3640 1921
6030 2 2 1 16 2794 3229 461
6031 2 2 1 16 2058 3451 2462
6032 2 2 1 16 739 3370 3062
6033 2 2 1 16 1712 3103 1531
6034 2 2 1 16 474 3655 3618
6035 2 2 1 16 2111 3517 2481
6036 2 2 1 16 2025 3339 3327
6037 2 2 1 16 2177 3231 2178
6038 2 2 1 16 1876 2032 1914
6039 2 2 1 16 1914 1918 1915
6040 2 2 1 16 2262 3635 3257
6041 2 2 1 16 530 3456 192
6042 2 2 1 16 2016 3405 2621
6043 2 2 1 16 494 3526 206
6044 2 2 1 16 3299 3505 2067
6045 2 2 1 16 2204 3027 2202
6046 2 2 1 16 493 3010 378
6047 2 2 1 16 878 3691 880
6048 2 2 1 16 569 570 509
6049 2 2 1 16 866 3140 1193
6050 2 2 1 16 1796 3514 3430
6051 2 2 1 16 1332 3255 1335
6052 2 2 1 16 180 3277 179
6053 2 2 1 16 3158 3282 800
6054 2 2 1 16 2750 3292 2562
6055 2 2 1 16 1921 3707 2611
6056 2 2 1 16 464 3164 2845
6057 2 2 1 16 482 3590 3197
6058 2 2 1 16 480 3410 2722
6059 2 2 1 16 1342 3098 1360
6060 2 2 1 16 3143 3147 2316
6061 2 2 1 16 425 3519 381
6062 2 2 1 16 2149 3302 3079
6063 2 2 1 16 1269 3117 2904
6064 2 2 1 16 2252 3188 2066
6065 2 2 1 16 485 3363 256
6066 2 2 1 16 205 3526 2839
6067 2 2 1 16 3149 3428 2763
6068 2 2 1 16 1185 3317 1011
6069 2 2 1 16 2513 3536 3417
6070 2 2 1 16 2667 3687 2104
6071 2 2 1 16 1136 3109 1139
6072 2 2 1 16 1487 3196 1488
6073 2 2 1 16 3064 3496 2193
6074 2 2 1 16 2823 3204 2824
6075 2 2 1 16 2604 3542 2367
6076 2 2 1 16 1769 3495 3347
6077 2 2 1 16 567 3426 242
6078 2 2 1 16 2354 3361 3254
6079 2 2 1 16 2673 2971 2214
6080 2 2 1 16 964 3213 962
6081 2 2 1 16 994 3213 964
6082 2 2 1 16 968 3612 2598
6083 2 2 1 16 887 3272 1030
6084 2 2 1 16 2220 3026 2206
6085 2 2 1 16 2960 3213 2173
6086 2 2 1 16 2444 3336 2006
6087 2 2 1 16 1836 3300 3023
6088 2 2 1 16 939 3556 938
6089 2 2 1 16 2010 3582 2746
6090 2 2 1 16 2503 3335 2504
6091 2 2 1 16 1859 3331 3092
6092 2 2 1 16 476 3204 2823
6093 2 2 1 16 504 2201 258
6094 2 2 1 16 1708 3159 2188
6095 2 2 1 16 1488 3196 1535
6096 2 2 1 16 1704 3118 1901
6097 2 2 1 16 1409 3116 1363
6098 2 2 1 16 1127 3332 1133
6099 2 2 1 16 3214 3346 1645
6100 2 2 1 16 2482 3304 3071
6101 2 2 1 16 1147 3149 1144
6102 2 2 1 16 1838 3281 3210
6103 2 2 1 16 580 837 578
6104 2 2 1 16 2011 3352 1595
6105 2 2 1 16 1796 3454 1668
6106 2 2 1 16 3033 3177 2447
6107 2 2 1 16 2758 3465 1825
6108 2 2 1 16 2800 3638 469
6109 2 2 1 16 472 3398 98
6110 2 2 1 16 543 3638 2800
6111 2 2 1 16 97 3398 549
6112 2 2 1 16 1785 3672 2321
6113 2 2 1 16 1702 3599 2928
6114 2 2 1 16 2285 3172 3110
6115 2 2 1 16 2730 3709 2065
6116 2 2 1 16 1737 3237 1833
6117 2 2 1 16 455 3202 2849
6118 2 2 1 16 2789 3627 548
6119 2 2 1 16 2159 3494 3338
6120 2 2 1 16 3336 3632 2586
6121 2 2 1 16 472 3627 2789
6122 2 2 1 16 1685 3606 2817
6123 2 2 1 16 1283 3351 1043
6124 2 2 1 16 2691 3537 3218
6125 2 2 1 16 582 3122 580
6126 2 2 1 16 1802 3592 2728
6127 2 2 1 16 495 3207 2855
6128 2 2 1 16 166 3296 165
6129 2 2 1 16 2845 3164 2846
6130 2 2 1 16 2402 3310 2404
6131 2 2 1 16 438 3613 156
6132 2 2 1 16 1713 3349 3299
6133 2 2 1 16 3067 3298 2791
6134 2 2 1 16 2729 3490 2730
6135 2 2 1 16 1536 3238 1621
6136 2 2 1 16 1094 3256 1082
6137 2 2 1 16 2139 3457 2706
6138 2 2 1 16 794 3161 610
6139 2 2 1 16 1823 3407 2949
6140 2 2 1 16 1809 3394 1943
6141 2 2 1 16 155 3613 536
6142 2 2 1 16 2949 3407 2045
6143 2 2 1 16 2110 3529 3379
6144 2 2 1 16 3259 3488 2584
6145 2 2 1 16 962 3213 2960
6146 2 2 1 16 3123 3663 1996
6147 2 2 1 16 3231 3676 787
6148 2 2 1 16 1144 3149 1167
6149 2 2 1 16 2422 3320 2421
6150 2 2 1 16 1943 3528 2184
6151 2 2 1 16 3187 3394 1809
6152 2 2 1 16 2104 3687 2433
6153 2 2 1 16 2389 3618 2388
6154 2 2 1 16 1122 3283 1057
6155 2 2 1 16 404 3293 403
6156 2 2 1 16 1123 3276 1125
6157 2 2 1 16 2262 3257 3022
6158 2 2 1 16 1538 3705 2445
6159 2 2 1 16 2895 3186 547
6160 2 2 1 16 1090 3335 2842
6161 2 2 1 16 2956 3187 1114
6162 2 2 1 16 610 3161 608
6163 2 2 1 16 608 3161 1905
6164 2 2 1 16 2118 3341 3229
6165 2 2 1 16 2588 3621 1048
6166 2 2 1 16 3062 3370 3234
6167 2 2 1 16 2049 3284 2761
6168 2 2 1 16 3102 3350 1217
6169 2 2 1 16 1883 3221 1893
6170 2 2 1 16 1808 3193 1807
6171 2 2 1 16 3549 3683 2880
6172 2 2 1 16 2874 3215 476
6173 2 2 1 16 1878 3290 3006
6174 2 2 1 16 1114 3187 1499
6175 2 2 1 16 1330 3348 1327
6176 2 2 1 16 2048 3609 2276
6177 2 2 1 16 2073 3315 2657
6178 2 2 1 16 2977 3226 2506
6179 2 2 1 16 2500 3309 2586
6180 2 2 1 16 2839 3526 2444
6181 2 2 1 16 191 3456 3040
6182 2 2 1 16 2095 3479 2265
6183 2 2 1 16 2906 3209 551
6184 2 2 1 16 1495 3250 1728
6185 2 2 1 16 1937 3343 1897
6186 2 2 1 16 3192 3499 3381
6187 2 2 1 16 1724 3397 2993
6188 2 2 1 16 2947 3699 1815
6189 2 2 1 16 130 3622 435
6190 2 2 1 16 1988 3386 2545
6191 2 2 1 16 2724 3473 2723
6192 2 2 1 16 3092 3331 2440
6193 2 2 1 16 550 3507 91
6194 2 2 1 16 90 3507 473
6195 2 2 1 16 2100 3294 3008
6196 2 2 1 16 1775 3224 1834
6197 2 2 1 16 2759 3580 1749
6198 2 2 1 16 469 3638 125
6199 2 2 1 16 124 3638 543
6200 2 2 1 16 545 3685 114
6201 2 2 1 16 761 3433 762
6202 2 2 1 16 1942 3438 2189
6203 2 2 1 16 997 3258 990
6204 2 2 1 16 571 572 570
6205 2 2 1 16 383 3321 382
6206 2 2 1 16 1851 3274 2120
6207 2 2 1 16 477 3669 2866
6208 2 2 1 16 2866 3669 556
6209 2 2 1 16 2063 3248 1630
6210 2 2 1 16 573 574 572
6211 2 2 1 16 2276 3597 2278
6212 2 2 1 16 3286 3540 3303
6213 2 2 1 16 2012 3237 1737
6214 2 2 1 16 539 3225 2876
6215 2 2 1 16 3379 3529 3133
6216 2 2 1 16 388 3319 387
6217 2 2 1 16 1329 3255 1332
6218 2 2 1 16 548 3627 100
6219 2 2 1 16 99 3627 472
6220 2 2 1 16 1930 3385 3377
6221 2 2 1 16 1834 3397 1726
6222 2 2 1 16 889 3272 887
6223 2 2 1 16 2882 3368 3260
6224 2 2 1 16 1372 3116 1487
6225 2 2 1 16 65 3669 477
6226 2 2 1 16 2961 3457 2139
6227 2 2 1 16 556 3669 66
6228 2 2 1 16 379 3322 493
6229 2 2 1 16 2769 3313 2930
6230 2 2 1 16 2136 3572 2009
6231 2 2 1 16 1462 3281 1838
6232 2 2 1 16 3292 3304 2482
6233 2 2 1 16 2783 3396 2994
6234 2 2 1 16 1637 3250 1495
6235 2 2 1 16 2233 3546 3412
6236 2 2 1 16 3318 3645 1843
6237 2 2 1 16 592 3222 590
6238 2 2 1 16 2461 3513 2521
6239 2 2 1 16 671 3562 674
6240 2 2 1 16 3014 3376 1802
6241 2 2 1 16 2072 3362 2071
6242 2 2 1 16 553 3220 2911
6243 2 2 1 16 1240 3624 2535
6244 2 2 1 16 3167 3227 1871
6245 2 2 1 16 456 3464 3132
6246 2 2 1 16 2957 3421 1773
6247 2 2 1 16 2430 3658 2119
6248 2 2 1 16 737 3302 735
6249 2 2 1 16 2426 3199 1813
6250 2 2 1 16 2855 3207 3089
6251 2 2 1 16 1516 3184 1203
6252 2 2 1 16 1157 3140 866
6253 2 2 1 16 668 3165 1946
6254 2 2 1 16 2926 3194 2239
6255 2 2 1 16 2164 3550 2808
6256 2 2 1 16 477 3688 2764
6257 2 2 1 16 3018 3272 889
6258 2 2 1 16 576 1817 574
6259 2 2 1 16 3001 3339 2639
6260 2 2 1 16 2163 3388 2164
6261 2 2 1 16 401 3328 400
6262 2 2 1 16 3054 3258 997
6263 2 2 1 16 1813 3199 2995
6264 2 2 1 16 377 3010 558
6265 2 2 1 16 3169 3221 1883
6266 2 2 1 16 2062 3115 2348
6267 2 2 1 16 617 3432 614
6268 2 2 1 16 2671 3282 2672
6269 2 2 1 16 2640 3313 2769
6270 2 2 1 16 431 3389 3232
6271 2 2 1 16 145 3337 144
6272 2 2 1 16 112 3262 433
6273 2 2 1 16 380 3322 379
6274 2 2 1 16 1908 3403 3278
6275 2 2 1 16 2469 3342 2467
6276 2 2 1 16 2468 3633 2469
6277 2 2 1 16 2806 3318 3055
6278 2 2 1 16 3460 3636 2387
6279 2 2 1 16 880 3532 882
6280 2 2 1 16 1057 3283 1013
6281 2 2 1 16 3587 3612 2078
6282 2 2 1 16 2178 3461 2833
6283 2 2 1 16 1241 3646 2957
6284 2 2 1 16 1203 3184 1438
6285 2 2 1 16 1498 3280 1784
6286 2 2 1 16 2921 3534 2341
6287 2 2 1 16 1738 3417 1740
6288 2 2 1 16 1596 3279 2149
6289 2 2 1 16 1121 3274 3012
6290 2 2 1 16 1875 3588 1992
6291 2 2 1 16 2639 3339 2025
6292 2 2 1 16 2123 3187 2956
6293 2 2 1 16 2968 3451 443
6294 2 2 1 16 1935 3709 1933
6295 2 2 1 16 1453 3263 1280
6296 2 2 1 16 1475 3298 3067
6297 2 2 1 16 3302 3478 738
6298 2 2 1 16 2806 3645 3318
6299 2 2 1 16 1880 3290 1878
6300 2 2 1 16 1518 3307 3075
6301 2 2 1 16 1855 3276 3009
6302 2 2 1 16 2040 3344 2042
6303 2 2 1 16 2563 3692 2222
6304 2 2 1 16 3179 3284 2049
6305 2 2 1 16 1918 2997 1915
6306 2 2 1 16 2123 3394 3187
6307 2 2 1 16 1253 3437 1442
6308 2 2 1 16 236 3462 235
6309 2 2 1 16 2848 3490 2729
6310 2 2 1 16 1669 3286 2816
6311 2 2 1 16 2708 3694 682
6312 2 2 1 16 1910 3650 3212
6313 2 2 1 16 554 3228 2918
6314 2 2 1 16 3557 3697 1542
6315 2 2 1 16 2986 3222 592
6316 2 2 1 16 3100 3374 2112
6317 2 2 1 16 845 3158 798
6318 2 2 1 16 1217 3571 598
6319 2 2 1 16 2196 3413 1648
6320 2 2 1 16 3028 3288 708
6321 2 2 1 16 1153 3287 3024
6322 2 2 1 16 466 3245 2868
6323 2 2 1 16 1670 3238 1536
6324 2 2 1 16 2114 3339 3001
6325 2 2 1 16 1957 3136 3135
6326 2 2 1 16 2846 3324 529
6327 2 2 1 16 2878 3502 2432
6328 2 2 1 16 2586 3630 2585
6329 2 2 1 16 2682 3622 3175
6330 2 2 1 16 1659 3323 1660
6331 2 2 1 16 2795 3620 524
6332 2 2 1 16 700 3285 3056
6333 2 2 1 16 2730 3490 2838
6334 2 2 1 16 1642 3264 2097
6335 2 2 1 16 1918 3408 2934
6336 2 2 1 16 2084 3558 1456
6337 2 2 1 16 3040 3251 454
6338 2 2 1 16 867 3523 1157
6339 2 2 1 16 1516 3206 3184
6340 2 2 1 16 2489 3589 2527
6341 2 2 1 16 739 3062 588
6342 2 2 1 16 2510 3672 1785
6343 2 2 1 16 2816 3303 3037
6344 2 2 1 16 3012 3274 1851
6345 2 2 1 16 2964 3338 2925
6346 2 2 1 16 606 3571 2867
6347 2 2 1 16 1645 3346 1573
6348 2 2 1 16 590 3222 739
6349 2 2 1 16 465 3678 2981
6350 2 2 1 16 3037 3303 928
6351 2 2 1 16 1608 3345 1390
6352 2 2 1 16 1706 3545 1432
6353 2 2 1 16 1630 3248 1952
6354 2 2 1 16 1623 3385 1930
6355 2 2 1 16 596 3571 606
6356 2 2 1 16 2882 3260 2881
6357 2 2 1 16 3023 3300 914
6358 2 2 1 16 2402 3471 3310
6359 2 2 1 16 1510 3268 1511
6360 2 2 1 16 3373 3586 2241
6361 2 2 1 16 436 3242 2882
6362 2 2 1 16 2748 3699 970
6363 2 2 1 16 2075 3512 1450
6364 2 2 1 16 1634 3547 3314
6365 2 2 1 16 3009 3276 1123
6366 2 2 1 16 1767 3495 1769
6367 2 2 1 16 546 3217 2901
6368 2 2 1 16 1933 3709 3148
6369 2 2 1 16 1480 3656 3148
6370 2 2 1 16 1849 3291 2011
6371 2 2 1 16 3346 3423 2198
6372 2 2 1 16 476 3215 3204
6373 2 2 1 16 3150 3335 1090
6374 2 2 1 16 3272 3601 1030
6375 2 2 1 16 1091 3257 2879
6376 2 2 1 16 994 3489 3213
6377 2 2 1 16 3339 3670 3327
6378 2 2 1 16 2979 3230 1430
6379 2 2 1 16 3210 3281 2089
6380 2 2 1 16 3342 3484 1464
6381 2 2 1 16 2930 3313 1634
6382 2 2 1 16 3215 3269 2152
6383 2 2 1 16 1953 3278 1822
6384 2 2 1 16 2523 3369 1743
6385 2 2 1 16 1893 3299 1882
6386 2 2 1 16 674 3401 675
6387 2 2 1 16 2772 3363 485
6388 2 2 1 16 3024 3287 1856
6389 2 2 1 16 2881 3260 540
6390 2 2 1 16 2593 3625 2594
6391 2 2 1 16 1621 3238 1876
6392 2 2 1 16 558 3191 3094
6393 2 2 1 16 3175 3622 131
6394 2 2 1 16 1985 3601 2710
6395 2 2 1 16 586 3062 1159
6396 2 2 1 16 2981 3700 465
6397 2 2 1 16 3022 3257 1091
6398 2 2 1 16 1695 3374 3100
6399 2 2 1 16 2280 3483 2028
6400 2 2 1 16 3161 3208 1905
6401 2 2 1 16 3000 3300 2298
6402 2 2 1 16 2109 3469 2253
6403 2 2 1 16 2886 3265 542
6404 2 2 1 16 2814 3285 700
6405 2 2 1 16 2877 3242 436
6406 2 2 1 16 527 3604 2811
6407 2 2 1 16 1073 3314 1227
6408 2 2 1 16 3016 3629 2797
6409 2 2 1 16 1938 3436 2991
6410 2 2 1 16 3183 3351 1283
6411 2 2 1 16 490 3362 2745
6412 2 2 1 16 2020 3306 2023
6413 2 2 1 16 2346 3381 2555
6414 2 2 1 16 1905 3350 3102
6415 2 2 1 16 2793 3515 2984
6416 2 2 1 16 2860 3273 535
6417 2 2 1 16 534 3706 3296
6418 2 2 1 16 169 3316 497
6419 2 2 1 16 1124 3274 1121
6420 2 2 1 16 2506 3533 2505
6421 2 2 1 16 2172 3276 1855
6422 2 2 1 16 1832 3289 2883
6423 2 2 1 16 3056 3285 1850
6424 2 2 1 16 2994 3396 1516
6425 2 2 1 16 1670 3444 3238
6426 2 2 1 16 2160 3546 2057
6427 2 2 1 16 2611 3707 2610
6428 2 2 1 16 2625 3617 2017
6429 2 2 1 16 2023 3427 2092
6430 2 2 1 16 1711 3441 2007
6431 2 2 1 16 3155 3699 2748
6432 2 2 1 16 3026 3027 2204
6433 2 2 1 16 2672 3500 2673
6434 2 2 1 16 3055 3318 690
6435 2 2 1 16 418 3390 486
6436 2 2 1 16 2683 3449 1676
6437 2 2 1 16 2993 3266 1848
6438 2 2 1 16 3133 3464 2348
6439 2 2 1 16 708 3288 2808
6440 2 2 1 16 1795 3514 1796
6441 2 2 1 16 558 3094 376
6442 2 2 1 16 3017 3247 1183
6443 2 2 1 16 528 3269 2874
6444 2 2 1 16 1854 3288 3028
6445 2 2 1 16 821 3568 818
6446 2 2 1 16 3262 3685 2685
6447 2 2 1 16 2784 3374 2565
6448 2 2 1 16 3329 3481 989
6449 2 2 1 16 1159 3121 584
6450 2 2 1 16 672 3400 3165
6451 2 2 1 16 98 3398 97
6452 2 2 1 16 2922 3370 739
6453 2 2 1 16 1477 3298 1475
6454 2 2 1 16 346 3007 564
6455 2 2 1 16 1900 3287 1153
6456 2 2 1 16 2996 3318 1843
6457 2 2 1 16 1782 3301 3118
6458 2 2 1 16 2933 3280 2778
6459 2 2 1 16 244 3411 243
6460 2 2 1 16 1825 3616 2758
6461 2 2 1 16 2040 3470 3344
6462 2 2 1 16 3091 3509 2665
6463 2 2 1 16 2712 3419 3087
6464 2 2 1 16 2613 3602 561
6465 2 2 1 16 1553 3326 1291
6466 2 2 1 16 2847 3297 455
6467 2 2 1 16 1784 3280 2933
6468 2 2 1 16 2883 3289 1290
6469 2 2 1 16 3180 3701 495
6470 2 2 1 16 547 3252 2896
6471 2 2 1 16 2025 3327 2426
6472 2 2 1 16 2097 3307 1518
6473 2 2 1 16 3284 3421 2761
6474 2 2 1 16 928 3303 2828
6475 2 2 1 16 3104 3358 2490
6476 2 2 1 16 2185 3624 1944
6477 2 2 1 16 3321 3552 2726
6478 2 2 1 16 3429 3430 2037
6479 2 2 1 16 2093 3563 3354
6480 2 2 1 16 1119 3290 2101
6481 2 2 1 16 3035 3373 2125
6482 2 2 1 16 3089 3391 532
6483 2 2 1 16 1081 3294 1529
6484 2 2 1 16 2163 3477 3388
6485 2 2 1 16 2030 3647 2063
6486 2 2 1 16 2969 3355 1862
6487 2 2 1 16 1622 3671 2969
6488 2 2 1 16 2315 3139 3134
6489 2 2 1 16 2988 3399 2647
6490 2 2 1 16 2794 3380 3229
6491 2 2 1 16 2120 3591 2607
6492 2 2 1 16 738 3623 2826
6493 2 2 1 16 3095 3096 373
6494 2 2 1 16 2987 3244 1212
6495 2 2 1 16 2130 3360 3052
6496 2 2 1 16 3112 3466 517
6497 2 2 1 16 2983 3410 480
6498 2 2 1 16 394 3414 393
6499 2 2 1 16 2836 3447 2766
6500 2 2 1 16 489 3415 40
6501 2 2 1 16 2808 3550 704
6502 2 2 1 16 2874 3269 3215
6503 2 2 1 16 3260 3368 2099
6504 2 2 1 16 1888 3582 2010
6505 2 2 1 16 1161 3611 1008
6506 2 2 1 16 2392 3700 2981
6507 2 2 1 16 455 3297 3202
6508 2 2 1 16 1734 3587 2078
6509 2 2 1 16 3560 3664 3308
6510 2 2 1 16 1665 3677 2034
6511 2 2 1 16 2785 3616 1824
6512 2 2 1 16 1327 3348 1329
6513 2 2 1 16 1779 3608 2832
6514 2 2 1 16 2400 3471 2402
6515 2 2 1 16 2838 3490 1863
6516 2 2 1 16 531 3308 2851
6517 2 2 1 16 2792 3338 2964
6518 2 2 1 16 665 3412 667
6519 2 2 1 16 3121 3122 582
6520 2 2 1 16 3323 3576 2153
6521 2 2 1 16 2818 3373 3035
6522 2 2 1 16 529 3324 2847
6523 2 2 1 16 444 3095 374
6524 2 2 1 16 1329 3348 3255
6525 2 2 1 16 2188 3436 1936
6526 2 2 1 16 2732 3696 2083
6527 2 2 1 16 924 3399 2988
6528 2 2 1 16 3289 3457 1290
6529 2 2 1 16 2199 3465 2941
6530 2 2 1 16 2055 3498 3298
6531 2 2 1 16 1589 3423 2131
6532 2 2 1 16 365 3434 364
6533 2 2 1 16 3274 3425 2120
6534 2 2 1 16 2179 3619 2180
6535 2 2 1 16 524 3380 2794
6536 2 2 1 16 1569 3392 3059
6537 2 2 1 16 1263 3600 2144
6538 2 2 1 16 2353 3361 2354
6539 2 2 1 16 2410 3646 2409
6540 2 2 1 16 2027 3557 3486
6541 2 2 1 16 3165 3400 1949
6542 2 2 1 16 2902 3641 545
6543 2 2 1 16 3186 3252 547
6544 2 2 1 16 1996 3420 2249
6545 2 2 1 16 2234 3331 1859
6546 2 2 1 16 1595 3352 1596
6547 2 2 1 16 2166 3644 1683
6548 2 2 1 16 1683 3643 1437
6549 2 2 1 16 2997 3696 1917
6550 2 2 1 16 3628 3704 3251
6551 2 2 1 16 1109 3373 2818
6552 2 2 1 16 1596 3353 3279
6553 2 2 1 16 861 3475 841
6554 2 2 1 16 3338 3494 1457
6555 2 2 1 16 3312 3695 504
6556 2 2 1 16 1726 3397 1724
6557 2 2 1 16 479 3647 2799
6558 2 2 1 16 3113 3114 370
6559 2 2 1 16 1438 3657 3159
6560 2 2 1 16 2348 3379 3133
6561 2 2 1 16 3078 3645 2256
6562 2 2 1 16 3059 3392 2865
6563 2 2 1 16 2817 3679 1067
6564 2 2 1 16 375 3094 444
6565 2 2 1 16 3213 3489 2173
6566 2 2 1 16 2761 3421 2762
6567 2 2 1 16 2177 3676 3231
6568 2 2 1 16 578 3240 576
6569 2 2 1 16 453 3450 408
6570 2 2 1 16 3132 3464 3133
6571 2 2 1 16 3070 3663 3069
6572 2 2 1 16 406 3455 490
6573 2 2 1 16 3040 3456 2332
6574 2 2 1 16 2462 3451 2968
6575 2 2 1 16 1876 3238 2032
6576 2 2 1 16 1863 3490 2848
6577 2 2 1 16 2993 3397 2294
6578 2 2 1 16 2112 3374 2784
6579 2 2 1 16 2861 3395 3189
6580 2 2 1 16 3096 3097 501
6581 2 2 1 16 2925 3338 1457
6582 2 2 1 16 3163 3450 453
6583 2 2 1 16 2063 3647 3157
6584 2 2 1 16 1787 3585 3489
6585 2 2 1 16 3340 3673 2553
6586 2 2 1 16 484 3566 2920
6587 2 2 1 16 1576 3690 2511
6588 2 2 1 16 2235 3654 3492
6589 2 2 1 16 192 3456 191
6590 2 2 1 16 3127 3513 516
6591 2 2 1 16 2027 3486 1492
6592 2 2 1 16 2858 3678 465
6593 2 2 1 16 501 3113 371
6594 2 2 1 16 2400 3702 3471
6595 2 2 1 16 1456 3558 2934
6596 2 2 1 16 517 3466 2747
6597 2 2 1 16 1709 3496 1710
6598 2 2 1 16 3618 3655 2388
6599 2 2 1 16 3173 3541 519
6600 2 2 1 16 833 3509 836
6601 2 2 1 16 2764 3688 2340
6602 2 2 1 16 3137 3485 2115
6603 2 2 1 16 413 3473 412
6604 2 2 1 16 2050 3420 3070
6605 2 2 1 16 802 3603 804
6606 2 2 1 16 914 3300 3000
6607 2 2 1 16 580 3122 837
6608 2 2 1 16 2046 3596 2385
6609 2 2 1 16 2890 3697 2373
6610 2 2 1 16 2714 3551 2056
6611 2 2 1 16 2371 3697 3557
6612 2 2 1 16 2199 3407 1823
6613 2 2 1 16 2908 3458 3156
6614 2 2 1 16 2903 3572 432
6615 2 2 1 16 3316 3595 497
6616 2 2 1 16 505 3007 347
6617 2 2 1 16 1658 3570 1657
6618 2 2 1 16 2703 3711 2102
6619 2 2 1 16 94 3389 431
6620 2 2 1 16 2039 3470 2040
6621 2 2 1 16 46 3482 45
6622 2 2 1 16 2842 3335 2503
6623 2 2 1 16 2079 3559 2059
6624 2 2 1 16 2083 3696 2084
6625 2 2 1 16 1124 3425 3274
6626 2 2 1 16 2685 3685 3641
6627 2 2 1 16 241 3426 2613
6628 2 2 1 16 2200 3363 2772
6629 2 2 1 16 2154 3679 2817
6630 2 2 1 16 2077 3258 3054
6631 2 2 1 16 2087 3364 2086
6632 2 2 1 16 3294 3445 1532
6633 2 2 1 16 1990 3594 2929
6634 2 2 1 16 1919 3385 1623
6635 2 2 1 16 540 3549 2880
6636 2 2 1 16 3114 3166 450
6637 2 2 1 16 372 3096 501
6638 2 2 1 16 1776 3635 1869
6639 2 2 1 16 3136 3340 1690
6640 2 2 1 16 3002 3643 2431
6641 2 2 1 16 3230 3437 1430
6642 2 2 1 16 465 3700 2860
6643 2 2 1 16 2113 3518 2074
6644 2 2 1 16 3202 3297 2080
6645 2 2 1 16 3089 3207 1999
6646 2 2 1 16 2362 3628 2363
6647 2 2 1 16 690 3318 2996
6648 2 2 1 16 3098 3461 1360
6649 2 2 1 16 2790 3586 1109
6650 2 2 1 16 2856 3686 445
6651 2 2 1 16 2811 3658 426
6652 2 2 1 16 2711 3681 2158
6653 2 2 1 16 3364 3708 906
6654 2 2 1 16 3328 3619 491
6655 2 2 1 16 2142 3478 3279
6656 2 2 1 16 3135 3365 526
6657 2 2 1 16 2584 3488 1563
6658 2 2 1 16 730 3403 1908
6659 2 2 1 16 3136 3365 3135
6660 2 2 1 16 565 3503 2754
6661 2 2 1 16 1388 3684 609
6662 2 2 1 16 3134 3453 2315
6663 2 2 1 16 3030 3547 2641
6664 2 2 1 16 2847 3324 3297
6665 2 2 1 16 2398 3702 2400
6666 2 2 1 16 1996 3663 3070
6667 2 2 1 16 2837 3403 730
6668 2 2 1 16 3394 3528 1943
6669 2 2 1 16 570 2261 509
6670 2 2 1 16 2140 3629 3016
6671 2 2 1 16 3134 3139 367
6672 2 2 1 16 2361 3560 3308
6673 2 2 1 16 2144 3353 3352
6674 2 2 1 16 2371 3557 2027
6675 2 2 1 16 1930 3377 2167
6676 2 2 1 16 2124 3394 2123
6677 2 2 1 16 2302 3525 3266
6678 2 2 1 16 2036 3295 3016
6679 2 2 1 16 2433 3548 2038
6680 2 2 1 16 544 3366 2892
6681 2 2 1 16 2117 3484 2118
6682 2 2 1 16 1353 3577 1364
6683 2 2 1 16 91 3507 90
6684 2 2 1 16 2888 3557 1542
6685 2 2 1 16 1612 3666 1614
6686 2 2 1 16 439 3371 2859
6687 2 2 1 16 1815 3699 3155
6688 2 2 1 16 2710 3601 3272
6689 2 2 1 16 2149 3478 3302
6690 2 2 1 16 488 3553 3404
6691 2 2 1 16 2813 3576 1659
6692 2 2 1 16 2278 3508 2277
6693 2 2 1 16 2828 3399 924
6694 2 2 1 16 26 3535 25
6695 2 2 1 16 518 3520 2751
6696 2 2 1 16 2549 3469 510
6697 2 2 1 16 506 3537 420
6698 2 2 1 16 2384 3221 3169
6699 2 2 1 16 2253 3650 1744
6700 2 2 1 16 2686 3690 1576
6701 2 2 1 16 3069 3663 1120
6702 2 2 1 16 532 3391 2856
6703 2 2 1 16 1183 3376 3014
6704 2 2 1 16 438 3711 2703
6705 2 2 1 16 986 3481 985
6706 2 2 1 16 3238 3444 2032
6707 2 2 1 16 450 3134 368
6708 2 2 1 16 2373 3697 2371
6709 2 2 1 16 2833 3461 3098
6710 2 2 1 16 2002 3555 2170
6711 2 2 1 16 3247 3376 1183
6712 2 2 1 16 380 3519 3322
6713 2 2 1 16 3070 3420 1996
6714 2 2 1 16 1430 3437 1253
6715 2 2 1 16 206 3526 205
6716 2 2 1 16 369 3114 450
6717 2 2 1 16 2233 3592 2232
6718 2 2 1 16 2991 3436 483
6719 2 2 1 16 2308 3511 2905
6720 2 2 1 16 3266 3525 1848
6721 2 2 1 16 348 3111 505
6722 2 2 1 16 1130 3591 3425
6723 2 2 1 16 535 3395 2861
6724 2 2 1 16 1668 3454 1667
6725 2 2 1 16 499 3120 350
6726 2 2 1 16 381 3519 380
6727 2 2 1 16 2098 3683 3549
6728 2 2 1 16 474 3618 2910
6729 2 2 1 16 2186 3665 1628
6730 2 2 1 16 2012 3492 3237
6731 2 2 1 16 361 3142 3141
6732 2 2 1 16 363 3147 451
6733 2 2 1 16 349 3120 3111
6734 2 2 1 16 471 3367 2899
6735 2 2 1 16 3148 3709 2730
6736 2 2 1 16 2743 3553 488
6737 2 2 1 16 351 3119 499
6738 2 2 1 16 199 3452 464
6739 2 2 1 16 2596 3430 3429
6740 2 2 1 16 3273 3395 535
6741 2 2 1 16 2941 3680 2199
6742 2 2 1 16 562 3614 2
6743 2 2 1 16 2655 3410 2983
6744 2 2 1 16 3188 3474 1553
6745 2 2 1 16 576 3240 1817
6746 2 2 1 16 1944 3438 1942
6747 2 2 1 16 14 3607 13
6748 2 2 1 16 1030 3333 3017
6749 2 2 1 16 352 3129 3119
6750 2 2 1 16 366 3139 500
6751 2 2 1 16 360 3141 560
6752 2 2 1 16 974 3419 2748
6753 2 2 1 16 2946 3400 672
6754 2 2 1 16 26 3637 3535
6755 2 2 1 16 2572 3517 511
6756 2 2 1 16 1952 3396 2783
6757 2 2 1 16 2296 3634 3581
6758 2 2 1 16 2024 3365 3136
6759 2 2 1 16 3229 3341 461
6760 2 2 1 16 3377 3385 2646
6761 2 2 1 16 478 3129 353
6762 2 2 1 16 1109 3586 3373
6763 2 2 1 16 543 3447 123
6764 2 2 1 16 3218 3537 506
6765 2 2 1 16 1126 3425 1124
6766 2 2 1 16 354 3128 478
6767 2 2 1 16 3376 3592 1802
6768 2 2 1 16 3052 3392 1569
6769 2 2 1 16 553 3491 3220
6770 2 2 1 16 2984 3515 2108
6771 2 2 1 16 733 3615 3082
6772 2 2 1 16 3029 3358 1702
6773 2 2 1 16 2195 3701 3180
6774 2 2 1 16 674 3468 3401
6775 2 2 1 16 3148 3656 1933
6776 2 2 1 16 27 3637 26
6777 2 2 1 16 1600 3480 1602
6778 2 2 1 16 1354 3682 2951
6779 2 2 1 16 559 3128 355
6780 2 2 1 16 470 3406 2894
6781 2 2 1 16 528 3424 3269
6782 2 2 1 16 504 3695 2201
6783 2 2 1 16 3125 3642 1856
6784 2 2 1 16 451 3142 362
6785 2 2 1 16 2129 3544 2130
6786 2 2 1 16 3194 3231 2239
6787 2 2 1 16 356 3132 559
6788 2 2 1 16 3295 3514 1795
6789 2 2 1 16 2171 3441 1711
6790 2 2 1 16 434 3578 2891
6791 2 2 1 16 3241 3404 2525
6792 2 2 1 16 2135 3367 3261
6793 2 2 1 16 1933 3656 1932
6794 2 2 1 16 2532 3573 3074
6795 2 2 1 16 456 3132 357
6796 2 2 1 16 2362 3704 3628
6797 2 2 1 16 364 3434 3147
6798 2 2 1 16 2078 3612 2353
6799 2 2 1 16 1012 3472 1004
6800 2 2 1 16 3007 3137 564
6801 2 2 1 16 358 3138 456
6802 2 2 1 16 560 3138 359
6803 2 2 1 16 1962 3667 2682
6804 2 2 1 16 2162 3476 2163
6805 2 2 1 16 3441 3543 2697
6806 2 2 1 16 1936 3436 1938
6807 2 2 1 16 598 3571 596
6808 2 2 1 16 3192 3381 1682
6809 2 2 1 16 2905 3511 680
6810 2 2 1 16 987 3561 3483
6811 2 2 1 16 3099 3606 1685
6812 2 2 1 16 3359 3530 2092
6813 2 2 1 16 2945 3393 1827
6814 2 2 1 16 620 3432 617
6815 2 2 1 16 3510 3620 2795
6816 2 2 1 16 3005 3428 1147
6817 2 2 1 16 3314 3547 3030
6818 2 2 1 16 156 3613 155
6819 2 2 1 16 3074 3573 1783
6820 2 2 1 16 1408 3660 1205
6821 2 2 1 16 2134 3536 1562
6822 2 2 1 16 2895 3698 3186
6823 2 2 1 16 2476 3391 3089
6824 2 2 1 16 2103 3690 2686
6825 2 2 1 16 3208 3350 1905
6826 2 2 1 16 2488 3358 3029
6827 2 2 1 16 2034 3565 3531
6828 2 2 1 16 2101 3445 2100
6829 2 2 1 16 1908 3493 2172
6830 2 2 1 16 1921 3640 3039
6831 2 2 1 16 2937 3435 1860
6832 2 2 1 16 462 3515 2793
6833 2 2 1 16 131 3622 130
6834 2 2 1 16 574 3311 572
6835 2 2 1 16 2736 3357 1909
6836 2 2 1 16 852 3648 2679
6837 2 2 1 16 3365 3574 526
6838 2 2 1 16 2906 3703 3209
6839 2 2 1 16 100 3627 99
6840 2 2 1 16 3225 3710 2876
6841 2 2 1 16 3157 3647 479
6842 2 2 1 16 1457 3494 1894
6843 2 2 1 16 3581 3634 1633
6844 2 2 1 16 125 3638 124
6845 2 2 1 16 837 3240 578
6846 2 2 1 16 554 3579 3228
6847 2 2 1 16 3083 3534 428
6848 2 2 1 16 3352 3353 1596
6849 2 2 1 16 3212 3650 2253
6850 2 2 1 16 2033 3521 3151
6851 2 2 1 16 3438 3624 1240
6852 2 2 1 16 1516 3396 3206
6853 2 2 1 16 557 3631 2992
6854 2 2 1 16 2873 3424 528
6855 2 2 1 16 2185 3668 3624
6856 2 2 1 16 3296 3706 2643
6857 2 2 1 16 500 3434 365
6858 2 2 1 16 3298 3498 2791
6859 2 2 1 16 2225 3350 3208
6860 2 2 1 16 3247 3333 1987
6861 2 2 1 16 2807 3635 2262
6862 2 2 1 16 3209 3703 2147
6863 2 2 1 16 2028 3483 2372
6864 2 2 1 16 66 3669 65
6865 2 2 1 16 1992 3588 3166
6866 2 2 1 16 2131 3423 3346
6867 2 2 1 16 3245 3661 2868
6868 2 2 1 16 2115 3593 3137
6869 2 2 1 16 1290 3457 2961
6870 2 2 1 16 2598 3612 3587
6871 2 2 1 16 2034 3531 1664
6872 2 2 1 16 1739 3542 2513
6873 2 2 1 16 114 3685 113
6874 2 2 1 16 3146 3682 1354
6875 2 2 1 16 2092 3427 3359
6876 2 2 1 16 1173 3489 994
6877 2 2 1 16 1856 3642 1160
6878 2 2 1 16 2124 3528 3394
6879 2 2 1 16 558 3384 3191
6880 2 2 1 16 2235 3492 2012
6881 2 2 1 16 2256 3645 2806
6882 2 2 1 16 2866 3688 477
6883 2 2 1 16 3132 3133 559
6884 2 2 1 16 3378 3529 2110
6885 2 2 1 16 1860 3435 1990
6886 2 2 1 16 3467 3565 2034
6887 2 2 1 16 3203 3602 2169
6888 2 2 1 16 2938 3708 2087
6889 2 2 1 16 2039 3626 3470
6890 2 2 1 16 1360 3461 2980
6891 2 2 1 16 3017 3333 3247
6892 2 2 1 16 1970 3674 2197
6893 2 2 1 16 2100 3445 3294
6894 2 2 1 16 3208 3497 2223
6895 2 2 1 16 2787 3626 2039
6896 2 2 1 16 3495 3653 2143
6897 2 2 1 16 2791 3498 786
6898 2 2 1 16 2173 3585 2116
6899 2 2 1 16 3271 3442 2069
6900 2 2 1 16 1067 3523 867
6901 2 2 1 16 2828 3540 3399
6902 2 2 1 16 2032 3440 1914
6903 2 2 1 16 1914 3440 1918
6904 2 2 1 16 1553 3474 3326
6905 2 2 1 16 2877 3710 3242
6906 2 2 1 16 1179 3589 2641
6907 2 2 1 16 2057 3546 2233
6908 2 2 1 16 1817 3312 3311
6909 2 2 1 16 2636 3599 3104
6910 2 2 1 16 3128 3378 478
6911 2 2 1 16 430 3458 2908
6912 2 2 1 16 564 3448 345
6913 2 2 1 16 2142 3623 3478
6914 2 2 1 16 526 3574 201
6915 2 2 1 16 3152 3429 2037
6916 2 2 1 16 3192 3413 1960
6917 2 2 1 16 3159 3657 2600
6918 2 2 1 16 521 3538 3011
6919 2 2 1 16 488 3404 3241
6920 2 2 1 16 1848 3525 2114
6921 2 2 1 16 2126 3528 2124
6922 2 2 1 16 3308 3664 2851
6923 2 2 1 16 3299 3349 1882
6924 2 2 1 16 3195 3577 2434
6925 2 2 1 16 454 3704 2850
6926 2 2 1 16 2726 3552 3355
6927 2 2 1 16 1749 3580 1751
6928 2 2 1 16 2817 3606 2154
6929 2 2 1 16 3244 3605 2395
6930 2 2 1 16 3103 3468 3043
6931 2 2 1 16 2143 3653 1520
6932 2 2 1 16 2287 3578 3330
6933 2 2 1 16 2033 3444 1670
6934 2 2 1 16 3010 3384 558
6935 2 2 1 16 1659 3576 3323
6936 2 2 1 16 1824 3616 1825
6937 2 2 1 16 2521 3513 3127
6938 2 2 1 16 2068 3468 3103
6939 2 2 1 16 942 3556 939
6940 2 2 1 16 2283 3705 2285
6941 2 2 1 16 467 3502 2878
6942 2 2 1 16 2814 3550 3504
6943 2 2 1 16 1817 3311 574
6944 2 2 1 16 2944 3652 2260
6945 2 2 1 16 3166 3588 2317
6946 2 2 1 16 2910 3491 553
6947 2 2 1 16 2031 3615 3177
6948 2 2 1 16 2824 3604 527
6949 2 2 1 16 2035 3514 3295
6950 2 2 1 16 2084 3696 2997
6951 2 2 1 16 3330 3578 434
6952 2 2 1 16 2232 3592 3376
6953 2 2 1 16 2232 3376 3247
6954 2 2 1 16 3053 3617 1122
6955 2 2 1 16 704 3550 2814
6956 2 2 1 16 2144 3600 3353
6957 2 2 1 16 1506 3463 3053
6958 2 2 1 16 2064 3590 2065
6959 2 2 1 16 432 3572 3431
6960 2 2 1 16 2099 3549 3260
6961 2 2 1 16 2727 3608 2735
6962 2 2 1 16 2278 3664 3560
6963 2 2 1 16 2336 3661 3245
6964 2 2 1 16 3228 3579 2438
6965 2 2 1 16 2260 3541 3173
6966 2 2 1 16 3269 3424 2151
6967 2 2 1 16 2735 3608 1779
6968 2 2 1 16 3417 3536 2134
6969 2 2 1 16 2984 3552 523
6970 2 2 1 16 3090 3707 1921
6971 2 2 1 16 2511 3395 3273
6972 2 2 1 16 2067 3584 2068
6973 2 2 1 16 2252 3439 3188
6974 2 2 1 16 561 3602 3203
6975 2 2 1 16 3097 3409 1907
6976 2 2 1 16 2440 3582 1888
6977 2 2 1 16 3322 3519 2580
6978 2 2 1 16 2043 3587 1734
6979 2 2 1 16 3141 3418 560
6980 2 2 1 16 3439 3474 3188
6981 2 2 1 16 2065 3709 1935
6982 2 2 1 16 3305 3463 1506
6983 2 2 1 16 1542 3697 2890
6984 2 2 1 16 3145 3631 557
6985 2 2 1 16 3454 3625 1667
6986 2 2 1 16 1147 3428 3149
6987 2 2 1 16 468 3683 3216
6988 2 2 1 16 502 3442 3205
6989 2 2 1 16 3431 3672 2510
6990 2 2 1 16 3597 3664 2278
6991 2 2 1 16 3186 3698 2296
6992 2 2 1 16 2839 3566 484
6993 2 2 1 16 2586 3632 3630
6994 2 2 1 16 2797 3629 942
6995 2 2 1 16 3096 3409 3097
6996 2 2 1 16 2482 3651 3292
6997 2 2 1 16 3160 3706 534
6998 2 2 1 16 2285 3705 3487
6999 2 2 1 16 2975 3659 2252
7000 2 2 1 16 1932 3656 3106
7001 2 2 1 16 1918 3440 3408
7002 2 2 1 16 3306 3427 2023
7003 2 2 1 16 3197 3590 2064
7004 2 2 1 16 2799 3647 2030
7005 2 2 1 16 2481 3651 2482
7006 2 2 1 16 3234 3370 2221
7007 2 2 1 16 3384 3554 3191
7008 2 2 1 16 428 3534 2921
7009 2 2 1 16 445 3686 3516
7010 2 2 1 16 2852 3597 449
7011 2 2 1 16 525 3630 2830
7012 2 2 1 16 3039 3640 1788
7013 2 2 1 16 3505 3694 2708
7014 2 2 1 16 1667 3677 1665
7015 2 2 1 16 3095 3409 3096
7016 2 2 1 16 942 3629 3556
7017 2 2 1 16 1893 3694 3505
7018 2 2 1 16 3477 3654 2235
7019 2 2 1 16 1843 3645 3078
7020 2 2 1 16 2158 3681 3301
7021 2 2 1 16 970 3699 2947
7022 2 2 1 16 1744 3650 3162
7023 2 2 1 16 437 3563 2875
7024 2 2 1 16 2618 3682 3146
7025 2 2 1 16 2830 3632 494
7026 2 2 1 16 3251 3704 454
7027 2 2 1 16 2285 3487 3172
7028 2 2 1 16 2781 3676 2177
7029 2 2 1 16 3191 3554 2229
7030 2 2 1 16 3242 3710 2310
7031 2 2 1 16 2919 3579 554
7032 2 2 1 16 3097 3422 501
7033 2 2 1 16 2390 3655 2909
7034 2 2 1 16 3279 3478 2149
7035 2 2 1 16 1961 3474 3439
7036 2 2 1 16 3278 3493 1908
7037 2 2 1 16 3360 3544 1440
7038 2 2 1 16 2851 3664 2852
7039 2 2 1 16 3267 3548 1079
7040 2 2 1 16 3011 3538 2491
7041 2 2 1 16 1120 3663 3123
7042 2 2 1 16 1953 3443 3278
7043 2 2 1 16 3532 3691 2426
7044 2 2 1 16 1160 3642 3178
7045 2 2 1 16 2203 3695 2812
7046 2 2 1 16 2868 3661 537
7047 2 2 1 16 2252 3659 3439
7048 2 2 1 16 3630 3632 2830
7049 2 2 1 16 2431 3644 2972
7050 2 2 1 16 794 3497 3161
7051 2 2 1 16 2814 3504 3285
7052 2 2 1 16 429 3636 2913
7053 2 2 1 16 3161 3497 3208
7054 2 2 1 16 501 3422 3113
7055 2 2 1 16 3166 3453 450
7056 2 2 1 16 2170 3649 3084
7057 2 2 1 16 2047 3540 3286
7058 2 2 1 16 3597 3609 449
7059 2 2 1 16 449 3609 3124
7060 2 2 1 16 3260 3549 540
7061 2 2 1 16 3381 3499 2555
7062 2 2 1 16 3359 3427 747
7063 2 2 1 16 2852 3664 3597
7064 2 2 1 16 2880 3683 468
7065 2 2 1 16 3119 3446 499
7066 2 2 1 16 1248 3654 3477
7067 2 2 1 16 1669 3596 3286
7068 2 2 1 16 2909 3655 474
7069 2 2 1 16 2876 3710 2877
7070 2 2 1 16 433 3698 2895
7071 2 2 1 16 3489 3585 2173
7072 2 2 1 16 3327 3670 991
7073 2 2 1 16 2052 3524 3449
7074 2 2 1 16 3487 3705 1538
7075 2 2 1 16 2764 3631 3145
7076 2 2 1 16 3311 3459 572
7077 2 2 1 16 3525 3670 2114
7078 2 2 1 16 473 3703 2906
7079 2 2 1 16 2383 3481 3329
7080 2 2 1 16 2317 3453 3166
7081 2 2 1 16 3010 3689 3384
7082 2 2 1 16 3082 3615 2031
7083 2 2 1 16 3303 3540 2828
7084 2 2 1 16 3189 3711 438
7085 2 2 1 16 3401 3468 2068
7086 2 2 1 16 2118 3484 3342
7087 2 2 1 16 3476 3477 2163
7088 2 2 1 16 450 3453 3134
7089 2 2 1 16 572 3459 570
7090 2 2 1 16 495 3701 3207
7091 2 2 1 16 2997 3558 2084
7092 2 2 1 16 3443 3493 3278
7093 2 2 1 16 3313 3547 1634
7094 2 2 1 16 880 3691 3532
7095 2 2 1 16 3327 3532 2426
7096 2 2 1 16 1917 3696 2732
7097 2 2 1 16 2180 3619 3328
7098 2 2 1 16 3501 3518 2113
7099 2 2 1 16 3499 3703 473
7100 2 2 1 16 3478 3623 738
7101 2 2 1 16 3147 3434 2316
7102 2 2 1 16 3375 3520 518
7103 2 2 1 16 3415 3533 2506
7104 2 2 1 16 1893 3505 3299
7105 2 2 1 16 2013 3504 3388
7106 2 2 1 16 1991 3648 3325
7107 2 2 1 16 3354 3563 437
7108 2 2 1 16 2303 3605 3244
7109 2 2 1 16 2296 3581 3186
7110 2 2 1 16 493 3689 3010
7111 2 2 1 16 3221 3694 1893
7112 2 2 1 16 3439 3659 1803
7113 2 2 1 16 3425 3591 2120
7114 2 2 1 16 2276 3609 3597
7115 2 2 1 16 3353 3600 2145
7116 2 2 1 16 3184 3657 1438
7117 2 2 1 16 3301 3681 749
7118 2 2 1 16 3408 3440 1174
7119 2 2 1 16 570 3459 2261
7120 2 2 1 16 489 3533 3415
7121 2 2 1 16 3095 3598 3409
7122 2 2 1 16 505 3485 3007
7123 2 2 1 16 2860 3700 3273
7124 2 2 1 16 2850 3704 3539
7125 2 2 1 16 444 3598 3095
7126 2 2 1 16 3624 3668 2535
7127 2 2 1 16 2087 3708 3364
7128 2 2 1 16 2130 3544 3360
7129 2 2 1 16 2171 3543 3441
7130 2 2 1 16 1076 3565 3467
7131 2 2 1 16 3491 3618 2389
7132 2 2 1 16 2426 3691 3199
7133 2 2 1 16 1632 3518 3501
7134 2 2 1 16 494 3632 3336
7135 2 2 1 16 1030 3601 3333
7136 2 2 1 16 2017 3617 3463
7137 2 2 1 16 524 3620 3380
7138 2 2 1 16 3449 3524 1676
7139 2 2 1 16 3137 3593 2275
7140 2 2 1 16 2133 3538 3506
7141 2 2 1 16 1248 3477 3476
7142 2 2 1 16 3007 3485 3137
7143 2 2 1 16 3133 3529 559
7144 2 2 1 16 559 3529 3128
7145 2 2 1 16 1617 3493 3443
7146 2 2 1 16 478 3610 3129
7147 2 2 1 16 3508 3560 2360
7148 2 2 1 16 3128 3529 3378
7149 2 2 1 16 2331 3628 3251
7150 2 2 1 16 2114 3670 3339
7151 2 2 1 16 3378 3610 478
7152 2 2 1 16 3506 3538 521
7153 2 2 1 16 3122 3692 837
7154 2 2 1 16 3483 3561 2372
7155 2 2 1 16 2260 3652 3541
7156 2 2 1 16 3384 3689 2231
7157 2 2 1 16 2231 3554 3384
7158 2 2 1 16 3459 3575 2261
7159 2 2 1 16 2812 3695 3312
7160 2 2 1 16 3463 3617 3053
7161 2 2 1 16 1067 3679 3523
7162 2 2 1 16 3531 3565 2385
7163 2 2 1 16 3391 3686 2856
7164 2 2 1 16 2278 3560 3508
7165 2 2 1 16 1944 3624 3438
7166 2 2 1 16 1956 3673 3340
7167 2 2 1 16 2910 3618 3491
7168 2 2 1 16 2105 3620 3510
7169 2 2 1 16 3541 3652 2263
7170 2 2 1 16 3431 3572 2136
7171 2 2 1 16 3435 3594 1990
7172 2 2 1 16 2199 3680 3407
7173 2 2 1 16 3625 3677 1667
7174 2 2 1 16 2136 3672 3431
7175 2 2 1 16 2147 3703 3499
7176 2 2 1 16 3523 3679 2731
7177 2 2 1 16 2593 3677 3625
7178 2 2 1 16 2115 3662 3593
7179 2 2 1 16 3539 3704 2362
7180 2 2 1 16 3516 3686 2477
7181 2 2 1 16 3593 3662 568
7182 2 2 1 16 2773 3027 3026
7183 2 2 1 17 4371 4713 4727
7184 2 2 1 17 4610 4602 4641
7185 2 2 1 17 3971 3969 4669
7186 2 2 1 17 3869 4584 4736
7187 2 2 1 17 4756 4428 4757
7188 2 2 1 17 4630 4230 4674
7189 2 2 1 17 4461 4102 4463
7190 2 2 1 17 4365 4486 4963
7191 2 2 1 17 4130 4647 4743
7192 2 2 1 17 3917 4483 4940
7193 2 2 1 17 4097 4417 4679
7194 2 2 1 17 4597 4370 4928
7195 2 2 1 17 4578 3768 4689
7196 2 2 1 17 4602 4610 4640
7197 2 2 1 17 4416 3965 4994
7198 2 2 1 17 4810 4306 4850
7199 2 2 1 17 4417 4097 4838
7200 2 2 1 17 3887 4127 4505
7201 2 2 1 17 4624 4186 4684
7202 2 2 1 17 4531 4183 4598
7203 2 2 1 17 4296 4428 4756
7204 2 2 1 17 4639 4122 4754
7205 2 2 1 17 4596 4597 4928
7206 2 2 1 17 4366 4710 4930
7207 2 2 1 17 4442 3989 4649
7208 2 2 1 17 4483 3917 5020
7209 2 2 1 17 3748 4439 4732
7210 2 2 1 17 4230 4630 5007
7211 2 2 1 17 4336 4371 4727
7212 2 2 1 17 3885 3887 4505
7213 2 2 1 17 4685 4380 4942
7214 2 2 1 17 4807 3795 5022
7215 2 2 1 17 4262 4811 5025
7216 2 2 1 17 3965 4416 4657
7217 2 2 1 17 4439 3748 4478
7218 2 2 1 17 4476 4865 4890
7219 2 2 1 17 3760 4440 4827
7220 2 2 1 17 3728 4614 4983
7221 2 2 1 17 4614 4403 4983
7222 2 2 1 17 3882 4458 4799
7223 2 2 1 17 3771 4554 5016
7224 2 2 1 17 4366 4367 4710
7225 2 2 1 17 4573 4380 4685
7226 2 2 1 17 4106 4063 4723
7227 2 2 1 17 4623 4624 4684
7228 2 2 1 17 4460 3721 4508
7229 2 2 1 17 3735 4599 4889
7230 2 2 1 17 3772 4432 4796
7231 2 2 1 17 3844 4494 4863
7232 2 2 1 17 4641 4117 4725
7233 2 2 1 17 4440 3760 4486
7234 2 2 1 17 3989 4442 4727
7235 2 2 1 17 4494 4307 4863
7236 2 2 1 17 4445 3725 4728
7237 2 2 1 17 3725 4445 4697
7238 2 2 1 17 3773 4510 4877
7239 2 2 1 17 4446 3759 4537
7240 2 2 1 17 4900 4668 5003
7241 2 2 1 17 4865 3716 4890
7242 2 2 1 17 3768 4578 4789
7243 2 2 1 17 4572 4050 4873
7244 2 2 1 17 4811 4738 5025
7245 2 2 1 17 4498 4869 5013
7246 2 2 1 17 4554 3771 4765
7247 2 2 1 17 4326 4847 5084
7248 2 2 1 17 4396 4807 5022
7249 2 2 1 17 4773 4806 4817
7250 2 2 1 17 4599 3735 4704
7251 2 2 1 17 4458 3882 5041
7252 2 2 1 17 4571 4572 4873
7253 2 2 1 17 4562 3716 4865
7254 2 2 1 17 4102 4461 5109
7255 2 2 1 17 4645 3742 4787
7256 2 2 1 17 4042 4449 4737
7257 2 2 1 17 4471 3717 5021
7258 2 2 1 17 4642 3773 4877
7259 2 2 1 17 4906 4662 4910
7260 2 2 1 17 4847 4326 5058
7261 2 2 1 17 3716 4562 4945
7262 2 2 1 17 3778 346 3779
7263 2 2 1 17 4473 3714 4490
7264 2 2 1 17 3975 3971 4669
7265 2 2 1 17 4463 4102 4670
7266 2 2 1 17 4739 4492 5075
7267 2 2 1 17 4523 3745 5047
7268 2 2 1 17 3801 4492 4739
7269 2 2 1 17 4443 3825 4504
7270 2 2 1 17 4286 4475 4491
7271 2 2 1 17 3722 4661 4663
7272 2 2 1 17 4584 3869 5026
7273 2 2 1 17 4718 4055 4843
7274 2 2 1 17 3811 4799 4933
7275 2 2 1 17 4234 4477 4647
7276 2 2 1 17 3825 4443 4502
7277 2 2 1 17 3722 4663 4946
7278 2 2 1 17 4432 4686 4796
7279 2 2 1 17 4109 4906 4910
7280 2 2 1 17 3915 4437 4767
7281 2 2 1 17 4164 4535 4536
7282 2 2 1 17 4522 3745 4523
7283 2 2 1 17 4445 4728 4886
7284 2 2 1 17 4647 4477 4743
7285 2 2 1 17 4793 4909 4965
7286 2 2 1 17 4869 3775 5013
7287 2 2 1 17 4770 4414 5013
7288 2 2 1 17 4146 4145 4547
7289 2 2 1 17 3761 4900 5003
7290 2 2 1 17 345 264 3779
7291 2 2 1 17 4621 4361 4824
7292 2 2 1 17 3759 4446 4648
7293 2 2 1 17 4719 4718 4843
7294 2 2 1 17 4449 4042 4720
7295 2 2 1 17 4812 4455 5060
7296 2 2 1 17 4894 3851 5051
7297 2 2 1 17 4340 4810 4850
7298 2 2 1 17 3712 4771 4895
7299 2 2 1 17 3961 4657 4840
7300 2 2 1 17 4183 4531 4627
7301 2 2 1 17 4497 4717 4735
7302 2 2 1 17 4771 4385 4895
7303 2 2 1 17 4603 4639 4754
7304 2 2 1 17 4437 3915 5065
7305 2 2 1 17 3731 4448 5024
7306 2 2 1 17 4658 4586 5056
7307 2 2 1 17 4556 4296 4937
7308 2 2 1 17 3739 4570 4985
7309 2 2 1 17 4226 4106 4723
7310 2 2 1 17 4414 4770 4958
7311 2 2 1 17 5032 4721 5074
7312 2 2 1 17 314 315 4559
7313 2 2 1 17 4797 4893 4940
7314 2 2 1 17 4610 4641 4725
7315 2 2 1 17 4806 4672 4817
7316 2 2 1 17 4564 4124 4658
7317 2 2 1 17 4237 4235 4737
7318 2 2 1 17 3767 4580 4995
7319 2 2 1 17 4887 5057 5115
7320 2 2 1 17 3742 4645 4917
7321 2 2 1 17 4379 4826 5066
7322 2 2 1 17 4306 4368 4850
7323 2 2 1 17 4826 4690 5066
7324 2 2 1 17 4580 4451 4995
7325 2 2 1 17 3717 4471 4975
7326 2 2 1 17 346 345 3779
7327 2 2 1 17 4656 4472 4932
7328 2 2 1 17 4477 4234 4646
7329 2 2 1 17 6 264 345
7330 2 2 1 17 4124 4566 4579
7331 2 2 1 17 4012 4105 4517
7332 2 2 1 17 4524 4065 4525
7333 2 2 1 17 3762 4498 4499
7334 2 2 1 17 4734 4650 4767
7335 2 2 1 17 315 3736 4559
7336 2 2 1 17 4408 4564 4658
7337 2 2 1 17 4006 4008 4536
7338 2 2 1 17 4568 4982 4985
7339 2 2 1 17 4717 4497 4736
7340 2 2 1 17 3853 3851 4894
7341 2 2 1 17 4304 4200 4569
7342 2 2 1 17 4486 4488 4963
7343 2 2 1 17 4400 4654 5059
7344 2 2 1 17 4105 4208 4518
7345 2 2 1 17 4633 5032 5074
7346 2 2 1 17 3885 4505 4731
7347 2 2 1 17 4296 4756 4937
7348 2 2 1 17 4643 3777 4696
7349 2 2 1 17 4670 4083 5077
7350 2 2 1 17 4322 4489 4617
7351 2 2 1 17 4549 4656 4932
7352 2 2 1 17 4889 4599 4951
7353 2 2 1 17 4475 4286 4529
7354 2 2 1 17 4276 4812 5060
7355 2 2 1 17 4647 4130 4821
7356 2 2 1 17 4887 4386 5057
7357 2 2 1 17 4304 4570 4939
7358 2 2 1 17 4250 4567 4569
7359 2 2 1 17 4507 4173 4752
7360 2 2 1 17 4566 4250 4579
7361 2 2 1 17 4893 3917 4940
7362 2 2 1 17 4432 3772 5079
7363 2 2 1 17 4657 4416 4840
7364 2 2 1 17 4037 4586 4658
7365 2 2 1 17 4799 4458 4933
7366 2 2 1 17 4304 4569 4570
7367 2 2 1 17 4419 4856 5063
7368 2 2 1 17 4918 4479 5005
7369 2 2 1 17 3721 4460 4660
7370 2 2 1 17 4250 4566 4567
7371 2 2 1 17 3969 4065 4669
7372 2 2 1 17 4694 4302 5066
7373 2 2 1 17 4511 4056 4742
7374 2 2 1 17 4102 4083 4670
7375 2 2 1 17 4627 4279 4683
7376 2 2 1 17 4437 4734 4767
7377 2 2 1 17 4542 4627 4683
7378 2 2 1 17 4412 4591 4816
7379 2 2 1 17 4164 4534 4535
7380 2 2 1 17 4545 4233 4546
7381 2 2 1 17 4104 4519 4521
7382 2 2 1 17 4480 3876 4528
7383 2 2 1 17 4591 4107 4816
7384 2 2 1 17 4539 4330 4862
7385 2 2 1 17 4580 3741 4920
7386 2 2 1 17 4365 4963 5102
7387 2 2 1 17 4982 3739 4985
7388 2 2 1 17 4286 4491 5052
7389 2 2 1 17 3876 4480 4506
7390 2 2 1 17 4632 4918 5005
7391 2 2 1 17 3924 3922 4607
7392 2 2 1 17 4401 4400 5059
7393 2 2 1 17 4448 3731 4695
7394 2 2 1 17 4492 4418 5075
7395 2 2 1 17 4424 4911 4929
7396 2 2 1 17 3773 305 4510
7397 2 2 1 17 3714 4473 4730
7398 2 2 1 17 4509 3715 4686
7399 2 2 1 17 4124 4564 4566
7400 2 2 1 17 4395 4328 4534
7401 2 2 1 17 4448 4435 5024
7402 2 2 1 17 4008 4164 4536
7403 2 2 1 17 4599 4729 4951
7404 2 2 1 17 4254 4445 4886
7405 2 2 1 17 4508 3721 4751
7406 2 2 1 17 4751 3771 5016
7407 2 2 1 17 4057 4818 5090
7408 2 2 1 17 4057 4056 4818
7409 2 2 1 17 4786 4374 4920
7410 2 2 1 17 4330 4539 4785
7411 2 2 1 17 3966 4477 4646
7412 2 2 1 17 4297 4504 4655
7413 2 2 1 17 4654 4400 4691
7414 2 2 1 17 3981 4297 4655
7415 2 2 1 17 3729 4484 5070
7416 2 2 1 17 4560 3756 4712
7417 2 2 1 17 4483 4482 4940
7418 2 2 1 17 4531 4598 4704
7419 2 2 1 17 3988 3991 4649
7420 2 2 1 17 4532 3854 4825
7421 2 2 1 17 3945 3963 4625
7422 2 2 1 17 4570 4768 4939
7423 2 2 1 17 4419 4421 4856
7424 2 2 1 17 3922 3938 4607
7425 2 2 1 17 4665 4678 5070
7426 2 2 1 17 4607 4606 4802
7427 2 2 1 17 4802 4606 4846
7428 2 2 1 17 4357 4482 4677
7429 2 2 1 17 4449 4237 4737
7430 2 2 1 17 4885 4694 5024
7431 2 2 1 17 3863 3966 4646
7432 2 2 1 17 4517 4105 4518
7433 2 2 1 17 4595 4592 4611
7434 2 2 1 17 4012 4517 4649
7435 2 2 1 17 300 301 4701
7436 2 2 1 17 4603 4600 4638
7437 2 2 1 17 4686 3715 4796
7438 2 2 1 17 4528 4676 4841
7439 2 2 1 17 4993 4255 5035
7440 2 2 1 17 4610 4608 4640
7441 2 2 1 17 4570 3739 4990
7442 2 2 1 17 4484 3729 4668
7443 2 2 1 17 4911 4826 4929
7444 2 2 1 17 4782 4488 5057
7445 2 2 1 17 4682 4228 4808
7446 2 2 1 17 4541 4904 4950
7447 2 2 1 17 4903 4665 5070
7448 2 2 1 17 4820 4546 5101
7449 2 2 1 17 4425 4444 4666
7450 2 2 1 17 4584 4717 4736
7451 2 2 1 17 4778 4891 4954
7452 2 2 1 17 4847 4832 5084
7453 2 2 1 17 371 370 4747
7454 2 2 1 17 3854 3848 4825
7455 2 2 1 17 4793 3769 4909
7456 2 2 1 17 4588 4427 4666
7457 2 2 1 17 4547 4145 4992
7458 2 2 1 17 4049 4047 4677
7459 2 2 1 17 4544 4233 4545
7460 2 2 1 17 4504 4297 5110
7461 2 2 1 17 4667 4347 4759
7462 2 2 1 17 5008 4765 5036
7463 2 2 1 17 3989 3988 4649
7464 2 2 1 17 3757 4663 5098
7465 2 2 1 17 4803 3718 4948
7466 2 2 1 17 3750 4481 4745
7467 2 2 1 17 4713 3989 4727
7468 2 2 1 17 3849 4621 4824
7469 2 2 1 17 4709 4420 5063
7470 2 2 1 17 4715 4930 5055
7471 2 2 1 17 4063 4104 4723
7472 2 2 1 17 3766 4491 4747
7473 2 2 1 17 4481 3750 5000
7474 2 2 1 17 4617 4197 4618
7475 2 2 1 17 3770 4530 4792
7476 2 2 1 17 4525 4065 4707
7477 2 2 1 17 3849 3845 4557
7478 2 2 1 17 4726 4283 4884
7479 2 2 1 17 4822 3870 4875
7480 2 2 1 17 4534 4328 4535
7481 2 2 1 17 4546 4820 5050
7482 2 2 1 17 4498 3762 4869
7483 2 2 1 17 4421 4803 4948
7484 2 2 1 17 4492 3801 4814
7485 2 2 1 17 4538 3993 4539
7486 2 2 1 17 4111 4183 4542
7487 2 2 1 17 3741 4786 4920
7488 2 2 1 17 4875 3870 4960
7489 2 2 1 17 4551 4173 4553
7490 2 2 1 17 4909 4616 4965
7491 2 2 1 17 4435 4885 5024
7492 2 2 1 17 4689 3768 4716
7493 2 2 1 17 4427 4425 4666
7494 2 2 1 17 4904 3740 4950
7495 2 2 1 17 4482 4357 4940
7496 2 2 1 17 4173 4069 4752
7497 2 2 1 17 4518 4208 4726
7498 2 2 1 17 4637 4015 5112
7499 2 2 1 17 4404 4252 4544
7500 2 2 1 17 3762 4499 4500
7501 2 2 1 17 4522 4520 4740
7502 2 2 1 17 4197 4617 4762
7503 2 2 1 17 4861 4443 5110
7504 2 2 1 17 4715 4366 4930
7505 2 2 1 17 4259 4548 4761
7506 2 2 1 17 4493 4993 5035
7507 2 2 1 17 4533 4064 4542
7508 2 2 1 17 3820 3823 4548
7509 2 2 1 17 4200 4250 4569
7510 2 2 1 17 4628 4630 4673
7511 2 2 1 17 4015 4850 5112
7512 2 2 1 17 4549 4123 4656
7513 2 2 1 17 4665 3758 4678
7514 2 2 1 17 3781 3776 4750
7515 2 2 1 17 4713 4371 4785
7516 2 2 1 17 4623 4259 4624
7517 2 2 1 17 3938 4605 4607
7518 2 2 1 17 4617 4281 4762
7519 2 2 1 17 4535 4328 4581
7520 2 2 1 17 4780 4562 4950
7521 2 2 1 17 3749 300 4701
7522 2 2 1 17 4028 4667 4759
7523 2 2 1 17 3869 4736 4849
7524 2 2 1 17 4413 4286 5052
7525 2 2 1 17 3842 4556 4557
7526 2 2 1 17 4094 4679 4842
7527 2 2 1 17 4630 4634 4673
7528 2 2 1 17 4766 4765 5008
7529 2 2 1 17 4065 4524 4669
7530 2 2 1 17 4562 4323 4950
7531 2 2 1 17 3952 4064 4533
7532 2 2 1 17 3856 3853 4957
7533 2 2 1 17 4679 4417 4842
7534 2 2 1 17 4236 4239 4597
7535 2 2 1 17 4592 3913 4611
7536 2 2 1 17 4386 4782 5057
7537 2 2 1 17 3849 4557 4813
7538 2 2 1 17 4604 4667 5123
7539 2 2 1 17 4785 4371 4829
7540 2 2 1 17 3789 3786 4587
7541 2 2 1 17 4395 4534 4876
7542 2 2 1 17 4891 4058 4954
7543 2 2 1 17 4056 3972 4742
7544 2 2 1 17 3985 3993 4538
7545 2 2 1 17 4233 4146 4547
7546 2 2 1 17 4122 4639 4868
7547 2 2 1 17 3936 4692 4839
7548 2 2 1 17 4600 3906 4638
7549 2 2 1 17 4518 4726 4884
7550 2 2 1 17 4538 4539 4680
7551 2 2 1 17 4302 4379 5066
7552 2 2 1 17 4550 4451 4580
7553 2 2 1 17 4608 3900 4640
7554 2 2 1 17 4064 4111 4542
7555 2 2 1 17 4522 4740 5006
7556 2 2 1 17 4052 4571 4873
7557 2 2 1 17 4692 4311 4839
7558 2 2 1 17 4313 4343 4541
7559 2 2 1 17 3806 3882 4799
7560 2 2 1 17 4250 4141 4579
7561 2 2 1 17 4297 4680 5110
7562 2 2 1 17 4089 4097 4679
7563 2 2 1 17 3831 3885 4731
7564 2 2 1 17 4651 4360 4800
7565 2 2 1 17 4132 4254 4938
7566 2 2 1 17 3845 3842 4557
7567 2 2 1 17 4758 4636 5116
7568 2 2 1 17 4240 4451 4550
7569 2 2 1 17 4634 4630 4674
7570 2 2 1 17 4622 4623 4684
7571 2 2 1 17 4663 3757 4946
7572 2 2 1 17 3821 3981 4655
7573 2 2 1 17 3933 3929 4591
7574 2 2 1 17 4570 4569 4985
7575 2 2 1 17 4404 4544 4545
7576 2 2 1 17 4362 4188 4616
7577 2 2 1 17 4542 4183 4627
7578 2 2 1 17 305 306 4510
7579 2 2 1 17 4322 4617 4618
7580 2 2 1 17 4241 4326 4543
7581 2 2 1 17 3842 3838 4556
7582 2 2 1 17 3789 4587 5130
7583 2 2 1 17 4307 4305 4863
7584 2 2 1 17 4075 4123 4549
7585 2 2 1 17 3999 4259 4623
7586 2 2 1 17 4370 4597 4970
7587 2 2 1 17 4071 4173 4551
7588 2 2 1 17 4606 4604 5123
7589 2 2 1 17 3741 4580 4971
7590 2 2 1 17 4361 4621 5099
7591 2 2 1 17 3961 3939 4657
7592 2 2 1 17 4047 4357 4677
7593 2 2 1 17 4541 4343 4904
7594 2 2 1 17 411 410 4660
7595 2 2 1 17 4513 4285 4563
7596 2 2 1 17 4085 4102 4558
7597 2 2 1 17 4414 4498 5013
7598 2 2 1 17 4560 4712 4916
7599 2 2 1 17 4104 4521 4723
7600 2 2 1 17 4736 4798 4849
7601 2 2 1 17 4149 4066 4619
7602 2 2 1 17 4252 4181 4544
7603 2 2 1 17 4334 4175 4561
7604 2 2 1 17 3780 4770 5013
7605 2 2 1 17 4259 4761 5100
7606 2 2 1 17 4011 4719 4741
7607 2 2 1 17 4757 4636 4758
7608 2 2 1 17 4596 4010 4597
7609 2 2 1 17 3746 3781 3782
7610 2 2 1 17 4234 4647 5104
7611 2 2 1 17 4421 4282 4803
7612 2 2 1 17 4505 4127 5087
7613 2 2 1 17 4443 4504 5110
7614 2 2 1 17 4676 4321 4841
7615 2 2 1 17 4266 4265 4648
7616 2 2 1 17 4676 4234 5104
7617 2 2 1 17 4010 4236 4597
7618 2 2 1 17 4588 4589 4745
7619 2 2 1 17 3872 3871 4528
7620 2 2 1 17 4330 4785 4829
7621 2 2 1 17 4509 4620 4919
7622 2 2 1 17 4378 4744 4989
7623 2 2 1 17 4210 4373 4590
7624 2 2 1 17 370 3766 4747
7625 2 2 1 17 4598 4294 4599
7626 2 2 1 17 3891 3926 4635
7627 2 2 1 17 3791 4501 4913
7628 2 2 1 17 4340 4013 4622
7629 2 2 1 17 3818 3820 4548
7630 2 2 1 17 4235 4625 4737
7631 2 2 1 17 3920 4594 4638
7632 2 2 1 17 4625 3963 4737
7633 2 2 1 17 3954 4010 4596
7634 2 2 1 17 3919 4602 4640
7635 2 2 1 17 4585 4389 4998
7636 2 2 1 17 4485 4338 4626
7637 2 2 1 17 4604 4298 4667
7638 2 2 1 17 3747 4729 4958
7639 2 2 1 17 3786 3784 4587
7640 2 2 1 17 3777 4643 4701
7641 2 2 1 17 4517 4442 4649
7642 2 2 1 17 4537 3759 5039
7643 2 2 1 17 4121 4049 4677
7644 2 2 1 17 4497 4496 4798
7645 2 2 1 17 4186 4624 4935
7646 2 2 1 17 3965 4683 4994
7647 2 2 1 17 4101 4174 4529
7648 2 2 1 17 4172 4099 4529
7649 2 2 1 17 4744 4378 5028
7650 2 2 1 17 4805 4804 4870
7651 2 2 1 17 4729 4387 4958
7652 2 2 1 17 3991 4012 4649
7653 2 2 1 17 4728 4359 4886
7654 2 2 1 17 3947 3945 4625
7655 2 2 1 17 4141 4039 4579
7656 2 2 1 17 4340 4684 4810
7657 2 2 1 17 4494 3844 5089
7658 2 2 1 17 3938 4030 4605
7659 2 2 1 17 4099 4101 4529
7660 2 2 1 17 4389 4585 4966
7661 2 2 1 17 4587 4666 5130
7662 2 2 1 17 4719 4011 4830
7663 2 2 1 17 4052 4054 4571
7664 2 2 1 17 3759 4648 4688
7665 2 2 1 17 4107 3914 4650
7666 2 2 1 17 4302 4694 4885
7667 2 2 1 17 4007 4004 4724
7668 2 2 1 17 4519 4104 4759
7669 2 2 1 17 3965 4533 4683
7670 2 2 1 17 4004 4005 4724
7671 2 2 1 17 4427 4588 4745
7672 2 2 1 17 4478 3748 4479
7673 2 2 1 17 4630 4629 5007
7674 2 2 1 17 4214 4331 4574
7675 2 2 1 17 3929 3927 4591
7676 2 2 1 17 4621 3849 4813
7677 2 2 1 17 4758 3948 4979
7678 2 2 1 17 4629 4364 5007
7679 2 2 1 17 3948 4758 5116
7680 2 2 1 17 4489 4322 4952
7681 2 2 1 17 4919 4620 4999
7682 2 2 1 17 4138 4298 4604
7683 2 2 1 17 4611 3923 4753
7684 2 2 1 17 4182 4294 4598
7685 2 2 1 17 4066 4021 4619
7686 2 2 1 17 4360 4651 4933
7687 2 2 1 17 4016 4015 4637
7688 2 2 1 17 3918 3923 4611
7689 2 2 1 17 4465 4463 4670
7690 2 2 1 17 3889 3891 4635
7691 2 2 1 17 272 4628 4673
7692 2 2 1 17 4258 4436 4615
7693 2 2 1 17 4700 3754 4705
7694 2 2 1 17 4618 4197 4764
7695 2 2 1 17 4635 4763 5116
7696 2 2 1 17 4228 4682 5088
7697 2 2 1 17 4699 4359 5111
7698 2 2 1 17 3864 3863 4646
7699 2 2 1 17 3723 282 4671
7700 2 2 1 17 4446 4266 4648
7701 2 2 1 17 4491 3766 5052
7702 2 2 1 17 410 3721 4660
7703 2 2 1 17 3722 286 4675
7704 2 2 1 17 4653 4880 5022
7705 2 2 1 17 3746 307 3781
7706 2 2 1 17 3909 3920 4638
7707 2 2 1 17 4056 4511 4818
7708 2 2 1 17 3758 288 4678
7709 2 2 1 17 3902 3919 4640
7710 2 2 1 17 4750 3776 4968
7711 2 2 1 17 4572 4367 4936
7712 2 2 1 17 4367 4572 4927
7713 2 2 1 17 3761 292 4681
7714 2 2 1 17 3778 3779 4912
7715 2 2 1 17 4462 4509 4686
7716 2 2 1 17 3734 294 4685
7717 2 2 1 17 4578 4574 4771
7718 2 2 1 17 275 3760 4827
7719 2 2 1 17 4083 4081 5077
7720 2 2 1 17 4013 4003 4622
7721 2 2 1 17 3958 3979 4631
7722 2 2 1 17 4420 4419 5063
7723 2 2 1 17 4338 4162 4626
7724 2 2 1 17 3963 4042 4737
7725 2 2 1 17 4480 4528 4841
7726 2 2 1 17 4174 4475 4529
7727 2 2 1 17 4664 4773 4817
7728 2 2 1 17 4791 3813 4860
7729 2 2 1 17 4331 4385 4771
7730 2 2 1 17 4643 4696 5064
7731 2 2 1 17 4328 3809 4581
7732 2 2 1 17 3727 4887 5115
7733 2 2 1 17 3914 3892 4650
7734 2 2 1 17 4486 3760 4487
7735 2 2 1 17 4531 4280 4627
7736 2 2 1 17 3876 3872 4528
7737 2 2 1 17 3853 4894 4957
7738 2 2 1 17 3783 3782 3784
7739 2 2 1 17 4286 4172 4529
7740 2 2 1 17 3871 4234 4676
7741 2 2 1 17 4476 4334 4865
7742 2 2 1 17 4692 3933 4952
7743 2 2 1 17 4717 4149 4735
7744 2 2 1 17 4528 3871 4676
7745 2 2 1 17 4340 4622 4684
7746 2 2 1 17 4700 4705 4706
7747 2 2 1 17 301 3777 4701
7748 2 2 1 17 3784 4227 4587
7749 2 2 1 17 4294 4387 4729
7750 2 2 1 17 3785 3784 3786
7751 2 2 1 17 282 283 4671
7752 2 2 1 17 4880 4653 5083
7753 2 2 1 17 286 287 4675
7754 2 2 1 17 3715 4509 4919
7755 2 2 1 17 4107 4650 4734
7756 2 2 1 17 4484 4327 4892
7757 2 2 1 17 288 289 4678
7758 2 2 1 17 4470 4465 4670
7759 2 2 1 17 4173 4507 5072
7760 2 2 1 17 292 293 4681
7761 2 2 1 17 4804 4128 4870
7762 2 2 1 17 4651 3811 4933
7763 2 2 1 17 294 295 4685
7764 2 2 1 17 4575 4578 4689
7765 2 2 1 17 4282 4283 4803
7766 2 2 1 17 4777 4659 5053
7767 2 2 1 17 4519 4520 4521
7768 2 2 1 17 4238 4240 4550
7769 2 2 1 17 4521 4522 4523
7770 2 2 1 17 3787 3786 3788
7771 2 2 1 17 4347 4441 4519
7772 2 2 1 17 4298 4346 4347
7773 2 2 1 17 3723 4671 4672
7774 2 2 1 17 4540 4471 5021
7775 2 2 1 17 3942 3952 4533
7776 2 2 1 17 3746 3782 3783
7777 2 2 1 17 3788 3789 3790
7778 2 2 1 17 4111 4134 4182
7779 2 2 1 17 3800 3801 3802
7780 2 2 1 17 3934 3935 3939
7781 2 2 1 17 4064 4106 4111
7782 2 2 1 17 4576 4969 4972
7783 2 2 1 17 4354 4730 4922
7784 2 2 1 17 4636 4635 5116
7785 2 2 1 17 4187 4188 4362
7786 2 2 1 17 3796 3799 4653
7787 2 2 1 17 3923 3924 3934
7788 2 2 1 17 3792 3793 3794
7789 2 2 1 17 4182 4195 4294
7790 2 2 1 17 4068 4096 4187
7791 2 2 1 17 3920 4592 4593
7792 2 2 1 17 4552 4553 4554
7793 2 2 1 17 3796 3797 3798
7794 2 2 1 17 4464 4466 4620
7795 2 2 1 17 4373 4482 4483
7796 2 2 1 17 3791 3790 3792
7797 2 2 1 17 279 3759 4688
7798 2 2 1 17 3799 3798 3800
7799 2 2 1 17 4411 4362 5125
7800 2 2 1 17 4118 4149 4582
7801 2 2 1 17 4117 4641 4866
7802 2 2 1 17 4280 4279 4627
7803 2 2 1 17 4354 4374 4730
7804 2 2 1 17 4324 4791 4860
7805 2 2 1 17 3919 4600 4601
7806 2 2 1 17 4331 4344 4385
7807 2 2 1 17 4123 4551 4552
7808 2 2 1 17 3911 3913 4592
7809 2 2 1 17 3820 3821 3822
7810 2 2 1 17 4613 4644 4645
7811 2 2 1 17 3889 3890 3891
7812 2 2 1 17 3891 3892 3914
7813 2 2 1 17 3887 3888 3889
7814 2 2 1 17 4988 4405 5124
7815 2 2 1 17 4835 4754 4867
7816 2 2 1 17 3818 3819 3820
7817 2 2 1 17 3795 3794 3796
7818 2 2 1 17 3885 3886 3887
7819 2 2 1 17 3804 3805 3806
7820 2 2 1 17 3814 3815 3816
7821 2 2 1 17 3915 4608 4609
7822 2 2 1 17 3810 3811 3812
7823 2 2 1 17 4550 4580 4920
7824 2 2 1 17 4214 4215 4331
7825 2 2 1 17 3927 4107 4591
7826 2 2 1 17 3831 3841 3885
7827 2 2 1 17 3963 3964 4042
7828 2 2 1 17 4159 4612 4613
7829 2 2 1 17 4236 4237 4238
7830 2 2 1 17 3795 4653 5022
7831 2 2 1 17 3904 3906 4600
7832 2 2 1 17 3761 4681 4682
7833 2 2 1 17 4359 4699 4961
7834 2 2 1 17 4779 4413 5052
7835 2 2 1 17 4010 4235 4236
7836 2 2 1 17 3837 4295 4296
7837 2 2 1 17 3803 3802 3804
7838 2 2 1 17 3898 3900 4608
7839 2 2 1 17 4493 4418 4993
7840 2 2 1 17 4343 4473 4490
7841 2 2 1 17 3993 4713 4785
7842 2 2 1 17 4174 4175 4334
7843 2 2 1 17 3983 3985 4538
7844 2 2 1 17 3807 3806 3808
7845 2 2 1 17 4113 4115 4612
7846 2 2 1 17 4284 4286 4413
7847 2 2 1 17 3931 3933 4692
7848 2 2 1 17 4407 4405 4988
7849 2 2 1 17 3970 3971 3972
7850 2 2 1 17 4571 4420 4572
7851 2 2 1 17 4098 4099 4172
7852 2 2 1 17 4605 4604 4606
7853 2 2 1 17 3813 3812 3814
7854 2 2 1 17 3809 3808 3810
7855 2 2 1 17 4021 4103 4619
7856 2 2 1 17 3966 3967 3968
7857 2 2 1 17 3968 3969 3970
7858 2 2 1 17 3817 3816 3818
7859 2 2 1 17 3823 3822 3824
7860 2 2 1 17 3943 3939 3961
7861 2 2 1 17 4210 4209 4373
7862 2 2 1 17 4363 4362 4411
7863 2 2 1 17 4189 4582 4583
7864 2 2 1 17 3863 3875 3966
7865 2 2 1 17 3826 3824 3827
7866 2 2 1 17 3962 3961 4022
7867 2 2 1 17 3828 3827 3829
7868 2 2 1 17 4023 4022 4068
7869 2 2 1 17 4221 4313 4541
7870 2 2 1 17 3830 3829 3831
7871 2 2 1 17 4708 3724 4710
7872 2 2 1 17 4239 4238 4353
7873 2 2 1 17 3926 3914 3927
7874 2 2 1 17 3846 3845 3847
7875 2 2 1 17 4138 4260 4298
7876 2 2 1 17 4216 4214 4574
7877 2 2 1 17 4196 4116 4214
7878 2 2 1 17 4575 4574 4578
7879 2 2 1 17 3862 3861 3863
7880 2 2 1 17 3928 3927 3929
7881 2 2 1 17 4026 4021 4066
7882 2 2 1 17 4661 4394 4662
7883 2 2 1 17 3930 3929 3931
7884 2 2 1 17 4183 4182 4598
7885 2 2 1 17 3973 3972 4056
7886 2 2 1 17 4136 4138 4604
7887 2 2 1 17 4014 4013 4015
7888 2 2 1 17 4354 4353 4374
7889 2 2 1 17 267 3748 4732
7890 2 2 1 17 3838 3837 4556
7891 2 2 1 17 3822 3821 4655
7892 2 2 1 17 4067 4066 4118
7893 2 2 1 17 3843 3842 3845
7894 2 2 1 17 3932 3931 3936
7895 2 2 1 17 4663 4662 4664
7896 2 2 1 17 3937 3936 3944
7897 2 2 1 17 3945 3944 3963
7898 2 2 1 17 4393 4338 4394
7899 2 2 1 17 4119 4118 4189
7900 2 2 1 17 3860 3859 3861
7901 2 2 1 17 3836 3835 3837
7902 2 2 1 17 4251 4172 4284
7903 2 2 1 17 3868 3867 3871
7904 2 2 1 17 3954 3953 4010
7905 2 2 1 17 4232 4419 4420
7906 2 2 1 17 4561 4562 4865
7907 2 2 1 17 3952 4063 4064
7908 2 2 1 17 4405 4403 4614
7909 2 2 1 17 4095 4094 4116
7910 2 2 1 17 4020 4019 4021
7911 2 2 1 17 4495 4494 4496
7912 2 2 1 17 4036 4035 4124
7913 2 2 1 17 4383 4718 4719
7914 2 2 1 17 4475 4334 4476
7915 2 2 1 17 3940 3942 3965
7916 2 2 1 17 4285 4284 4563
7917 2 2 1 17 4253 4252 4403
7918 2 2 1 17 3881 3880 4035
7919 2 2 1 17 3918 3922 3923
7920 2 2 1 17 4552 4555 4656
7921 2 2 1 17 3913 3918 4611
7922 2 2 1 17 4142 4141 4200
7923 2 2 1 17 4035 4037 4658
7924 2 2 1 17 4561 4323 4562
7925 2 2 1 17 4225 4258 4615
7926 2 2 1 17 4258 4280 4436
7927 2 2 1 17 4521 4520 4522
7928 2 2 1 17 4468 4471 4540
7929 2 2 1 17 4519 4441 4520
7930 2 2 1 17 4521 4523 4723
7931 2 2 1 17 4798 4496 4943
7932 2 2 1 17 3909 3911 3920
7933 2 2 1 17 4254 4886 4938
7934 2 2 1 17 4701 4643 4896
7935 2 2 1 17 3783 3784 3785
7936 2 2 1 17 3985 3987 3993
7937 2 2 1 17 4201 4200 4304
7938 2 2 1 17 4462 4464 4509
7939 2 2 1 17 3902 3904 3919
7940 2 2 1 17 4347 4346 4441
7941 2 2 1 17 3981 3983 4297
7942 2 2 1 17 4505 4295 4731
7943 2 2 1 17 4362 4909 5125
7944 2 2 1 17 3896 3898 3915
7945 2 2 1 17 4043 4113 4159
7946 2 2 1 17 4149 4619 4735
7947 2 2 1 17 4111 4106 4134
7948 2 2 1 17 3784 3782 4227
7949 2 2 1 17 4127 3889 4635
7950 2 2 1 17 4182 4134 4195
7951 2 2 1 17 4567 4568 4985
7952 2 2 1 17 4490 3714 5120
7953 2 2 1 17 4240 4450 4451
7954 2 2 1 17 4383 4719 4830
7955 2 2 1 17 3785 3786 3787
7956 2 2 1 17 4460 4411 4660
7957 2 2 1 17 4294 4195 4387
7958 2 2 1 17 4535 4581 4791
7959 2 2 1 17 4952 3933 5080
7960 2 2 1 17 3896 3915 4767
7961 2 2 1 17 4643 4278 4896
7962 2 2 1 17 4313 4342 4343
7963 2 2 1 17 4177 4221 4323
7964 2 2 1 17 4514 4513 4659
7965 2 2 1 17 4587 4227 4588
7966 2 2 1 17 3939 3935 3940
7967 2 2 1 17 3934 3924 3935
7968 2 2 1 17 4298 4260 4346
7969 2 2 1 17 4064 4063 4106
7970 2 2 1 17 4187 4096 4188
7971 2 2 1 17 4101 4170 4174
7972 2 2 1 17 298 4654 4691
7973 2 2 1 17 3762 342 4869
7974 2 2 1 17 4054 4232 4571
7975 2 2 1 17 4595 4611 5081
7976 2 2 1 17 4593 4592 4595
7977 2 2 1 17 3745 4522 5006
7978 2 2 1 17 3974 3976 4098
7979 2 2 1 17 4030 4136 4605
7980 2 2 1 17 4650 3894 4767
7981 2 2 1 17 4073 4071 4551
7982 2 2 1 17 4648 4265 4887
7983 2 2 1 17 3965 3942 4533
7984 2 2 1 17 4212 4210 4590
7985 2 2 1 17 4077 4075 4549
7986 2 2 1 17 4243 4241 4543
7987 2 2 1 17 3924 4607 4802
7988 2 2 1 17 3906 3909 4638
7989 2 2 1 17 3892 3894 4650
7990 2 2 1 17 4601 4600 4603
7991 2 2 1 17 4968 4702 5031
7992 2 2 1 17 4436 4280 4530
7993 2 2 1 17 4087 4085 4558
7994 2 2 1 17 4068 4022 4096
7995 2 2 1 17 3900 3902 4640
7996 2 2 1 17 3923 3922 3924
7997 2 2 1 17 4609 4608 4610
7998 2 2 1 17 3999 3884 4259
7999 2 2 1 17 4552 4551 4553
8000 2 2 1 17 4241 4212 4326
8001 2 2 1 17 4613 4612 4644
8002 2 2 1 17 3980 3819 4733
8003 2 2 1 17 4509 4464 4620
8004 2 2 1 17 3987 3989 4713
8005 2 2 1 17 3891 3890 3892
8006 2 2 1 17 4628 4629 4630
8007 2 2 1 17 4273 4243 4438
8008 2 2 1 17 3889 3888 3890
8009 2 2 1 17 4331 4215 4344
8010 2 2 1 17 3887 3886 3888
8011 2 2 1 17 3920 3911 4592
8012 2 2 1 17 3851 3848 3854
8013 2 2 1 17 4071 4069 4173
8014 2 2 1 17 4193 4121 4209
8015 2 2 1 17 4001 3999 4623
8016 2 2 1 17 4042 3964 4043
8017 2 2 1 17 4295 3835 4731
8018 2 2 1 17 3956 3954 4596
8019 2 2 1 17 4018 4016 4019
8020 2 2 1 17 3879 3877 3880
8021 2 2 1 17 4148 4146 4233
8022 2 2 1 17 4373 4209 4482
8023 2 2 1 17 3874 3872 3876
8024 2 2 1 17 3885 3841 3886
8025 2 2 1 17 3840 3838 3842
8026 2 2 1 17 3866 3864 3867
8027 2 2 1 17 3820 3819 3821
8028 2 2 1 17 4140 4039 4141
8029 2 2 1 17 4131 4057 4145
8030 2 2 1 17 3834 3832 3835
8031 2 2 1 17 4337 4162 4338
8032 2 2 1 17 4162 4143 4626
8033 2 2 1 17 4003 4001 4622
8034 2 2 1 17 3800 3798 3801
8035 2 2 1 17 4075 4073 4123
8036 2 2 1 17 4369 4307 4494
8037 2 2 1 17 3919 3904 4600
8038 2 2 1 17 4152 4392 4738
8039 2 2 1 17 4005 4003 4013
8040 2 2 1 17 3958 3956 3979
8041 2 2 1 17 4079 4077 4110
8042 2 2 1 17 4512 4285 4513
8043 2 2 1 17 3858 3856 3859
8044 2 2 1 17 4347 4519 4759
8045 2 2 1 17 3960 3958 4631
8046 2 2 1 17 4247 4181 4252
8047 2 2 1 17 4188 4225 4616
8048 2 2 1 17 4238 4237 4240
8049 2 2 1 17 4352 4758 4872
8050 2 2 1 17 4214 4116 4215
8051 2 2 1 17 4489 4281 4617
8052 2 2 1 17 4085 4083 4102
8053 2 2 1 17 3963 3944 3964
8054 2 2 1 17 3915 3898 4608
8055 2 2 1 17 3927 3914 4107
8056 2 2 1 17 4236 4235 4237
8057 2 2 1 17 3950 3947 3953
8058 2 2 1 17 3824 3822 3825
8059 2 2 1 17 4159 4113 4612
8060 2 2 1 17 4089 4087 4097
8061 2 2 1 17 3931 3929 3933
8062 2 2 1 17 4093 4091 4094
8063 2 2 1 17 3818 3816 3819
8064 2 2 1 17 3806 3805 3882
8065 2 2 1 17 4297 3983 4538
8066 2 2 1 17 3831 3829 3841
8067 2 2 1 17 4296 4295 4428
8068 2 2 1 17 3814 3812 3815
8069 2 2 1 17 3788 3786 3789
8070 2 2 1 17 3796 3794 3797
8071 2 2 1 17 3996 3805 4739
8072 2 2 1 17 3810 3808 3811
8073 2 2 1 17 4567 4565 4568
8074 2 2 1 17 3804 3802 3805
8075 2 2 1 17 4353 4238 4550
8076 2 2 1 17 4451 4450 4452
8077 2 2 1 17 3788 3790 3791
8078 2 2 1 17 3792 3790 3793
8079 2 2 1 17 4175 4177 4561
8080 2 2 1 17 4010 3953 4235
8081 2 2 1 17 4181 4148 4544
8082 2 2 1 17 4343 4342 4473
8083 2 2 1 17 3837 3835 4295
8084 2 2 1 17 4065 3967 4707
8085 2 2 1 17 4123 4073 4551
8086 2 2 1 17 4323 4221 4541
8087 2 2 1 17 4110 4077 4549
8088 2 2 1 17 3847 3845 3849
8089 2 2 1 17 4107 4734 4816
8090 2 2 1 17 3884 3818 4548
8091 2 2 1 17 4305 3978 4760
8092 2 2 1 17 4825 4824 4878
8093 2 2 1 17 4097 4087 4558
8094 2 2 1 17 4326 4212 4590
8095 2 2 1 17 4284 4172 4286
8096 2 2 1 17 3972 3971 3974
8097 2 2 1 17 4174 4170 4175
8098 2 2 1 17 3792 3794 3795
8099 2 2 1 17 314 4559 5000
8100 2 2 1 17 4438 4243 4543
8101 2 2 1 17 4015 4013 4340
8102 2 2 1 17 3795 3796 4653
8103 2 2 1 17 3796 3798 3799
8104 2 2 1 17 3970 3969 3971
8105 2 2 1 17 4577 4575 4689
8106 2 2 1 17 3819 3816 4733
8107 2 2 1 17 3968 3967 3969
8108 2 2 1 17 4583 4582 4584
8109 2 2 1 17 4680 4539 5096
8110 2 2 1 17 3966 3875 3967
8111 2 2 1 17 3800 3802 3803
8112 2 2 1 17 3723 4537 5039
8113 2 2 1 17 4364 4629 5034
8114 2 2 1 17 308 3776 3781
8115 2 2 1 17 4098 3976 4099
8116 2 2 1 17 4021 4019 4103
8117 2 2 1 17 4118 4066 4149
8118 2 2 1 17 3979 4596 4928
8119 2 2 1 17 4189 4118 4582
8120 2 2 1 17 4259 3884 4548
8121 2 2 1 17 3939 3940 4657
8122 2 2 1 17 4281 4135 4762
8123 2 2 1 17 4788 3997 4836
8124 2 2 1 17 3979 3956 4596
8125 2 2 1 17 3863 3861 3875
8126 2 2 1 17 4394 4338 4485
8127 2 2 1 17 3805 3802 4739
8128 2 2 1 17 3967 3875 4707
8129 2 2 1 17 4142 4200 4201
8130 2 2 1 17 4622 4001 4623
8131 2 2 1 17 4036 4124 4579
8132 2 2 1 17 3871 3867 4234
8133 2 2 1 17 3840 3843 4687
8134 2 2 1 17 4091 4089 4679
8135 2 2 1 17 3881 4035 4036
8136 2 2 1 17 4587 4588 4666
8137 2 2 1 17 3719 5053 5054
8138 2 2 1 17 306 3746 4510
8139 2 2 1 17 3804 3806 3807
8140 2 2 1 17 4548 3823 4761
8141 2 2 1 17 4403 4252 4404
8142 2 2 1 17 4699 3754 4700
8143 2 2 1 17 4140 4141 4142
8144 2 2 1 17 4201 4304 4375
8145 2 2 1 17 3868 3871 3872
8146 2 2 1 17 3810 3812 3813
8147 2 2 1 17 3807 3808 3809
8148 2 2 1 17 4253 4403 4405
8149 2 2 1 17 3860 3861 3862
8150 2 2 1 17 3966 3968 4477
8151 2 2 1 17 4039 4036 4579
8152 2 2 1 17 4393 4394 4661
8153 2 2 1 17 3814 3816 3817
8154 2 2 1 17 4639 4594 5122
8155 2 2 1 17 4661 4662 4663
8156 2 2 1 17 3820 3822 3823
8157 2 2 1 17 3879 3880 3881
8158 2 2 1 17 4020 4021 4026
8159 2 2 1 17 3970 3972 3973
8160 2 2 1 17 4026 4066 4067
8161 2 2 1 17 4189 4583 4585
8162 2 2 1 17 4501 3791 5082
8163 2 2 1 17 3862 3863 3864
8164 2 2 1 17 4552 4554 4555
8165 2 2 1 17 4477 3968 4743
8166 2 2 1 17 4067 4118 4119
8167 2 2 1 17 4014 4015 4016
8168 2 2 1 17 3837 4296 4556
8169 2 2 1 17 4495 4496 4497
8170 2 2 1 17 3817 3818 3884
8171 2 2 1 17 4035 3880 4037
8172 2 2 1 17 4236 4238 4239
8173 2 2 1 17 3973 4056 4057
8174 2 2 1 17 3823 3824 3826
8175 2 2 1 17 3866 3867 3868
8176 2 2 1 17 3874 3876 3877
8177 2 2 1 17 3843 3845 3846
8178 2 2 1 17 4148 4233 4544
8179 2 2 1 17 4284 4413 4563
8180 2 2 1 17 4098 4172 4251
8181 2 2 1 17 3826 3827 3828
8182 2 2 1 17 4413 4779 5054
8183 2 2 1 17 3846 3847 3848
8184 2 2 1 17 3887 3889 4127
8185 2 2 1 17 3828 3829 3830
8186 2 2 1 17 3891 3914 3926
8187 2 2 1 17 4247 4252 4253
8188 2 2 1 17 4352 4757 4758
8189 2 2 1 17 3920 4593 4594
8190 2 2 1 17 4174 4334 4475
8191 2 2 1 17 4337 4338 4393
8192 2 2 1 17 3934 3939 3943
8193 2 2 1 17 4239 4353 4354
8194 2 2 1 17 4123 4552 4656
8195 2 2 1 17 4187 4362 4363
8196 2 2 1 17 3858 3859 3860
8197 2 2 1 17 4251 4284 4285
8198 2 2 1 17 3919 4601 4602
8199 2 2 1 17 4131 4145 4146
8200 2 2 1 17 3836 3837 3838
8201 2 2 1 17 4018 4019 4020
8202 2 2 1 17 3830 3831 3832
8203 2 2 1 17 4626 4724 4855
8204 2 2 1 17 4495 4497 4735
8205 2 2 1 17 4369 4494 4495
8206 2 2 1 17 3926 3927 3928
8207 2 2 1 17 4005 4013 4014
8208 2 2 1 17 4196 4214 4216
8209 2 2 1 17 4659 4513 5053
8210 2 2 1 17 4216 4574 4575
8211 2 2 1 17 3928 3929 3930
8212 2 2 1 17 4475 4476 4491
8213 2 2 1 17 3840 3842 3843
8214 2 2 1 17 4095 4116 4196
8215 2 2 1 17 3930 3931 3932
8216 2 2 1 17 4143 4007 4724
8217 2 2 1 17 4232 4420 4571
8218 2 2 1 17 3932 3936 3937
8219 2 2 1 17 4512 4513 4514
8220 2 2 1 17 4363 4411 4460
8221 2 2 1 17 3937 3944 3945
8222 2 2 1 17 3943 3961 3962
8223 2 2 1 17 4605 4606 4607
8224 2 2 1 17 4200 4141 4250
8225 2 2 1 17 3962 4022 4023
8226 2 2 1 17 4023 4068 4069
8227 2 2 1 17 3834 3835 3836
8228 2 2 1 17 4193 4209 4210
8229 2 2 1 17 5084 3925 5134
8230 2 2 1 17 4136 4604 4605
8231 2 2 1 17 4111 4182 4183
8232 2 2 1 17 4069 4068 4752
8233 2 2 1 17 4124 4035 4658
8234 2 2 1 17 4594 4593 4805
8235 2 2 1 17 3950 3953 3954
8236 2 2 1 17 4177 4323 4561
8237 2 2 1 17 4251 4511 4742
8238 2 2 1 17 4348 4788 4836
8239 2 2 1 17 4533 4542 4683
8240 2 2 1 17 3807 4009 4744
8241 2 2 1 17 4591 4412 5080
8242 2 2 1 17 4093 4094 4095
8243 2 2 1 17 4420 4709 4927
8244 2 2 1 17 4225 4615 4616
8245 2 2 1 17 4127 4635 4636
8246 2 2 1 17 4098 4251 4742
8247 2 2 1 17 4484 4892 4903
8248 2 2 1 17 3973 4130 4743
8249 2 2 1 17 3804 3807 4744
8250 2 2 1 17 308 309 3776
8251 2 2 1 17 4546 4233 4547
8252 2 2 1 17 4297 4538 4680
8253 2 2 1 17 4574 4331 4771
8254 2 2 1 17 4628 3733 4629
8255 2 2 1 17 3970 3973 4743
8256 2 2 1 17 4383 4273 4718
8257 2 2 1 17 4632 3738 4633
8258 2 2 1 17 3940 3965 4657
8259 2 2 1 17 4346 4560 4916
8260 2 2 1 17 4641 4602 5092
8261 2 2 1 17 4671 3757 4817
8262 2 2 1 17 273 3733 4628
8263 2 2 1 17 304 305 3773
8264 2 2 1 17 4050 4572 4936
8265 2 2 1 17 306 307 3746
8266 2 2 1 17 4298 4347 4667
8267 2 2 1 17 4603 4638 5129
8268 2 2 1 17 270 3738 4632
8269 2 2 1 17 4730 4473 4922
8270 2 2 1 17 4410 4269 4881
8271 2 2 1 17 4824 4361 4878
8272 2 2 1 17 271 272 4673
8273 2 2 1 17 4006 4536 4907
8274 2 2 1 17 4682 4808 4900
8275 2 2 1 17 3848 3847 4825
8276 2 2 1 17 4681 3734 4746
8277 2 2 1 17 4334 4561 4865
8278 2 2 1 17 3832 3831 4731
8279 2 2 1 17 3801 3798 4814
8280 2 2 1 17 283 3757 4671
8281 2 2 1 17 4386 4217 4782
8282 2 2 1 17 3868 3873 4748
8283 2 2 1 17 4598 4599 4704
8284 2 2 1 17 4662 4394 4910
8285 2 2 1 17 4599 4294 4729
8286 2 2 1 17 4741 4719 4843
8287 2 2 1 17 4187 4363 4752
8288 2 2 1 17 3934 3943 4753
8289 2 2 1 17 287 3758 4675
8290 2 2 1 17 4374 4353 4920
8291 2 2 1 17 4094 4091 4679
8292 2 2 1 17 4387 4388 4414
8293 2 2 1 17 3745 5027 5047
8294 2 2 1 17 296 3737 4573
8295 2 2 1 17 3972 3974 4742
8296 2 2 1 17 4363 4507 4752
8297 2 2 1 17 4492 4814 4815
8298 2 2 1 17 3943 4318 4753
8299 2 2 1 17 3866 3868 4748
8300 2 2 1 17 304 3773 4696
8301 2 2 1 17 289 3729 4678
8302 2 2 1 17 4674 4230 5042
8303 2 2 1 17 3756 4560 5055
8304 2 2 1 17 281 282 3723
8305 2 2 1 17 283 284 3757
8306 2 2 1 17 4582 4149 4717
8307 2 2 1 17 279 280 3759
8308 2 2 1 17 285 286 3722
8309 2 2 1 17 3876 4506 5133
8310 2 2 1 17 277 278 3727
8311 2 2 1 17 4288 4448 4801
8312 2 2 1 17 3936 3931 4692
8313 2 2 1 17 275 276 3760
8314 2 2 1 17 4709 4708 4710
8315 2 2 1 17 4577 4644 4969
8316 2 2 1 17 273 274 3733
8317 2 2 1 17 272 273 4628
8318 2 2 1 17 287 288 3758
8319 2 2 1 17 4745 4589 5031
8320 2 2 1 17 270 271 3738
8321 2 2 1 17 293 3734 4681
8322 2 2 1 17 269 270 4632
8323 2 2 1 17 289 290 3729
8324 2 2 1 17 4249 4913 4956
8325 2 2 1 17 4357 4797 4940
8326 2 2 1 17 291 292 3761
8327 2 2 1 17 267 268 3748
8328 2 2 1 17 3940 3941 3942
8329 2 2 1 17 4188 4224 4225
8330 2 2 1 17 293 294 3734
8331 2 2 1 17 3782 3781 4750
8332 2 2 1 17 3952 4027 4063
8333 2 2 1 17 4602 4601 4835
8334 2 2 1 17 3942 3951 3952
8335 2 2 1 17 295 4573 4685
8336 2 2 1 17 3993 3987 4713
8337 2 2 1 17 295 296 4573
8338 2 2 1 17 296 297 3737
8339 2 2 1 17 4506 4037 5133
8340 2 2 1 17 4138 4199 4260
8341 2 2 1 17 4258 4279 4280
8342 2 2 1 17 4225 4257 4258
8343 2 2 1 17 4609 4610 4725
8344 2 2 1 17 315 316 3736
8345 2 2 1 17 4730 4374 4781
8346 2 2 1 17 4209 4121 4677
8347 2 2 1 17 3734 4685 5073
8348 2 2 1 17 317 318 3752
8349 2 2 1 17 4136 4137 4138
8350 2 2 1 17 265 266 3774
8351 2 2 1 17 4468 4469 4471
8352 2 2 1 17 4466 4467 4468
8353 2 2 1 17 4344 4345 4381
8354 2 2 1 17 4464 4465 4466
8355 2 2 1 17 319 320 3731
8356 2 2 1 17 4043 4112 4113
8357 2 2 1 17 3752 4693 4694
8358 2 2 1 17 4452 4453 4459
8359 2 2 1 17 321 322 3753
8360 2 2 1 17 3892 3893 3894
8361 2 2 1 17 3918 3921 3922
8362 2 2 1 17 4462 4463 4464
8363 2 2 1 17 3992 3990 4778
8364 2 2 1 17 3913 3916 3918
8365 2 2 1 17 323 324 3725
8366 2 2 1 17 4232 4282 4419
8367 2 2 1 17 3953 3947 4625
8368 2 2 1 17 4792 4530 5067
8369 2 2 1 17 325 326 3754
8370 2 2 1 17 3911 3912 3913
8371 2 2 1 17 3821 3980 3981
8372 2 2 1 17 4240 4449 4450
8373 2 2 1 17 312 313 3750
8374 2 2 1 17 3909 3910 3911
8375 2 2 1 17 4105 4190 4208
8376 2 2 1 17 4381 4382 4430
8377 2 2 1 17 4430 4431 4432
8378 2 2 1 17 3906 3907 3909
8379 2 2 1 17 3736 316 4690
8380 2 2 1 17 298 299 4654
8381 2 2 1 17 4248 3787 4249
8382 2 2 1 17 327 328 3718
8383 2 2 1 17 4557 4556 4937
8384 2 2 1 17 3904 3905 3906
8385 2 2 1 17 4113 4114 4115
8386 2 2 1 17 3902 3903 3904
8387 2 2 1 17 3900 3901 3902
8388 2 2 1 17 4589 4968 5031
8389 2 2 1 17 3894 3895 3896
8390 2 2 1 17 3896 3897 3898
8391 2 2 1 17 3898 3899 3900
8392 2 2 1 17 4175 4176 4177
8393 2 2 1 17 4012 4044 4105
8394 2 2 1 17 4433 4462 4686
8395 2 2 1 17 4031 4029 4797
8396 2 2 1 17 3752 318 4693
8397 2 2 1 17 330 331 3755
8398 2 2 1 17 3812 3811 4651
8399 2 2 1 17 3987 3988 3989
8400 2 2 1 17 4254 4415 4445
8401 2 2 1 17 332 333 3724
8402 2 2 1 17 3882 3996 4333
8403 2 2 1 17 307 308 3781
8404 2 2 1 17 299 3749 4654
8405 2 2 1 17 3731 320 4695
8406 2 2 1 17 3981 3982 3983
8407 2 2 1 17 3985 3986 3987
8408 2 2 1 17 3983 3984 3985
8409 2 2 1 17 334 335 3756
8410 2 2 1 17 4313 4341 4342
8411 2 2 1 17 4221 4312 4313
8412 2 2 1 17 4177 4220 4221
8413 2 2 1 17 317 3752 4690
8414 2 2 1 17 336 337 3730
8415 2 2 1 17 4099 4100 4101
8416 2 2 1 17 3753 322 4697
8417 2 2 1 17 4491 4476 4747
8418 2 2 1 17 299 300 3749
8419 2 2 1 17 339 340 3745
8420 2 2 1 17 319 3731 4693
8421 2 2 1 17 4698 3754 4699
8422 2 2 1 17 3974 3975 3976
8423 2 2 1 17 3725 324 4698
8424 2 2 1 17 4019 4016 4637
8425 2 2 1 17 321 3753 4695
8426 2 2 1 17 4101 4169 4170
8427 2 2 1 17 4376 4375 4377
8428 2 2 1 17 341 342 3762
8429 2 2 1 17 4038 4036 4039
8430 2 2 1 17 4395 4876 4959
8431 2 2 1 17 4705 3718 4706
8432 2 2 1 17 4754 4122 4867
8433 2 2 1 17 4527 4525 4707
8434 2 2 1 17 3754 326 4705
8435 2 2 1 17 323 3725 4697
8436 2 2 1 17 4947 4393 5029
8437 2 2 1 17 4585 4219 4966
8438 2 2 1 17 3755 4708 4709
8439 2 2 1 17 343 344 3775
8440 2 2 1 17 3867 3864 4646
8441 2 2 1 17 4626 4143 4724
8442 2 2 1 17 4766 3717 4975
8443 2 2 1 17 4635 3926 4763
8444 2 2 1 17 4139 4039 4140
8445 2 2 1 17 325 3754 4698
8446 2 2 1 17 4194 4835 4867
8447 2 2 1 17 3799 3800 4722
8448 2 2 1 17 301 302 3777
8449 2 2 1 17 4273 4438 4718
8450 2 2 1 17 4504 3825 4655
8451 2 2 1 17 3878 3877 3879
8452 2 2 1 17 316 317 4690
8453 2 2 1 17 312 3750 4702
8454 2 2 1 17 327 3718 4705
8455 2 2 1 17 4710 3724 4930
8456 2 2 1 17 303 304 4696
8457 2 2 1 17 318 319 4693
8458 2 2 1 17 3755 331 4708
8459 2 2 1 17 3873 3872 3874
8460 2 2 1 17 320 321 4695
8461 2 2 1 17 4406 4405 4407
8462 2 2 1 17 3779 264 5138
8463 2 2 1 17 4433 4461 4462
8464 2 2 1 17 4030 4032 4136
8465 2 2 1 17 322 323 4697
8466 2 2 1 17 4546 4547 5101
8467 2 2 1 17 4710 4367 4927
8468 2 2 1 17 4154 4152 4738
8469 2 2 1 17 324 325 4698
8470 2 2 1 17 3730 337 4740
8471 2 2 1 17 3724 333 4711
8472 2 2 1 17 4536 4535 5128
8473 2 2 1 17 371 4747 4890
8474 2 2 1 17 4147 4146 4148
8475 2 2 1 17 3865 3864 3866
8476 2 2 1 17 326 327 4705
8477 2 2 1 17 311 312 4702
8478 2 2 1 17 3756 335 4712
8479 2 2 1 17 3809 3810 4581
8480 2 2 1 17 4054 4185 4232
8481 2 2 1 17 4716 3742 4917
8482 2 2 1 17 4408 4407 4409
8483 2 2 1 17 337 338 4740
8484 2 2 1 17 4566 4565 4567
8485 2 2 1 17 332 3724 4708
8486 2 2 1 17 4564 4409 4565
8487 2 2 1 17 4558 4102 5109
8488 2 2 1 17 4130 4057 4131
8489 2 2 1 17 4017 4016 4018
8490 2 2 1 17 3850 3848 3851
8491 2 2 1 17 4722 4454 5083
8492 2 2 1 17 331 332 4708
8493 2 2 1 17 3991 3994 4012
8494 2 2 1 17 4327 4166 4809
8495 2 2 1 17 334 3756 4711
8496 2 2 1 17 4180 4148 4181
8497 2 2 1 17 4578 4771 5085
8498 2 2 1 17 4009 3809 4328
8499 2 2 1 17 4246 4181 4247
8500 2 2 1 17 4515 4514 4516
8501 2 2 1 17 333 334 4711
8502 2 2 1 17 4362 4616 4909
8503 2 2 1 17 4132 4222 4254
8504 2 2 1 17 335 336 4712
8505 2 2 1 17 336 3730 4712
8506 2 2 1 17 4611 4753 5081
8507 2 2 1 17 3998 3884 3999
8508 2 2 1 17 4288 4435 4448
8509 2 2 1 17 4426 4481 4559
8510 2 2 1 17 3839 3838 3840
8511 2 2 1 17 4332 4327 4484
8512 2 2 1 17 310 311 4703
8513 2 2 1 17 3852 3851 3853
8514 2 2 1 17 4511 4285 4512
8515 2 2 1 17 4261 4162 4337
8516 2 2 1 17 3855 3853 3856
8517 2 2 1 17 4432 4433 4686
8518 2 2 1 17 3857 3856 3858
8519 2 2 1 17 4144 4143 4162
8520 2 2 1 17 3808 3806 4799
8521 2 2 1 17 3833 3832 3834
8522 2 2 1 17 4310 4309 4524
8523 2 2 1 17 3955 3954 3956
8524 2 2 1 17 3835 3832 4731
8525 2 2 1 17 4368 4307 4369
8526 2 2 1 17 4553 4173 5072
8527 2 2 1 17 3816 3815 4733
8528 2 2 1 17 4104 4027 4759
8529 2 2 1 17 4000 3999 4001
8530 2 2 1 17 311 4702 4703
8531 2 2 1 17 4306 4305 4307
8532 2 2 1 17 4211 4210 4212
8533 2 2 1 17 4308 4276 4309
8534 2 2 1 17 4002 4001 4003
8535 2 2 1 17 4539 3993 4785
8536 2 2 1 17 4004 4003 4005
8537 2 2 1 17 4576 4575 4577
8538 2 2 1 17 3946 3945 3947
8539 2 2 1 17 4022 3961 4840
8540 2 2 1 17 3957 3956 3958
8541 2 2 1 17 3977 3960 4652
8542 2 2 1 17 4229 4125 4230
8543 2 2 1 17 3802 3801 4739
8544 2 2 1 17 3959 3958 3960
8545 2 2 1 17 4213 4212 4241
8546 2 2 1 17 3844 3840 4687
8547 2 2 1 17 4242 4241 4243
8548 2 2 1 17 4244 4243 4273
8549 2 2 1 17 4274 4273 4383
8550 2 2 1 17 4356 4355 4360
8551 2 2 1 17 4507 4460 4508
8552 2 2 1 17 4070 4069 4071
8553 2 2 1 17 3949 3947 3950
8554 2 2 1 17 3944 3936 4839
8555 2 2 1 17 4116 4094 4842
8556 2 2 1 17 4271 4269 4410
8557 2 2 1 17 4158 4154 4738
8558 2 2 1 17 4412 4281 4489
8559 2 2 1 17 4206 4267 4378
8560 2 2 1 17 4152 3883 4392
8561 2 2 1 17 4265 4217 4386
8562 2 2 1 17 4156 4154 4158
8563 2 2 1 17 4192 4121 4193
8564 2 2 1 17 4090 4089 4091
8565 2 2 1 17 4230 4125 4788
8566 2 2 1 17 4092 4091 4093
8567 2 2 1 17 4084 4083 4085
8568 2 2 1 17 3791 3792 4807
8569 2 2 1 17 4086 4085 4087
8570 2 2 1 17 4082 4081 4083
8571 2 2 1 17 4076 4075 4077
8572 2 2 1 17 4088 4087 4089
8573 2 2 1 17 4072 4071 4073
8574 2 2 1 17 4080 4079 4081
8575 2 2 1 17 4078 4077 4079
8576 2 2 1 17 4074 4073 4075
8577 2 2 1 17 4403 4404 4983
8578 2 2 1 17 4555 4554 4765
8579 2 2 1 17 4202 4166 4327
8580 2 2 1 17 4726 4706 5127
8581 2 2 1 17 4594 4639 5129
8582 2 2 1 17 4040 4007 4143
8583 2 2 1 17 4738 4392 5025
8584 2 2 1 17 4601 4603 4754
8585 2 2 1 17 4748 3873 4749
8586 2 2 1 17 4387 4195 4388
8587 2 2 1 17 4168 3978 4305
8588 2 2 1 17 403 4540 5021
8589 2 2 1 17 4134 4106 4226
8590 2 2 1 17 4275 4129 4276
8591 2 2 1 17 4249 3787 4913
8592 2 2 1 17 4815 4814 4898
8593 2 2 1 17 4292 4290 4418
8594 2 2 1 17 4502 4384 4503
8595 2 2 1 17 4597 4239 4970
8596 2 2 1 17 3968 3970 4743
8597 2 2 1 17 3803 3804 4744
8598 2 2 1 17 4059 3992 4778
8599 2 2 1 17 4350 4316 4474
8600 2 2 1 17 4530 4280 4531
8601 2 2 1 17 4179 4059 4355
8602 2 2 1 17 4448 4695 4848
8603 2 2 1 17 4695 3753 4848
8604 2 2 1 17 4346 4260 4560
8605 2 2 1 17 3974 4098 4742
8606 2 2 1 17 3788 3791 4913
8607 2 2 1 17 3799 4722 5083
8608 2 2 1 17 4191 4805 4870
8609 2 2 1 17 4263 4135 4281
8610 2 2 1 17 3940 3935 3941
8611 2 2 1 17 4188 4096 4224
8612 2 2 1 17 4602 4835 5092
8613 2 2 1 17 4434 4558 5109
8614 2 2 1 17 4430 4432 5079
8615 2 2 1 17 4543 4326 5084
8616 2 2 1 17 4120 4049 4121
8617 2 2 1 17 4047 4045 4357
8618 2 2 1 17 4045 4031 4797
8619 2 2 1 17 4639 4603 5129
8620 2 2 1 17 3813 3814 4860
8621 2 2 1 17 4392 3883 4748
8622 2 2 1 17 4486 4487 4488
8623 2 2 1 17 3825 3822 4655
8624 2 2 1 17 4043 3964 4112
8625 2 2 1 17 4344 4215 4345
8626 2 2 1 17 3892 3890 3893
8627 2 2 1 17 4352 4756 4757
8628 2 2 1 17 4414 4388 4498
8629 2 2 1 17 3888 3886 4011
8630 2 2 1 17 4452 4450 4453
8631 2 2 1 17 4219 4585 5126
8632 2 2 1 17 4913 4501 4956
8633 2 2 1 17 4482 4209 4677
8634 2 2 1 17 3861 3859 4853
8635 2 2 1 17 4240 4237 4449
8636 2 2 1 17 3854 4532 4902
8637 2 2 1 17 4555 4765 4766
8638 2 2 1 17 3821 3819 3980
8639 2 2 1 17 3888 4011 4741
8640 2 2 1 17 4235 3953 4625
8641 2 2 1 17 278 279 4688
8642 2 2 1 17 4428 4295 4505
8643 2 2 1 17 4175 4170 4176
8644 2 2 1 17 3815 3812 4651
8645 2 2 1 17 4201 4375 4376
8646 2 2 1 17 4068 4187 4752
8647 2 2 1 17 4140 4142 4184
8648 2 2 1 17 4687 3843 4854
8649 2 2 1 17 3746 3783 4510
8650 2 2 1 17 3923 3934 4753
8651 2 2 1 17 266 267 4732
8652 2 2 1 17 4276 4129 4812
8653 2 2 1 17 5027 4500 5047
8654 2 2 1 17 4099 3976 4100
8655 2 2 1 17 3882 3805 3996
8656 2 2 1 17 3974 3971 3975
8657 2 2 1 17 4706 3718 4803
8658 2 2 1 17 4584 4582 4717
8659 2 2 1 17 4140 4184 4721
8660 2 2 1 17 4225 4224 4257
8661 2 2 1 17 3881 4036 4038
8662 2 2 1 17 4063 4027 4104
8663 2 2 1 17 3952 3951 4027
8664 2 2 1 17 297 298 4691
8665 2 2 1 17 3942 3941 3951
8666 2 2 1 17 4258 4257 4279
8667 2 2 1 17 4103 4019 4637
8668 2 2 1 17 3969 3967 4065
8669 2 2 1 17 4468 4467 4469
8670 2 2 1 17 4471 4469 4472
8671 2 2 1 17 4466 4465 4467
8672 2 2 1 17 4464 4463 4465
8673 2 2 1 17 4588 4227 4589
8674 2 2 1 17 3785 3787 4248
8675 2 2 1 17 4138 4137 4199
8676 2 2 1 17 4234 3867 4646
8677 2 2 1 17 3874 3877 3878
8678 2 2 1 17 4113 4112 4114
8679 2 2 1 17 4381 4345 4382
8680 2 2 1 17 4590 4373 4974
8681 2 2 1 17 4392 4748 4749
8682 2 2 1 17 3780 3775 4997
8683 2 2 1 17 4432 4431 4433
8684 2 2 1 17 4430 4382 4431
8685 2 2 1 17 4253 4405 4406
8686 2 2 1 17 4419 4282 4421
8687 2 2 1 17 3918 3916 3921
8688 2 2 1 17 3868 3872 3873
8689 2 2 1 17 3922 3921 3938
8690 2 2 1 17 3913 3912 3916
8691 2 2 1 17 3894 3893 3895
8692 2 2 1 17 4462 4461 4463
8693 2 2 1 17 3911 3910 3912
8694 2 2 1 17 4159 5017 5107
8695 2 2 1 17 3896 3895 3897
8696 2 2 1 17 3909 3907 3910
8697 2 2 1 17 3902 3901 3903
8698 2 2 1 17 3898 3897 3899
8699 2 2 1 17 3906 3905 3907
8700 2 2 1 17 3904 3903 3905
8701 2 2 1 17 3900 3899 3901
8702 2 2 1 17 3894 3896 4767
8703 2 2 1 17 4376 4377 4439
8704 2 2 1 17 4177 4176 4220
8705 2 2 1 17 4136 4032 4137
8706 2 2 1 17 4342 4341 4370
8707 2 2 1 17 4313 4312 4341
8708 2 2 1 17 4105 4044 4190
8709 2 2 1 17 4559 3736 4911
8710 2 2 1 17 4221 4220 4312
8711 2 2 1 17 3862 3864 3865
8712 2 2 1 17 4131 4146 4147
8713 2 2 1 17 4781 4374 4786
8714 2 2 1 17 3981 3980 3982
8715 2 2 1 17 4026 4067 4150
8716 2 2 1 17 4018 4020 4109
8717 2 2 1 17 3983 3982 3984
8718 2 2 1 17 4232 4185 4282
8719 2 2 1 17 4199 4366 4715
8720 2 2 1 17 3985 3984 3986
8721 2 2 1 17 3973 4057 4130
8722 2 2 1 17 3987 3986 3988
8723 2 2 1 17 4230 4788 5042
8724 2 2 1 17 4101 4100 4169
8725 2 2 1 17 3800 3803 4722
8726 2 2 1 17 4014 4016 4017
8727 2 2 1 17 4593 4595 4804
8728 2 2 1 17 4359 4728 5111
8729 2 2 1 17 4594 4805 5122
8730 2 2 1 17 4038 4039 4139
8731 2 2 1 17 3846 3848 3850
8732 2 2 1 17 4012 3994 4044
8733 2 2 1 17 4139 4140 4721
8734 2 2 1 17 4265 4386 4887
8735 2 2 1 17 329 4856 4948
8736 2 2 1 17 4512 4514 4515
8737 2 2 1 17 4333 3996 4493
8738 2 2 1 17 4418 4493 5075
8739 2 2 1 17 4349 4721 5032
8740 2 2 1 17 4896 5012 5059
8741 2 2 1 17 3810 3813 4581
8742 2 2 1 17 3807 3809 4009
8743 2 2 1 17 4088 4090 4834
8744 2 2 1 17 329 330 4856
8745 2 2 1 17 4254 4222 4415
8746 2 2 1 17 4251 4285 4511
8747 2 2 1 17 3836 3838 3839
8748 2 2 1 17 3817 3884 3998
8749 2 2 1 17 4674 4349 5032
8750 2 2 1 17 4248 4249 4278
8751 2 2 1 17 3933 4591 5080
8752 2 2 1 17 3878 3879 3997
8753 2 2 1 17 285 3722 4946
8754 2 2 1 17 3826 3828 4335
8755 2 2 1 17 3830 3832 3833
8756 2 2 1 17 274 275 4827
8757 2 2 1 17 4619 4103 4923
8758 2 2 1 17 4355 4059 4778
8759 2 2 1 17 3950 3954 3955
8760 2 2 1 17 4638 4594 5129
8761 2 2 1 17 4406 4407 4408
8762 2 2 1 17 4564 4565 4566
8763 2 2 1 17 264 265 5138
8764 2 2 1 17 4305 4760 4863
8765 2 2 1 17 4408 4409 4564
8766 2 2 1 17 3928 3930 3948
8767 2 2 1 17 4216 4575 4576
8768 2 2 1 17 4095 4196 4197
8769 2 2 1 17 3937 3945 3946
8770 2 2 1 17 4043 4159 5107
8771 2 2 1 17 4193 4210 4211
8772 2 2 1 17 4466 4468 5040
8773 2 2 1 17 4624 4259 5100
8774 2 2 1 17 4474 4316 4888
8775 2 2 1 17 4540 403 5091
8776 2 2 1 17 4027 4028 4759
8777 2 2 1 17 3865 3866 3883
8778 2 2 1 17 3815 4651 4800
8779 2 2 1 17 4147 4148 4180
8780 2 2 1 17 4180 4181 4246
8781 2 2 1 17 4246 4247 4429
8782 2 2 1 17 4357 4045 4797
8783 2 2 1 17 4688 4648 4887
8784 2 2 1 17 4363 4460 4507
8785 2 2 1 17 4023 4069 4070
8786 2 2 1 17 4332 4484 4668
8787 2 2 1 17 3794 3793 4955
8788 2 2 1 17 3943 3962 4318
8789 2 2 1 17 3850 3851 3852
8790 2 2 1 17 4733 4800 4901
8791 2 2 1 17 4949 4879 5010
8792 2 2 1 17 3852 3853 3855
8793 2 2 1 17 4631 3979 4914
8794 2 2 1 17 3857 3858 3870
8795 2 2 1 17 3855 3856 3857
8796 2 2 1 17 4261 4337 4665
8797 2 2 1 17 4144 4162 4261
8798 2 2 1 17 342 343 4869
8799 2 2 1 17 3877 3876 5133
8800 2 2 1 17 4503 4384 4830
8801 2 2 1 17 4009 4328 4395
8802 2 2 1 17 4202 4327 4332
8803 2 2 1 17 3839 3840 3844
8804 2 2 1 17 4310 4524 4525
8805 2 2 1 17 4306 4307 4368
8806 2 2 1 17 3998 3999 4000
8807 2 2 1 17 4725 4117 4834
8808 2 2 1 17 4000 4001 4002
8809 2 2 1 17 4040 4143 4144
8810 2 2 1 17 4002 4003 4004
8811 2 2 1 17 4308 4309 4310
8812 2 2 1 17 4682 4681 4746
8813 2 2 1 17 4495 4735 4923
8814 2 2 1 17 3798 3797 4814
8815 2 2 1 17 4145 4057 5090
8816 2 2 1 17 4516 4514 5095
8817 2 2 1 17 4652 3960 4996
8818 2 2 1 17 3955 3956 3957
8819 2 2 1 17 3738 271 4673
8820 2 2 1 17 3833 3834 3978
8821 2 2 1 17 4168 4305 4306
8822 2 2 1 17 3957 3958 3959
8823 2 2 1 17 3959 3960 3977
8824 2 2 1 17 4134 4226 4833
8825 2 2 1 17 4275 4276 4308
8826 2 2 1 17 4626 4855 5119
8827 2 2 1 17 4211 4212 4213
8828 2 2 1 17 3946 3947 3949
8829 2 2 1 17 4489 4952 5080
8830 2 2 1 17 4682 4746 5088
8831 2 2 1 17 4213 4241 4242
8832 2 2 1 17 3977 4652 4812
8833 2 2 1 17 4242 4243 4244
8834 2 2 1 17 4244 4273 4274
8835 2 2 1 17 4274 4383 4384
8836 2 2 1 17 277 3727 4981
8837 2 2 1 17 3774 4732 4977
8838 2 2 1 17 4350 4474 4621
8839 2 2 1 17 4292 4418 4492
8840 2 2 1 17 4385 4344 4905
8841 2 2 1 17 3749 4701 4896
8842 2 2 1 17 4749 3873 4852
8843 2 2 1 17 3883 3866 4748
8844 2 2 1 17 4644 4612 4969
8845 2 2 1 17 4176 4170 4819
8846 2 2 1 17 4179 4355 4356
8847 2 2 1 17 4090 4091 4092
8848 2 2 1 17 4092 4093 4135
8849 2 2 1 17 4088 4089 4090
8850 2 2 1 17 4424 4426 4911
8851 2 2 1 17 4084 4085 4086
8852 2 2 1 17 4086 4087 4088
8853 2 2 1 17 4082 4083 4084
8854 2 2 1 17 4263 4281 4412
8855 2 2 1 17 4684 4186 4810
8856 2 2 1 17 4080 4081 4082
8857 2 2 1 17 4070 4071 4072
8858 2 2 1 17 4078 4079 4080
8859 2 2 1 17 4076 4077 4078
8860 2 2 1 17 4074 4075 4076
8861 2 2 1 17 4072 4073 4074
8862 2 2 1 17 3718 328 4948
8863 2 2 1 17 4633 3738 4634
8864 2 2 1 17 4773 4150 4806
8865 2 2 1 17 4660 4411 4899
8866 2 2 1 17 4576 4577 4969
8867 2 2 1 17 4672 4671 4817
8868 2 2 1 17 4969 4115 4972
8869 2 2 1 17 4583 4584 4822
8870 2 2 1 17 4081 4079 5023
8871 2 2 1 17 3997 3879 4836
8872 2 2 1 17 4120 4121 4192
8873 2 2 1 17 3847 3849 4824
8874 2 2 1 17 4636 4757 5087
8875 2 2 1 17 347 346 3778
8876 2 2 1 17 411 4660 4899
8877 2 2 1 17 3915 4609 5065
8878 2 2 1 17 269 4632 5005
8879 2 2 1 17 4580 3767 4971
8880 2 2 1 17 348 347 4769
8881 2 2 1 17 4823 4025 4888
8882 2 2 1 17 291 3761 5003
8883 2 2 1 17 281 3723 5039
8884 2 2 1 17 4535 4791 5128
8885 2 2 1 17 4747 4476 4890
8886 2 2 1 17 3829 3827 5011
8887 2 2 1 17 4924 3841 5011
8888 2 2 1 17 3978 3834 4760
8889 2 2 1 17 4706 4726 5108
8890 2 2 1 17 4794 4385 4905
8891 2 2 1 17 349 348 3751
8892 2 2 1 17 3727 278 4688
8893 2 2 1 17 4184 4142 4831
8894 2 2 1 17 4260 4199 4715
8895 2 2 1 17 5038 4516 5095
8896 2 2 1 17 4117 4088 4834
8897 2 2 1 17 350 349 4768
8898 2 2 1 17 424 423 3780
8899 2 2 1 17 4388 4195 4833
8900 2 2 1 17 4736 4497 4798
8901 2 2 1 17 3790 3789 5062
8902 2 2 1 17 4450 4449 4720
8903 2 2 1 17 5053 4563 5054
8904 2 2 1 17 352 351 3739
8905 2 2 1 17 355 354 3732
8906 2 2 1 17 4558 4434 5118
8907 2 2 1 17 356 355 4772
8908 2 2 1 17 4822 4875 5126
8909 2 2 1 17 357 356 3763
8910 2 2 1 17 3714 4730 4781
8911 2 2 1 17 359 358 3728
8912 2 2 1 17 360 359 4774
8913 2 2 1 17 4532 4825 4878
8914 2 2 1 17 361 360 3764
8915 2 2 1 17 362 361 4775
8916 2 2 1 17 363 362 3720
8917 2 2 1 17 364 363 4776
8918 2 2 1 17 365 364 3765
8919 2 2 1 17 4135 4093 4762
8920 2 2 1 17 4131 4147 4821
8921 2 2 1 17 368 367 3719
8922 2 2 1 17 369 368 4779
8923 2 2 1 17 4159 4613 4962
8924 2 2 1 17 370 369 3766
8925 2 2 1 17 4755 4150 4773
8926 2 2 1 17 4355 4778 4954
8927 2 2 1 17 373 372 3716
8928 2 2 1 17 376 375 3740
8929 2 2 1 17 367 366 4777
8930 2 2 1 17 379 378 3714
8931 2 2 1 17 4109 4020 4755
8932 2 2 1 17 423 422 4770
8933 2 2 1 17 382 381 3741
8934 2 2 1 17 384 383 3767
8935 2 2 1 17 375 374 4780
8936 2 2 1 17 9 384 4783
8937 2 2 1 17 4832 3925 5084
8938 2 2 1 17 385 9 3713
8939 2 2 1 17 381 380 4786
8940 2 2 1 17 4020 4026 4755
8941 2 2 1 17 3774 266 4732
8942 2 2 1 17 380 379 4781
8943 2 2 1 17 4015 4340 4850
8944 2 2 1 17 386 385 4784
8945 2 2 1 17 387 386 4787
8946 2 2 1 17 388 387 3742
8947 2 2 1 17 3750 313 5000
8948 2 2 1 17 3811 3808 4799
8949 2 2 1 17 3935 3924 4802
8950 2 2 1 17 390 389 3768
8951 2 2 1 17 3737 297 4691
8952 2 2 1 17 5012 4401 5059
8953 2 2 1 17 422 421 3747
8954 2 2 1 17 391 390 4789
8955 2 2 1 17 394 393 4794
8956 2 2 1 17 4224 4096 4840
8957 2 2 1 17 392 391 3712
8958 2 2 1 17 4189 4585 4998
8959 2 2 1 17 415 414 3726
8960 2 2 1 17 3890 3888 4741
8961 2 2 1 17 416 415 4790
8962 2 2 1 17 414 413 4793
8963 2 2 1 17 4614 3728 5015
8964 2 2 1 17 417 416 3770
8965 2 2 1 17 413 412 3769
8966 2 2 1 17 418 417 4792
8967 2 2 1 17 395 394 3743
8968 2 2 1 17 419 418 3735
8969 2 2 1 17 4530 3770 5121
8970 2 2 1 17 396 395 4795
8971 2 2 1 17 410 409 3721
8972 2 2 1 17 397 396 3772
8973 2 2 1 17 408 407 3771
8974 2 2 1 17 398 397 4796
8975 2 2 1 17 399 398 3715
8976 2 2 1 17 402 401 3744
8977 2 2 1 17 405 404 3717
8978 2 2 1 17 4664 4662 4906
8979 2 2 1 17 4798 4160 4849
8980 2 2 1 17 4733 3815 4800
8981 2 2 1 17 4206 4378 4959
8982 2 2 1 17 3834 3836 4760
8983 2 2 1 17 3717 4766 5008
8984 2 2 1 17 4026 4150 4755
8985 2 2 1 17 4156 4158 4782
8986 2 2 1 17 4112 3964 4839
8987 2 2 1 17 4375 4304 4939
8988 2 2 1 17 3950 3955 4823
8989 2 2 1 17 4345 4215 4842
8990 2 2 1 17 4511 4512 4818
8991 2 2 1 17 4201 4376 4831
8992 2 2 1 17 3823 3826 4761
8993 2 2 1 17 4527 4707 4853
8994 2 2 1 17 3757 284 4946
8995 2 2 1 17 4193 4211 4829
8996 2 2 1 17 4732 4439 4977
8997 2 2 1 17 4093 4095 4762
8998 2 2 1 17 3836 3839 4760
8999 2 2 1 17 4114 4311 4322
9000 2 2 1 17 4409 4407 4967
9001 2 2 1 17 4581 3813 4791
9002 2 2 1 17 4801 4448 4848
9003 2 2 1 17 4634 4674 5032
9004 2 2 1 17 3926 3928 4763
9005 2 2 1 17 4196 4216 4764
9006 2 2 1 17 4433 4434 4461
9007 2 2 1 17 4037 3880 5133
9008 2 2 1 17 3881 4038 4836
9009 2 2 1 17 4620 3744 4999
9010 2 2 1 17 4199 4329 4366
9011 2 2 1 17 4348 4139 4349
9012 2 2 1 17 4197 4196 4764
9013 2 2 1 17 3938 4029 4030
9014 2 2 1 17 4169 4171 4299
9015 2 2 1 17 4342 4370 4922
9016 2 2 1 17 4510 3783 4877
9017 2 2 1 17 4675 4947 5029
9018 2 2 1 17 4125 3997 4788
9019 2 2 1 17 4190 4358 4359
9020 2 2 1 17 3988 3990 3991
9021 2 2 1 17 3826 4335 4761
9022 2 2 1 17 4024 3997 4125
9023 2 2 1 17 3745 340 5027
9024 2 2 1 17 4853 3859 4957
9025 2 2 1 17 4961 4700 5108
9026 2 2 1 17 4030 4031 4032
9027 2 2 1 17 4005 4014 4855
9028 2 2 1 17 4095 4197 4762
9029 2 2 1 17 4740 338 5006
9030 2 2 1 17 3792 3795 4807
9031 2 2 1 17 4311 4692 4952
9032 2 2 1 17 4349 4139 4721
9033 2 2 1 17 4163 4264 4287
9034 2 2 1 17 4052 4053 4054
9035 2 2 1 17 4126 4125 4229
9036 2 2 1 17 4372 4176 4819
9037 2 2 1 17 4033 4046 4050
9038 2 2 1 17 4314 4823 4888
9039 2 2 1 17 4694 4693 5024
9040 2 2 1 17 4642 4278 4643
9041 2 2 1 17 4231 4229 4364
9042 2 2 1 17 4365 4364 4440
9043 2 2 1 17 3976 3975 4857
9044 2 2 1 17 4161 4315 4402
9045 2 2 1 17 4054 4178 4185
9046 2 2 1 17 4317 4351 4352
9047 2 2 1 17 3991 3992 3994
9048 2 2 1 17 4227 3782 4750
9049 2 2 1 17 4480 4429 4506
9050 2 2 1 17 3873 3874 4852
9051 2 2 1 17 4048 4051 4052
9052 2 2 1 17 4554 4553 5016
9053 2 2 1 17 3736 4690 4826
9054 2 2 1 17 3928 3948 4763
9055 2 2 1 17 4151 3883 4152
9056 2 2 1 17 4216 4576 4764
9057 2 2 1 17 4680 4245 5110
9058 2 2 1 17 4108 4198 4339
9059 2 2 1 17 4513 4563 5053
9060 2 2 1 17 4724 4005 4855
9061 2 2 1 17 3761 4682 4900
9062 2 2 1 17 4325 4517 4518
9063 2 2 1 17 4061 4062 4132
9064 2 2 1 17 4399 4398 4400
9065 2 2 1 17 3995 4060 4061
9066 2 2 1 17 4037 4506 5131
9067 2 2 1 17 4132 4133 4222
9068 2 2 1 17 4447 4446 4537
9069 2 2 1 17 4272 4271 4380
9070 2 2 1 17 4485 4626 5119
9071 2 2 1 17 4390 4266 4446
9072 2 2 1 17 4218 4217 4265
9073 2 2 1 17 4153 4152 4154
9074 2 2 1 17 4155 4154 4156
9075 2 2 1 17 4157 4156 4217
9076 2 2 1 17 4288 4289 4435
9077 2 2 1 17 4337 4393 4947
9078 2 2 1 17 3862 3865 4851
9079 2 2 1 17 4398 4879 4949
9080 2 2 1 17 4167 4203 4204
9081 2 2 1 17 4164 4165 4534
9082 2 2 1 17 4008 4041 4164
9083 2 2 1 17 4151 4153 4391
9084 2 2 1 17 4270 4269 4271
9085 2 2 1 17 4397 4301 4398
9086 2 2 1 17 4335 3828 4859
9087 2 2 1 17 4195 4134 4833
9088 2 2 1 17 4302 4303 4379
9089 2 2 1 17 4155 4157 4219
9090 2 2 1 17 4218 4266 4389
9091 2 2 1 17 4390 4447 4714
9092 2 2 1 17 372 371 4890
9093 2 2 1 17 4223 4256 4288
9094 2 2 1 17 4170 4169 4819
9095 2 2 1 17 4526 4525 4527
9096 2 2 1 17 4204 4205 4206
9097 2 2 1 17 4668 3729 5003
9098 2 2 1 17 4418 4290 4993
9099 2 2 1 17 4406 4586 5105
9100 2 2 1 17 4709 4710 4927
9101 2 2 1 17 4291 4293 4302
9102 2 2 1 17 4142 4201 4831
9103 2 2 1 17 4320 4423 4424
9104 2 2 1 17 4217 4156 4782
9105 2 2 1 17 4474 4888 4986
9106 2 2 1 17 4126 4231 4262
9107 2 2 1 17 4424 4425 4426
9108 2 2 1 17 4167 4166 4202
9109 2 2 1 17 4006 4004 4007
9110 2 2 1 17 4426 4427 4481
9111 2 2 1 17 3776 4703 4968
9112 2 2 1 17 4205 4203 4228
9113 2 2 1 17 4268 4207 4269
9114 2 2 1 17 4206 4207 4267
9115 2 2 1 17 4165 4041 4166
9116 2 2 1 17 4270 4272 4300
9117 2 2 1 17 3775 3780 5013
9118 2 2 1 17 4267 4268 4454
9119 2 2 1 17 4008 4007 4040
9120 2 2 1 17 4376 4439 4478
9121 2 2 1 17 4033 4050 4837
9122 2 2 1 17 3846 3850 4854
9123 2 2 1 17 4108 3977 4129
9124 2 2 1 17 4499 4388 4833
9125 2 2 1 17 4034 3978 4168
9126 2 2 1 17 4096 4022 4840
9127 2 2 1 17 4699 4700 4961
9128 2 2 1 17 3964 3944 4839
9129 2 2 1 17 3785 4248 4877
9130 2 2 1 17 4130 4131 4821
9131 2 2 1 17 4856 4421 4948
9132 2 2 1 17 3879 3881 4836
9133 2 2 1 17 4215 4116 4842
9134 2 2 1 17 4161 3949 4314
9135 2 2 1 17 4537 3723 5030
9136 2 2 1 17 4300 4301 4396
9137 2 2 1 17 4198 4129 4275
9138 2 2 1 17 4455 4171 4456
9139 2 2 1 17 4397 4399 4501
9140 2 2 1 17 4443 4384 4502
9141 2 2 1 17 4457 4356 4458
9142 2 2 1 17 4119 4714 5044
9143 2 2 1 17 4163 4135 4263
9144 2 2 1 17 4315 4314 4316
9145 2 2 1 17 4317 4316 4350
9146 2 2 1 17 4498 4388 4499
9147 2 2 1 17 4487 3760 4981
9148 2 2 1 17 4586 4429 5105
9149 2 2 1 17 4453 4450 4720
9150 2 2 1 17 3817 3998 4860
9151 2 2 1 17 4437 4264 4734
9152 2 2 1 17 4318 3962 4871
9153 2 2 1 17 4147 4321 4821
9154 2 2 1 17 4381 4430 5001
9155 2 2 1 17 4685 4942 5073
9156 2 2 1 17 4038 4139 4348
9157 2 2 1 17 3830 3833 4859
9158 2 2 1 17 3893 3890 4741
9159 2 2 1 17 4336 4192 4371
9160 2 2 1 17 3941 3935 4802
9161 2 2 1 17 3995 3992 4059
9162 2 2 1 17 4289 4256 4290
9163 2 2 1 17 3949 3950 4823
9164 2 2 1 17 347 3778 4769
9165 2 2 1 17 4223 4133 4255
9166 2 2 1 17 4303 4293 4319
9167 2 2 1 17 4291 4290 4292
9168 2 2 1 17 4114 4112 4311
9169 2 2 1 17 4467 4465 4470
9170 2 2 1 17 3878 3997 4024
9171 2 2 1 17 4560 4260 4715
9172 2 2 1 17 4060 4059 4179
9173 2 2 1 17 3995 4061 4845
9174 2 2 1 17 3870 3858 4925
9175 2 2 1 17 4425 4423 4444
9176 2 2 1 17 4320 4319 4422
9177 2 2 1 17 4562 4780 4945
9178 2 2 1 17 3860 3862 4851
9179 2 2 1 17 4220 4176 4372
9180 2 2 1 17 4382 4345 4417
9181 2 2 1 17 4257 4224 4416
9182 2 2 1 17 4433 4431 4434
9183 2 2 1 17 4416 4224 4840
9184 2 2 1 17 4466 5040 5113
9185 2 2 1 17 4169 4100 4171
9186 2 2 1 17 4178 4053 4277
9187 2 2 1 17 3897 3895 4055
9188 2 2 1 17 4404 4545 4978
9189 2 2 1 17 412 411 4899
9190 2 2 1 17 4133 4062 4828
9191 2 2 1 17 3901 3899 3925
9192 2 2 1 17 4593 4804 4805
9193 2 2 1 17 4512 4515 4818
9194 2 2 1 17 4158 4738 4811
9195 2 2 1 17 4246 4429 4480
9196 2 2 1 17 4033 4031 4045
9197 2 2 1 17 3937 3946 4864
9198 2 2 1 17 3760 276 4981
9199 2 2 1 17 4027 3951 4028
9200 2 2 1 17 3907 3905 3908
9201 2 2 1 17 3865 3883 4151
9202 2 2 1 17 4147 4180 4321
9203 2 2 1 17 4048 4047 4049
9204 2 2 1 17 4051 4049 4120
9205 2 2 1 17 4046 4045 4047
9206 2 2 1 17 4192 4193 4829
9207 2 2 1 17 4326 4590 5058
9208 2 2 1 17 4376 4478 4831
9209 2 2 1 17 4325 4277 4442
9210 2 2 1 17 3751 348 4769
9211 2 2 1 17 4199 4137 4329
9212 2 2 1 17 3916 3912 3917
9213 2 2 1 17 3843 3846 4854
9214 2 2 1 17 3850 3852 4160
9215 2 2 1 17 3855 3857 3869
9216 2 2 1 17 330 3755 4856
9217 2 2 1 17 3984 3982 4058
9218 2 2 1 17 4311 4112 4839
9219 2 2 1 17 420 419 4889
9220 2 2 1 17 3988 3986 3990
9221 2 2 1 17 4690 3752 5066
9222 2 2 1 17 4479 3748 5005
9223 2 2 1 17 4634 3738 4673
9224 2 2 1 17 3938 3921 4029
9225 2 2 1 17 4417 4345 4842
9226 2 2 1 17 4190 4044 4358
9227 2 2 1 17 4282 4185 4283
9228 2 2 1 17 4310 4525 4526
9229 2 2 1 17 349 3751 4768
9230 2 2 1 17 4002 4004 4006
9231 2 2 1 17 4415 4222 4801
9232 2 2 1 17 3828 3830 4859
9233 2 2 1 17 4872 4758 4979
9234 2 2 1 17 3814 3817 4860
9235 2 2 1 17 4129 3977 4812
9236 2 2 1 17 3998 4000 4324
9237 2 2 1 17 3955 3957 4025
9238 2 2 1 17 3959 3977 4108
9239 2 2 1 17 4876 4204 4959
9240 2 2 1 17 4275 4308 4532
9241 2 2 1 17 3955 4025 4823
9242 2 2 1 17 3833 3978 4034
9243 2 2 1 17 3946 3949 4161
9244 2 2 1 17 4023 4070 4871
9245 2 2 1 17 3932 3937 4864
9246 2 2 1 17 4763 3948 5116
9247 2 2 1 17 4169 4299 4819
9248 2 2 1 17 5015 3763 5124
9249 2 2 1 17 4202 4332 4808
9250 2 2 1 17 4038 4348 4836
9251 2 2 1 17 4014 4017 4855
9252 2 2 1 17 4422 4319 4898
9253 2 2 1 17 4274 4384 4443
9254 2 2 1 17 4092 4135 4163
9255 2 2 1 17 4086 4088 4117
9256 2 2 1 17 355 3732 4772
9257 2 2 1 17 4242 4244 4245
9258 2 2 1 17 4211 4213 4330
9259 2 2 1 17 4082 4084 4194
9260 2 2 1 17 3763 356 4772
9261 2 2 1 17 4078 4080 4122
9262 2 2 1 17 4024 4125 4126
9263 2 2 1 17 3733 274 4827
9264 2 2 1 17 4040 4144 4809
9265 2 2 1 17 3780 423 4770
9266 2 2 1 17 3783 3785 4877
9267 2 2 1 17 4074 4076 4191
9268 2 2 1 17 4070 4072 4128
9269 2 2 1 17 4179 4356 4457
9270 2 2 1 17 4126 4229 4231
9271 2 2 1 17 4231 4364 4365
9272 2 2 1 17 4365 4440 4486
9273 2 2 1 17 4211 4330 4829
9274 2 2 1 17 359 3728 4774
9275 2 2 1 17 3764 360 4774
9276 2 2 1 17 4327 4809 4892
9277 2 2 1 17 3962 4023 4871
9278 2 2 1 17 361 3764 4775
9279 2 2 1 17 4299 4171 4455
9280 2 2 1 17 3720 362 4775
9281 2 2 1 17 4707 3875 4853
9282 2 2 1 17 363 3720 4776
9283 2 2 1 17 3765 364 4776
9284 2 2 1 17 4120 4192 4336
9285 2 2 1 17 4151 4152 4153
9286 2 2 1 17 4390 4446 4447
9287 2 2 1 17 3729 290 5003
9288 2 2 1 17 4218 4265 4266
9289 2 2 1 17 3859 3856 4957
9290 2 2 1 17 368 3719 4779
9291 2 2 1 17 3766 369 4779
9292 2 2 1 17 4153 4154 4155
9293 2 2 1 17 4157 4217 4218
9294 2 2 1 17 4589 4227 4750
9295 2 2 1 17 4155 4156 4157
9296 2 2 1 17 4389 4266 4390
9297 2 2 1 17 3719 367 4777
9298 2 2 1 17 4322 4618 5117
9299 2 2 1 17 4352 4351 4756
9300 2 2 1 17 4339 4198 4361
9301 2 2 1 17 4287 4264 4437
9302 2 2 1 17 3748 268 5005
9303 2 2 1 17 3740 375 4780
9304 2 2 1 17 4270 4271 4272
9305 2 2 1 17 4167 4202 4203
9306 2 2 1 17 3991 3990 3992
9307 2 2 1 17 4204 4203 4205
9308 2 2 1 17 4366 4329 4367
9309 2 2 1 17 384 3767 4783
9310 2 2 1 17 4164 4041 4165
9311 2 2 1 17 3741 381 4786
9312 2 2 1 17 3713 9 4783
9313 2 2 1 17 4248 4278 4642
9314 2 2 1 17 4874 4219 4875
9315 2 2 1 17 379 3714 4781
9316 2 2 1 17 4441 4346 4916
9317 2 2 1 17 4165 4166 4167
9318 2 2 1 17 4356 4360 4933
9319 2 2 1 17 4531 4704 5067
9320 2 2 1 17 4168 4306 4810
9321 2 2 1 17 4268 4269 4270
9322 2 2 1 17 4399 4400 4401
9323 2 2 1 17 380 4781 4786
9324 2 2 1 17 4030 4029 4031
9325 2 2 1 17 385 3713 4784
9326 2 2 1 17 4583 4822 5126
9327 2 2 1 17 4384 4383 4830
9328 2 2 1 17 4008 4040 4041
9329 2 2 1 17 3994 3992 3995
9330 2 2 1 17 4006 4007 4008
9331 2 2 1 17 4397 4398 4399
9332 2 2 1 17 4545 4546 4987
9333 2 2 1 17 4052 4051 4053
9334 2 2 1 17 4032 4031 4033
9335 2 2 1 17 4054 4053 4178
9336 2 2 1 17 4034 4168 4186
9337 2 2 1 17 4108 4129 4198
9338 2 2 1 17 4061 4060 4062
9339 2 2 1 17 4206 4205 4207
9340 2 2 1 17 386 4784 4787
9341 2 2 1 17 4704 3735 5067
9342 2 2 1 17 422 3747 4770
9343 2 2 1 17 3742 387 4787
9344 2 2 1 17 4161 4314 4315
9345 2 2 1 17 4132 4062 4133
9346 2 2 1 17 4757 4428 5087
9347 2 2 1 17 4300 4272 4301
9348 2 2 1 17 4315 4316 4317
9349 2 2 1 17 4222 4133 4223
9350 2 2 1 17 4317 4350 4351
9351 2 2 1 17 4267 4207 4268
9352 2 2 1 17 4616 4615 4965
9353 2 2 1 17 4288 4256 4289
9354 2 2 1 17 4163 4263 4264
9355 2 2 1 17 4302 4293 4303
9356 2 2 1 17 4806 5044 5071
9357 2 2 1 17 4396 4301 4397
9358 2 2 1 17 4350 4621 4813
9359 2 2 1 17 390 3768 4789
9360 2 2 1 17 3759 280 5039
9361 2 2 1 17 3712 391 4789
9362 2 2 1 17 3865 4151 4851
9363 2 2 1 17 3762 4500 5027
9364 2 2 1 17 4424 4423 4425
9365 2 2 1 17 3743 394 4794
9366 2 2 1 17 3995 4059 4060
9367 2 2 1 17 415 3726 4790
9368 2 2 1 17 3726 414 4793
9369 2 2 1 17 3770 416 4790
9370 2 2 1 17 413 3769 4793
9371 2 2 1 17 4451 4452 4995
9372 2 2 1 17 417 3770 4792
9373 2 2 1 17 3766 4779 5052
9374 2 2 1 17 4067 4119 5044
9375 2 2 1 17 3735 418 4792
9376 2 2 1 17 395 3743 4795
9377 2 2 1 17 4426 4425 4427
9378 2 2 1 17 4046 4047 4048
9379 2 2 1 17 4289 4290 4291
9380 2 2 1 17 4033 4045 4046
9381 2 2 1 17 4292 4492 4815
9382 2 2 1 17 4048 4049 4051
9383 2 2 1 17 3772 396 4795
9384 2 2 1 17 4223 4255 4256
9385 2 2 1 17 4291 4292 4293
9386 2 2 1 17 4481 4427 4745
9387 2 2 1 17 4303 4319 4320
9388 2 2 1 17 397 3772 4796
9389 2 2 1 17 3886 3841 4924
9390 2 2 1 17 4178 4277 4325
9391 2 2 1 17 3715 398 4796
9392 2 2 1 17 4320 4422 4423
9393 2 2 1 17 4325 4442 4517
9394 2 2 1 17 4223 4288 4801
9395 2 2 1 17 4565 4409 4941
9396 2 2 1 17 4703 4702 4968
9397 2 2 1 17 8 310 5033
9398 2 2 1 17 3850 4160 4854
9399 2 2 1 17 4263 4412 4816
9400 2 2 1 17 343 3775 4869
9401 2 2 1 17 393 392 4895
9402 2 2 1 17 3875 3861 4853
9403 2 2 1 17 4255 4133 4828
9404 2 2 1 17 3903 3901 4832
9405 2 2 1 17 4804 4595 4980
9406 2 2 1 17 4344 4381 4905
9407 2 2 1 17 4543 5084 5134
9408 2 2 1 17 4735 4619 4923
9409 2 2 1 17 4559 4481 5000
9410 2 2 1 17 4061 4132 4938
9411 2 2 1 17 4560 4715 5055
9412 2 2 1 17 4314 3949 4823
9413 2 2 1 17 3948 3930 4934
9414 2 2 1 17 4838 4097 5118
9415 2 2 1 17 4609 4725 5014
9416 2 2 1 17 4530 4531 5067
9417 2 2 1 17 4500 4499 4897
9418 2 2 1 17 4503 4924 5011
9419 2 2 1 17 4323 4541 4950
9420 2 2 1 17 4359 4358 4886
9421 2 2 1 17 3851 3854 5051
9422 2 2 1 17 4527 4853 4957
9423 2 2 1 17 3765 4659 5078
9424 2 2 1 17 4782 4158 4963
9425 2 2 1 17 3998 4324 4860
9426 2 2 1 17 4248 4642 4877
9427 2 2 1 17 4103 4637 4976
9428 2 2 1 17 4371 4192 4829
9429 2 2 1 17 4228 4203 4808
9430 2 2 1 17 302 7 5037
9431 2 2 1 17 3833 4034 4859
9432 2 2 1 17 4343 4490 4904
9433 2 2 1 17 339 3745 5006
9434 2 2 1 17 4166 4041 4809
9435 2 2 1 17 4776 3720 4820
9436 2 2 1 17 4394 4485 4910
9437 2 2 1 17 4568 4565 4941
9438 2 2 1 17 3946 4161 4864
9439 2 2 1 17 4645 4787 5069
9440 2 2 1 17 4429 4247 5105
9441 2 2 1 17 4108 4339 4858
9442 2 2 1 17 3725 4698 5111
9443 2 2 1 17 419 3735 4889
9444 2 2 1 17 4180 4246 4841
9445 2 2 1 17 4299 4652 5043
9446 2 2 1 17 4615 4436 5002
9447 2 2 1 17 4923 4103 4976
9448 2 2 1 17 4048 4052 4873
9449 2 2 1 17 4373 4483 4974
9450 2 2 1 17 3787 3788 4913
9451 2 2 1 17 4317 4352 4872
9452 2 2 1 17 3874 3878 4852
9453 2 2 1 17 4203 4202 4808
9454 2 2 1 17 3852 3855 4849
9455 2 2 1 17 4431 4382 4838
9456 2 2 1 17 4778 3990 4891
9457 2 2 1 17 4601 4754 4835
9458 2 2 1 17 3895 3893 4843
9459 2 2 1 17 4222 4223 4801
9460 2 2 1 17 3899 3897 4844
9461 2 2 1 17 4645 4644 4917
9462 2 2 1 17 3905 3903 4847
9463 2 2 1 17 4041 4040 4809
9464 2 2 1 17 4070 4128 4871
9465 2 2 1 17 4137 4032 4837
9466 2 2 1 17 4044 3994 4845
9467 2 2 1 17 3951 3941 4846
9468 2 2 1 17 4683 4279 4994
9469 2 2 1 17 4325 4518 4884
9470 2 2 1 17 4100 3976 4857
9471 2 2 1 17 4734 4264 4816
9472 2 2 1 17 3986 3984 4891
9473 2 2 1 17 4797 4029 4893
9474 2 2 1 17 4572 4420 4927
9475 2 2 1 17 4729 3747 4951
9476 2 2 1 17 4613 4645 4921
9477 2 2 1 17 4319 4293 4815
9478 2 2 1 17 4380 4271 4942
9479 2 2 1 17 4167 4204 4876
9480 2 2 1 17 4186 4168 4810
9481 2 2 1 17 4353 4550 4920
9482 2 2 1 17 341 3762 5027
9483 2 2 1 17 4794 393 4895
9484 2 2 1 17 4644 4577 5103
9485 2 2 1 17 4398 4301 4879
9486 2 2 1 17 392 3712 4895
9487 2 2 1 17 4155 4219 4874
9488 2 2 1 17 4144 4261 4892
9489 2 2 1 17 4569 4567 4985
9490 2 2 1 17 4161 4402 4864
9491 2 2 1 17 4291 4302 4885
9492 2 2 1 17 4410 4881 5088
9493 2 2 1 17 3921 3916 4893
9494 2 2 1 17 4322 4311 4952
9495 2 2 1 17 4351 4350 4813
9496 2 2 1 17 4964 4912 4977
9497 2 2 1 17 3839 3844 4863
9498 2 2 1 17 4880 4300 5022
9499 2 2 1 17 4672 4806 5071
9500 2 2 1 17 3957 3959 4858
9501 2 2 1 17 3980 4733 4901
9502 2 2 1 17 4833 4226 4897
9503 2 2 1 17 4270 4300 4880
9504 2 2 1 17 4269 4207 4881
9505 2 2 1 17 4151 4391 4851
9506 2 2 1 17 4264 4263 4816
9507 2 2 1 17 4244 4274 4861
9508 2 2 1 17 4163 4287 4908
9509 2 2 1 17 4293 4292 4815
9510 2 2 1 17 4316 4314 4888
9511 2 2 1 17 3847 4824 4825
9512 2 2 1 17 4213 4242 4862
9513 2 2 1 17 3727 4688 4887
9514 2 2 1 17 4050 4046 4873
9515 2 2 1 17 4380 4573 5010
9516 2 2 1 17 4402 4315 4872
9517 2 2 1 17 344 1 4997
9518 2 2 1 17 4032 4033 4837
9519 2 2 1 17 4415 4801 4848
9520 2 2 1 17 4456 4171 4857
9521 2 2 1 17 3994 3995 4845
9522 2 2 1 17 4084 4086 4866
9523 2 2 1 17 4526 4527 4894
9524 2 2 1 17 3791 4807 5082
9525 2 2 1 17 4632 4633 4918
9526 2 2 1 17 3825 4502 5135
9527 2 2 1 17 4080 4082 4867
9528 2 2 1 17 4955 3793 5018
9529 2 2 1 17 4488 4782 4963
9530 2 2 1 17 4076 4078 4868
9531 2 2 1 17 4072 4074 4870
9532 2 2 1 17 4496 4494 5089
9533 2 2 1 17 4391 4153 4874
9534 2 2 1 17 4691 4400 4949
9535 2 2 1 17 4272 4380 4879
9536 2 2 1 17 4534 4165 4876
9537 2 2 1 17 4283 4185 4884
9538 2 2 1 17 3716 372 4890
9539 2 2 1 17 3901 3925 4832
9540 2 2 1 17 1 424 4997
9541 2 2 1 17 4822 4584 5026
9542 2 2 1 17 4828 4062 4882
9543 2 2 1 17 4185 4178 4884
9544 2 2 1 17 4806 4150 5044
9545 2 2 1 17 4110 4549 4932
9546 2 2 1 17 4090 4092 4908
9547 2 2 1 17 4275 4532 4878
9548 2 2 1 17 4760 3839 4863
9549 2 2 1 17 4190 4359 4961
9550 2 2 1 17 4277 4053 4883
9551 2 2 1 17 4727 4442 5076
9552 2 2 1 17 4959 4378 4989
9553 2 2 1 17 3803 4744 5028
9554 2 2 1 17 4205 4228 4881
9555 2 2 1 17 4435 4289 4885
9556 2 2 1 17 4454 4268 4880
9557 2 2 1 17 4246 4480 4841
9558 2 2 1 17 4321 4180 4841
9559 2 2 1 17 4198 4275 4878
9560 2 2 1 17 4382 4417 4838
9561 2 2 1 17 3855 3869 4849
9562 2 2 1 17 4160 3852 4849
9563 2 2 1 17 3732 354 4926
9564 2 2 1 17 4434 4431 4838
9565 2 2 1 17 4320 4424 4929
9566 2 2 1 17 4459 4453 4962
9567 2 2 1 17 3897 4055 4844
9568 2 2 1 17 4814 3797 4898
9569 2 2 1 17 4385 4794 4895
9570 2 2 1 17 399 3715 4919
9571 2 2 1 17 5030 4672 5071
9572 2 2 1 17 3878 4024 4852
9573 2 2 1 17 4055 3895 4843
9574 2 2 1 17 4442 4277 5076
9575 2 2 1 17 3925 3899 4844
9576 2 2 1 17 4332 4668 4900
9577 2 2 1 17 4428 4505 5087
9578 2 2 1 17 3758 4665 4947
9579 2 2 1 17 4179 4457 4882
9580 2 2 1 17 3908 3905 4847
9581 2 2 1 17 4364 4229 5007
9582 2 2 1 17 5047 4897 5114
9583 2 2 1 17 4499 4833 4897
9584 2 2 1 17 4329 4137 4837
9585 2 2 1 17 3860 4851 4925
9586 2 2 1 17 5016 4553 5072
9587 2 2 1 17 3984 4058 4891
9588 2 2 1 17 3893 4741 4843
9589 2 2 1 17 4358 4044 4845
9590 2 2 1 17 4768 4570 4990
9591 2 2 1 17 4028 3951 4846
9592 2 2 1 17 4377 4964 4977
9593 2 2 1 17 4834 4090 4908
9594 2 2 1 17 4120 4336 4883
9595 2 2 1 17 4728 3725 5111
9596 2 2 1 17 3990 3986 4891
9597 2 2 1 17 4308 4310 4902
9598 2 2 1 17 5009 4918 5074
9599 2 2 1 17 4060 4179 4882
9600 2 2 1 17 3941 4802 4846
9601 2 2 1 17 3916 3917 4893
9602 2 2 1 17 4652 4996 5043
9603 2 2 1 17 4697 4445 4991
9604 2 2 1 17 4171 4100 4857
9605 2 2 1 17 7 303 5037
9606 2 2 1 17 4809 4144 4892
9607 2 2 1 17 4472 4656 5061
9608 2 2 1 17 3959 4108 4858
9609 2 2 1 17 309 8 5033
9610 2 2 1 17 4051 4120 4883
9611 2 2 1 17 4025 3957 4858
9612 2 2 1 17 4029 3921 4893
9613 2 2 1 17 4813 4557 4937
9614 2 2 1 17 400 399 4919
9615 2 2 1 17 4426 4559 4911
9616 2 2 1 17 4081 5023 5077
9617 2 2 1 17 4696 3777 5037
9618 2 2 1 17 4963 4811 5102
9619 2 2 1 17 4274 4443 4861
9620 2 2 1 17 3735 4792 5067
9621 2 2 1 17 4086 4117 4866
9622 2 2 1 17 4242 4245 4862
9623 2 2 1 17 4245 4244 4861
9624 2 2 1 17 4226 4723 5114
9625 2 2 1 17 4261 4665 4903
9626 2 2 1 17 4082 4194 4867
9627 2 2 1 17 4614 5015 5124
9628 2 2 1 17 4126 4262 4944
9629 2 2 1 17 4712 3730 4916
9630 2 2 1 17 4330 4213 4862
9631 2 2 1 17 4194 4084 4866
9632 2 2 1 17 4078 4122 4868
9633 2 2 1 17 404 403 5021
9634 2 2 1 17 4122 4080 4867
9635 2 2 1 17 3903 4832 4847
9636 2 2 1 17 373 3716 4945
9637 2 2 1 17 4074 4191 4870
9638 2 2 1 17 3733 4827 5034
9639 2 2 1 17 4153 4155 4874
9640 2 2 1 17 4191 4076 4868
9641 2 2 1 17 4780 374 4945
9642 2 2 1 17 4000 4002 4907
9643 2 2 1 17 4315 4317 4872
9644 2 2 1 17 4808 4332 4900
9645 2 2 1 17 4128 4072 4870
9646 2 2 1 17 4586 4406 5056
9647 2 2 1 17 4612 4115 4969
9648 2 2 1 17 4349 4674 5042
9649 2 2 1 17 4165 4167 4876
9650 2 2 1 17 3724 4711 4930
9651 2 2 1 17 4310 4526 4902
9652 2 2 1 17 4532 4308 4902
9653 2 2 1 17 4114 4322 5117
9654 2 2 1 17 4046 4048 4873
9655 2 2 1 17 4361 4198 4878
9656 2 2 1 17 3769 412 4899
9657 2 2 1 17 4301 4272 4879
9658 2 2 1 17 4268 4270 4880
9659 2 2 1 17 4377 4375 4915
9660 2 2 1 17 3932 4864 4934
9661 2 2 1 17 4245 4861 5110
9662 2 2 1 17 4479 4918 5009
9663 2 2 1 17 4207 4205 4881
9664 2 2 1 17 4002 4006 4907
9665 2 2 1 17 4473 4342 4922
9666 2 2 1 17 3747 421 4951
9667 2 2 1 17 4324 4000 4907
9668 2 2 1 17 4018 4109 5049
9669 2 2 1 17 4967 4407 4988
9670 2 2 1 17 4218 4389 4966
9671 2 2 1 17 4765 3771 5036
9672 2 2 1 17 4062 4060 4882
9673 2 2 1 17 3982 3980 4901
9674 2 2 1 17 4178 4325 4884
9675 2 2 1 17 4053 4051 4883
9676 2 2 1 17 4289 4291 4885
9677 2 2 1 17 4058 3982 4901
9678 2 2 1 17 4369 4495 4923
9679 2 2 1 17 3773 4642 5064
9680 2 2 1 17 4621 4474 5099
9681 2 2 1 17 3744 4620 5113
9682 2 2 1 17 4687 4854 4943
9683 2 2 1 17 4980 4595 5081
9684 2 2 1 17 4379 4303 4929
9685 2 2 1 17 3719 4777 5053
9686 2 2 1 17 4341 4312 4914
9687 2 2 1 17 354 353 4926
9688 2 2 1 17 4208 4961 5108
9689 2 2 1 17 4378 4267 5106
9690 2 2 1 17 4659 4777 5078
9691 2 2 1 17 3742 4716 5094
9692 2 2 1 17 3858 3860 4925
9693 2 2 1 17 284 285 4946
9694 2 2 1 17 4716 3768 5094
9695 2 2 1 17 4856 3755 5063
9696 2 2 1 17 4256 4255 4993
9697 2 2 1 17 4666 4444 5130
9698 2 2 1 17 382 3741 4971
9699 2 2 1 17 3767 383 4971
9700 2 2 1 17 4109 4755 4906
9701 2 2 1 17 352 3739 4982
9702 2 2 1 17 4461 4434 5109
9703 2 2 1 17 350 4768 4990
9704 2 2 1 17 3739 351 4990
9705 2 2 1 17 4422 4898 4955
9706 2 2 1 17 328 329 4948
9707 2 2 1 17 4253 4406 5105
9708 2 2 1 17 4892 4261 4903
9709 2 2 1 17 4279 4257 4994
9710 2 2 1 17 3907 3908 4931
9711 2 2 1 17 4620 4466 5113
9712 2 2 1 17 3743 4794 4905
9713 2 2 1 17 420 4889 4951
9714 2 2 1 17 4436 4530 5121
9715 2 2 1 17 4503 4830 4924
9716 2 2 1 17 4851 4391 4925
9717 2 2 1 17 4941 4409 4967
9718 2 2 1 17 4474 4986 5099
9719 2 2 1 17 4826 4379 4929
9720 2 2 1 17 3827 3824 5135
9721 2 2 1 17 4943 4496 5089
9722 2 2 1 17 4755 4773 4906
9723 2 2 1 17 4744 4009 4989
9724 2 2 1 17 4500 4897 5047
9725 2 2 1 17 3930 3932 4934
9726 2 2 1 17 4092 4163 4908
9727 2 2 1 17 4360 4355 4954
9728 2 2 1 17 4844 5097 5134
9729 2 2 1 17 4652 4299 5132
9730 2 2 1 17 357 3763 5015
9731 2 2 1 17 3728 358 5015
9732 2 2 1 17 4609 5014 5065
9733 2 2 1 17 4160 4798 4943
9734 2 2 1 17 3882 4333 5041
9735 2 2 1 17 4220 4372 4953
9736 2 2 1 17 3744 401 4999
9737 2 2 1 17 4335 4859 4935
9738 2 2 1 17 4444 4423 5018
9739 2 2 1 17 4370 4341 4928
9740 2 2 1 17 4219 4157 4966
9741 2 2 1 17 405 3717 5008
9742 2 2 1 17 4864 4402 4934
9743 2 2 1 17 4319 4815 4898
9744 2 2 1 17 4749 4852 4944
9745 2 2 1 17 4665 4337 4947
9746 2 2 1 17 4854 4160 4943
9747 2 2 1 17 3751 4769 4915
9748 2 2 1 17 3870 4822 5026
9749 2 2 1 17 4700 4706 5108
9750 2 2 1 17 3975 4669 5019
9751 2 2 1 17 374 373 4945
9752 2 2 1 17 4675 3758 4947
9753 2 2 1 17 4271 4410 4942
9754 2 2 1 17 303 4696 5037
9755 2 2 1 17 4807 4396 5082
9756 2 2 1 17 4827 4440 5034
9757 2 2 1 17 376 3740 5045
9758 2 2 1 17 4472 4469 4932
9759 2 2 1 17 4351 4813 4937
9760 2 2 1 17 3722 4675 5029
9761 2 2 1 17 4387 4414 4958
9762 2 2 1 17 4751 3721 5136
9763 2 2 1 17 3771 4751 5136
9764 2 2 1 17 4773 4664 4906
9765 2 2 1 17 4837 4050 4936
9766 2 2 1 17 4439 4377 4977
9767 2 2 1 17 3771 407 5036
9768 2 2 1 17 4415 4848 4991
9769 2 2 1 17 4389 4390 5137
9770 2 2 1 17 4458 4356 4933
9771 2 2 1 17 4921 4459 4962
9772 2 2 1 17 4922 4370 4970
9773 2 2 1 17 4467 4470 4973
9774 2 2 1 17 5062 3789 5130
9775 2 2 1 17 3737 4691 4949
9776 2 2 1 17 4478 4479 5009
9777 2 2 1 17 4454 4880 5083
9778 2 2 1 17 5044 4714 5071
9779 2 2 1 17 365 3765 5078
9780 2 2 1 17 4653 3799 5083
9781 2 2 1 17 421 420 4951
9782 2 2 1 17 4777 366 5078
9783 2 2 1 17 4845 4061 4938
9784 2 2 1 17 3714 378 5120
9785 2 2 1 17 3736 4826 4911
9786 2 2 1 17 4981 3727 5115
9787 2 2 1 17 4656 4555 5061
9788 2 2 1 17 403 402 5091
9789 2 2 1 17 4109 4910 5049
9790 2 2 1 17 4396 4397 5082
9791 2 2 1 17 3870 4925 4960
9792 2 2 1 17 4245 4680 5096
9793 2 2 1 17 4399 4401 4956
9794 2 2 1 17 4914 3979 4928
9795 2 2 1 17 4689 4716 5103
9796 2 2 1 17 4918 4633 5074
9797 2 2 1 17 3910 3907 4931
9798 2 2 1 17 388 3742 5094
9799 2 2 1 17 4956 4401 5012
9800 2 2 1 17 4669 4524 5048
9801 2 2 1 17 3797 3794 4955
9802 2 2 1 17 3857 3870 5026
9803 2 2 1 17 3768 389 5094
9804 2 2 1 17 4011 3886 4924
9805 2 2 1 17 3721 409 5136
9806 2 2 1 17 408 3771 5136
9807 2 2 1 17 3737 4949 5010
9808 2 2 1 17 4723 4523 5114
9809 2 2 1 17 3723 4672 5030
9810 2 2 1 17 4555 4766 5061
9811 2 2 1 17 5001 4430 5079
9812 2 2 1 17 3775 344 4997
9813 2 2 1 17 4848 3753 4991
9814 2 2 1 17 4309 4276 5060
9815 2 2 1 17 4687 4943 5089
9816 2 2 1 17 4369 4923 4976
9817 2 2 1 17 4859 4034 4935
9818 2 2 1 17 4830 4011 4924
9819 2 2 1 17 4852 4024 4944
9820 2 2 1 17 4400 4398 4949
9821 2 2 1 17 4329 4837 4936
9822 2 2 1 17 4341 4914 4928
9823 2 2 1 17 4358 4845 4938
9824 2 2 1 17 4930 4711 5055
9825 2 2 1 17 4817 3757 5098
9826 2 2 1 17 4303 4320 4929
9827 2 2 1 17 3776 309 5033
9828 2 2 1 17 5011 3827 5046
9829 2 2 1 17 4208 4190 4961
9830 2 2 1 17 4128 4804 4980
9831 2 2 1 17 4659 3765 5095
9832 2 2 1 17 3732 4941 4967
9833 2 2 1 17 4408 4658 5056
9834 2 2 1 17 4926 4568 4941
9835 2 2 1 17 4034 4186 4935
9836 2 2 1 17 276 277 4981
9837 2 2 1 17 3917 3912 5020
9838 2 2 1 17 4756 4351 4937
9839 2 2 1 17 3732 4926 4941
9840 2 2 1 17 4367 4329 4936
9841 2 2 1 17 4768 3751 4939
9842 2 2 1 17 4119 4189 4998
9843 2 2 1 17 3948 4934 4979
9844 2 2 1 17 4703 3776 5033
9845 2 2 1 17 4811 4262 5102
9846 2 2 1 17 4898 3797 4955
9847 2 2 1 17 4444 5018 5062
9848 2 2 1 17 3960 4631 4996
9849 2 2 1 17 4935 4624 5100
9850 2 2 1 17 4661 3722 5029
9851 2 2 1 17 4336 4727 5076
9852 2 2 1 17 4483 4931 4974
9853 2 2 1 17 4312 4220 4953
9854 2 2 1 17 4618 4764 4972
9855 2 2 1 17 313 314 5000
9856 2 2 1 17 4789 4578 5085
9857 2 2 1 17 4024 4126 4944
9858 2 2 1 17 4914 4312 4953
9859 2 2 1 17 4886 4358 4938
9860 2 2 1 17 4159 4962 5017
9861 2 2 1 17 4452 4459 5004
9862 2 2 1 17 4746 3734 5073
9863 2 2 1 17 4404 4978 4983
9864 2 2 1 17 338 339 5006
9865 2 2 1 17 4590 4974 5058
9866 2 2 1 17 4493 3996 5075
9867 2 2 1 17 4524 4309 5048
9868 2 2 1 17 4471 4472 4975
9869 2 2 1 17 4992 4145 5090
9870 2 2 1 17 3749 4896 5059
9871 2 2 1 17 4262 4231 5102
9872 2 2 1 17 4239 4354 4970
9873 2 2 1 17 400 4919 4999
9874 2 2 1 17 4926 353 4982
9875 2 2 1 17 3751 4915 4939
9876 2 2 1 17 3753 4697 4991
9877 2 2 1 17 4204 4206 4959
9878 2 2 1 17 290 291 5003
9879 2 2 1 17 383 382 4971
9880 2 2 1 17 4501 4399 4956
9881 2 2 1 17 3824 3825 5135
9882 2 2 1 17 268 269 5005
9883 2 2 1 17 4438 4543 5134
9884 2 2 1 17 4746 4410 5088
9885 2 2 1 17 4042 4043 5107
9886 2 2 1 17 4953 4372 4996
9887 2 2 1 17 4573 3737 5010
9888 2 2 1 17 4875 4219 5126
9889 2 2 1 17 4716 4917 5103
9890 2 2 1 17 4874 4875 4960
9891 2 2 1 17 4901 4800 5093
9892 2 2 1 17 4563 4413 5054
9893 2 2 1 17 4831 4478 5009
9894 2 2 1 17 3740 4780 4950
9895 2 2 1 17 4776 4820 5038
9896 2 2 1 17 4321 4676 5104
9897 2 2 1 17 3778 4912 4964
9898 2 2 1 17 4097 4558 5118
9899 2 2 1 17 4422 4955 5018
9900 2 2 1 17 4998 4389 5137
9901 2 2 1 17 4079 4110 5023
9902 2 2 1 17 4667 4028 5123
9903 2 2 1 17 5028 4378 5106
9904 2 2 1 17 4663 4664 5098
9905 2 2 1 17 353 352 4982
9906 2 2 1 17 4585 4583 5126
9907 2 2 1 17 3740 4904 5045
9908 2 2 1 17 4405 4614 5124
9909 2 2 1 17 4820 3720 5050
9910 2 2 1 17 4368 4369 4976
9911 2 2 1 17 4278 4249 5012
9912 2 2 1 17 340 341 5027
9913 2 2 1 17 4440 4364 5034
9914 2 2 1 17 4915 4769 4964
9915 2 2 1 17 4395 4959 4989
9916 2 2 1 17 351 350 4990
9917 2 2 1 17 4902 4526 5051
9918 2 2 1 17 4255 4828 5035
9919 2 2 1 17 4468 4540 5040
9920 2 2 1 17 4693 3731 5024
9921 2 2 1 17 4819 4299 5043
9922 2 2 1 17 3730 4740 5068
9923 2 2 1 17 4283 4726 5127
9924 2 2 1 17 4770 3747 4958
9925 2 2 1 17 4932 4469 4973
9926 2 2 1 17 280 281 5039
9927 2 2 1 17 4055 4718 5097
9928 2 2 1 17 5097 4438 5134
9929 2 2 1 17 4800 4360 5093
9930 2 2 1 17 4157 4218 4966
9931 2 2 1 17 4973 4470 5023
9932 2 2 1 17 4469 4467 4973
9933 2 2 1 17 4702 3750 5031
9934 2 2 1 17 4944 4262 5025
9935 2 2 1 17 401 400 4999
9936 2 2 1 17 4515 4516 4992
9937 2 2 1 17 4589 4750 4968
9938 2 2 1 17 4769 3778 4964
9939 2 2 1 17 4445 4415 4991
9940 2 2 1 17 4184 5009 5074
9941 2 2 1 17 3841 3829 5011
9942 2 2 1 17 4290 4256 4993
9943 2 2 1 17 3880 3877 5133
9944 2 2 1 17 4696 3773 5064
9945 2 2 1 17 4508 5016 5072
9946 2 2 1 17 4158 4811 4963
9947 2 2 1 17 3743 4905 5001
9948 2 2 1 17 406 405 5008
9949 2 2 1 17 4229 4230 5007
9950 2 2 1 17 4894 4527 4957
9951 2 2 1 17 4772 3732 4967
9952 2 2 1 17 4318 4871 4980
9953 2 2 1 17 4764 4576 4972
9954 2 2 1 17 4514 4659 5095
9955 2 2 1 17 5045 4490 5120
9956 2 2 1 17 4429 4586 5131
9957 2 2 1 17 4335 4935 5100
9958 2 2 1 17 4441 4916 5068
9959 2 2 1 17 4904 4490 5045
9960 2 2 1 17 4905 4381 5001
9961 2 2 1 17 3726 4793 4965
9962 2 2 1 17 4184 4831 5009
9963 2 2 1 17 4391 4874 4960
9964 2 2 1 17 358 357 5015
9965 2 2 1 17 265 3774 5138
9966 2 2 1 17 4009 4395 4989
9967 2 2 1 17 3910 4931 5020
9968 2 2 1 17 4539 4862 5096
9969 2 2 1 17 4916 3730 5068
9970 2 2 1 17 4348 4349 5042
9971 2 2 1 17 4888 4025 4986
9972 2 2 1 17 4586 4037 5131
9973 2 2 1 17 4454 4722 5106
9974 2 2 1 17 4577 4689 5103
9975 2 2 1 17 3996 4739 5075
9976 2 2 1 17 4714 4119 5137
9977 2 2 1 17 4654 3749 5059
9978 2 2 1 17 4871 4128 4980
9979 2 2 1 17 4766 4975 5061
9980 2 2 1 17 4915 4375 4939
9981 2 2 1 17 4711 3756 5055
9982 2 2 1 17 4925 4391 4960
9983 2 2 1 17 4722 3803 5028
9984 2 2 1 17 4740 4520 5068
9985 2 2 1 17 3750 4745 5031
9986 2 2 1 17 4249 4956 5012
9987 2 2 1 17 4908 4287 5014
9988 2 2 1 17 4788 4348 5042
9989 2 2 1 17 4568 4926 4982
9990 2 2 1 17 424 3780 4997
9991 2 2 1 17 4354 4922 4970
9992 2 2 1 17 4631 4914 4953
9993 2 2 1 17 4257 4416 4994
9994 2 2 1 17 4771 3712 5085
9995 2 2 1 17 4191 4868 5122
9996 2 2 1 17 5048 4309 5060
9997 2 2 1 17 4986 4339 5099
9998 2 2 1 17 4392 4749 5025
9999 2 2 1 17 4820 4516 5038
10000 2 2 1 17 4774 3728 4983
10001 2 2 1 17 3764 4774 4978
10002 2 2 1 17 4333 4493 5035
10003 2 2 1 17 4393 4661 5029
10004 2 2 1 17 4910 4485 5049
10005 2 2 1 17 4934 4402 4979
10006 2 2 1 17 3763 4772 4988
10007 2 2 1 17 3854 4902 5051
10008 2 2 1 17 4718 4438 5097
10009 2 2 1 17 4629 3733 5034
10010 2 2 1 17 4150 4067 5044
10011 2 2 1 17 4300 4396 5022
10012 2 2 1 17 4456 5048 5060
10013 2 2 1 17 4775 3764 4987
10014 2 2 1 17 5049 4485 5119
10015 2 2 1 17 4917 4644 5103
10016 2 2 1 17 407 406 5036
10017 2 2 1 17 4520 4441 5068
10018 2 2 1 17 4974 3908 5058
10019 2 2 1 17 4931 3908 4974
10020 2 2 1 17 4402 4872 4979
10021 2 2 1 17 4633 4634 5032
10022 2 2 1 17 4783 3767 4995
10023 2 2 1 17 4377 4915 4964
10024 2 2 1 17 5018 3793 5062
10025 2 2 1 17 377 376 5045
10026 2 2 1 17 3912 3910 5020
10027 2 2 1 17 4470 4670 5077
10028 2 2 1 17 4834 4908 5014
10029 2 2 1 17 4772 4967 4988
10030 2 2 1 17 406 5008 5036
10031 2 2 1 17 4749 4944 5025
10032 2 2 1 17 4857 3975 5019
10033 2 2 1 17 3793 3790 5062
10034 2 2 1 17 4631 4953 4996
10035 2 2 1 17 4921 5069 5086
10036 2 2 1 17 4506 4429 5131
10037 2 2 1 17 4017 4018 5049
10038 2 2 1 17 4502 4503 5046
10039 2 2 1 17 4453 4720 5017
10040 2 2 1 17 4720 4042 5107
10041 2 2 1 17 4110 4932 4973
10042 2 2 1 17 4318 4980 5081
10043 2 2 1 17 4508 4751 5016
10044 2 2 1 17 4795 3743 5001
10045 2 2 1 17 3777 302 5037
10046 2 2 1 17 4678 3729 5070
10047 2 2 1 17 5046 3827 5135
10048 2 2 1 17 4790 3726 5002
10049 2 2 1 17 3717 404 5021
10050 2 2 1 17 4753 4318 5081
10051 2 2 1 17 4459 4921 5086
10052 2 2 1 17 4978 4774 4983
10053 2 2 1 17 4858 4339 4986
10054 2 2 1 17 4613 4921 4962
10055 2 2 1 17 310 4703 5033
10056 2 2 1 17 3713 4783 5004
10057 2 2 1 17 4882 4457 4984
10058 2 2 1 17 3764 4978 4987
10059 2 2 1 17 4976 4637 5112
10060 2 2 1 17 4523 5047 5114
10061 2 2 1 17 4721 4184 5074
10062 2 2 1 17 4987 4546 5050
10063 2 2 1 17 3726 4965 5002
10064 2 2 1 17 4846 4606 5123
10065 2 2 1 17 4423 4422 5018
10066 2 2 1 17 4821 4321 5104
10067 2 2 1 17 3869 3857 5026
10068 2 2 1 17 3925 4844 5134
10069 2 2 1 17 4447 4537 5030
10070 2 2 1 17 4868 4639 5122
10071 2 2 1 17 4805 4191 5122
10072 2 2 1 17 4984 4457 5041
10073 2 2 1 17 4828 4882 4984
10074 2 2 1 17 4896 4278 5012
10075 2 2 1 17 4931 4483 5020
10076 2 2 1 17 4025 4858 4986
10077 2 2 1 17 4247 4253 5105
10078 2 2 1 17 4456 4857 5019
10079 2 2 1 17 4360 4954 5093
10080 2 2 1 17 4879 4380 5010
10081 2 2 1 17 4791 4324 5128
10082 2 2 1 17 4127 4636 5087
10083 2 2 1 17 5014 4287 5065
10084 2 2 1 17 4115 4114 5117
10085 2 2 1 17 5019 4669 5048
10086 2 2 1 17 4507 4508 5072
10087 2 2 1 17 366 365 5078
10088 2 2 1 17 4783 4995 5004
10089 2 2 1 17 4812 4652 5132
10090 2 2 1 17 4912 3774 4977
10091 2 2 1 17 4397 4501 5082
10092 2 2 1 17 4850 4368 5112
10093 2 2 1 17 4267 4454 5106
10094 2 2 1 17 3752 4694 5066
10095 2 2 1 17 4457 4458 5041
10096 2 2 1 17 4647 4821 5104
10097 2 2 1 17 4412 4489 5080
10098 2 2 1 17 3755 4709 5063
10099 2 2 1 17 4725 4834 5014
10100 2 2 1 17 3844 4687 5089
10101 2 2 1 17 4390 4714 5137
10102 2 2 1 17 4488 4487 5057
10103 2 2 1 17 4803 4283 5127
10104 2 2 1 17 4515 4992 5090
10105 2 2 1 17 377 5045 5120
10106 2 2 1 17 389 388 5094
10107 2 2 1 17 4194 4866 5092
10108 2 2 1 17 4455 4812 5132
10109 2 2 1 17 4883 4336 5076
10110 2 2 1 17 3765 4776 5038
10111 2 2 1 17 4372 4819 5043
10112 2 2 1 17 4410 4746 5073
10113 2 2 1 17 4406 4408 5056
10114 2 2 1 17 4324 4907 5128
10115 2 2 1 17 4110 4973 5023
10116 2 2 1 17 4775 4987 5050
10117 2 2 1 17 378 377 5120
10118 2 2 1 17 409 408 5136
10119 2 2 1 17 402 3744 5091
10120 2 2 1 17 4866 4641 5092
10121 2 2 1 17 4835 4194 5092
10122 2 2 1 17 4287 4437 5065
10123 2 2 1 17 4455 4456 5060
10124 2 2 1 17 4698 4699 5111
10125 2 2 1 17 3720 4775 5050
10126 2 2 1 17 4058 4901 5093
10127 2 2 1 17 4642 4643 5064
10128 2 2 1 17 4978 4545 4987
10129 2 2 1 17 4028 4846 5123
10130 2 2 1 17 4333 4984 5041
10131 2 2 1 17 4447 5030 5071
10132 2 2 1 17 4995 4452 5004
10133 2 2 1 17 4714 4447 5071
10134 2 2 1 17 4912 3779 5138
10135 2 2 1 17 4726 4208 5108
10136 2 2 1 17 4962 4453 5017
10137 2 2 1 17 4996 4372 5043
10138 2 2 1 17 4965 4615 5002
10139 2 2 1 17 4779 3719 5054
10140 2 2 1 17 4761 4335 5100
10141 2 2 1 17 4795 5001 5079
10142 2 2 1 17 4017 5049 5119
10143 2 2 1 17 4526 4894 5051
10144 2 2 1 17 3713 5004 5086
10145 2 2 1 17 5002 4436 5121
10146 2 2 1 17 4706 4803 5127
10147 2 2 1 17 4818 4515 5090
10148 2 2 1 17 4790 5002 5121
10149 2 2 1 17 4787 4784 5069
10150 2 2 1 17 4339 4361 5099
10151 2 2 1 17 4299 4455 5132
10152 2 2 1 17 4231 4365 5102
10153 2 2 1 17 4484 4903 5070
10154 2 2 1 17 4954 4058 5093
10155 2 2 1 17 4907 4536 5128
10156 2 2 1 17 3908 4847 5058
10157 2 2 1 17 4855 4017 5119
10158 2 2 1 17 4921 4645 5069
10159 2 2 1 17 3772 4795 5079
10160 2 2 1 17 4784 3713 5086
10161 2 2 1 17 4277 4883 5076
10162 2 2 1 17 3712 4789 5085
10163 2 2 1 17 4899 4411 5125
10164 2 2 1 17 3774 4912 5138
10165 2 2 1 17 4909 3769 5125
10166 2 2 1 17 4942 4410 5073
10167 2 2 1 17 5069 4784 5086
10168 2 2 1 17 4881 4228 5088
10169 2 2 1 17 5023 4470 5077
10170 2 2 1 17 5004 4459 5086
10171 2 2 1 17 3770 4790 5121
10172 2 2 1 17 4664 4817 5098
10173 2 2 1 17 4516 4820 5101
10174 2 2 1 17 4503 5011 5046
10175 2 2 1 17 4844 4055 5097
10176 2 2 1 17 4434 4838 5118
10177 2 2 1 17 4862 4245 5096
10178 2 2 1 17 4828 4984 5035
10179 2 2 1 17 4984 4333 5035
10180 2 2 1 17 4456 5019 5048
10181 2 2 1 17 3769 4899 5125
10182 2 2 1 17 4897 4226 5114
10183 2 2 1 17 4444 5062 5130
10184 2 2 1 17 4975 4472 5061
10185 2 2 1 17 4972 4115 5117
10186 2 2 1 17 4487 4981 5115
10187 2 2 1 17 4618 4972 5117
10188 2 2 1 17 4119 4998 5137
10189 2 2 1 17 4992 4516 5101
10190 2 2 1 17 3744 5040 5091
10191 2 2 1 17 4368 4976 5112
10192 2 2 1 17 3763 4988 5124
10193 2 2 1 17 4547 4992 5101
10194 2 2 1 17 5040 4540 5091
10195 2 2 1 17 5040 3744 5113
10196 2 2 1 17 5017 4720 5107
10197 2 2 1 17 3765 5038 5095
10198 2 2 1 17 4722 5028 5106
10199 2 2 1 17 5057 4487 5115
10200 2 2 1 17 4502 5046 5135
$EndElements
